id,gender,masterCategory,subCategory,articleType,baseColour,season,year,usage,productDisplayName,image_file
15970,Men,Apparel,Topwear,Shirts,Navy Blue,Fall,2011.0,Casual,Turtle Check Men Navy Blue Shirt,15970.jpg
39386,Men,Apparel,Bottomwear,Jeans,Blue,Summer,2012.0,Casual,Peter England Men Party Blue Jeans,39386.jpg
21379,Men,Apparel,Bottomwear,Track Pants,Black,Fall,2011.0,Casual,Manchester United Men Solid Black Track Pants,21379.jpg
53759,Men,Apparel,Topwear,Tshirts,Grey,Summer,2012.0,Casual,Puma Men Grey T-shirt,53759.jpg
1855,Men,Apparel,Topwear,Tshirts,Grey,Summer,2011.0,Casual,Inkfruit Mens Chain Reaction T-shirt,1855.jpg
30805,Men,Apparel,Topwear,Shirts,Green,Summer,2012.0,Ethnic,Fabindia Men Striped Green Shirt,30805.jpg
12369,Men,Apparel,Topwear,Shirts,Purple,Fall,2011.0,Formal,Reid & Taylor Men Check Purple Shirts,12369.jpg
13089,Men,Apparel,Topwear,Sweatshirts,Grey,Fall,2011.0,Sports,ADIDAS Men Lfc Auth Hood Grey Sweatshirts,13089.jpg
7990,Men,Apparel,Topwear,Tshirts,Navy Blue,Fall,2011.0,Sports,Fila Men's Round Neck Navy Blue T-shirt,7990.jpg
37812,Men,Apparel,Topwear,Shirts,Navy Blue,Summer,2012.0,Formal,John Players Men Navy Blue Shirt,37812.jpg
56825,Men,Apparel,Topwear,Shirts,Brown,Summer,2012.0,Casual,John Players Men Brown Shirt,56825.jpg
8580,Men,Apparel,Topwear,Waistcoat,Grey,Fall,2011.0,Casual,Scullers Men  Grey Waistcoat,8580.jpg
18005,Men,Apparel,Bottomwear,Shorts,Black,Summer,2011.0,Sports,Puma Men Long Logo Black Bermuda,18005.jpg
9452,Men,Apparel,Topwear,Shirts,Red,Fall,2011.0,Formal,John Miller Men Stripes White Red Shirts,9452.jpg
5891,Men,Apparel,Topwear,Tshirts,Black,Summer,2011.0,Casual,Puma Men's Stripe Polo Black T-shirt,5891.jpg
10866,Men,Apparel,Topwear,Tshirts,Red,Fall,2011.0,Casual,Wrangler Men Motor Rider Red T-Shirts,10866.jpg
15528,Men,Apparel,Topwear,Tshirts,Black,Fall,2011.0,Casual,Puma Men Scribble Black Tshirts,15528.jpg
54924,Men,Apparel,Bottomwear,Shorts,Blue,Summer,2012.0,Casual,Do U Speak Green Men Blue Shorts,54924.jpg
9660,Men,Apparel,Topwear,Shirts,Pink,Fall,2011.0,Casual,Indigo Nation Men Reversible Bling Pink Shirts,9660.jpg
23876,Men,Apparel,Topwear,Sweatshirts,Blue,Fall,2011.0,Casual,ADIDAS Men Blue Sweatshirt,23876.jpg
18237,Men,Apparel,Topwear,Tshirts,Red,Fall,2011.0,Casual,Manchester United Men Solid Red Tshirt,18237.jpg
13419,Men,Apparel,Topwear,Tshirts,Pink,Summer,2011.0,Casual,United Colors of Benetton Men Solid Pink Polo T-shirts,13419.jpg
5865,Men,Apparel,Topwear,Tshirts,Black,Summer,2011.0,Casual,ADIDAS Men's Twelve Faster T-shirt,5865.jpg
29584,Men,Apparel,Topwear,Tshirts,Black,Summer,2012.0,Casual,Indigo Nation Men Printed Black T-shirt,29584.jpg
9694,Men,Apparel,Topwear,Tshirts,White,Fall,2011.0,Casual,Classic Polo Men Vulcan White Polo Tshirts,9694.jpg
15984,Men,Apparel,Topwear,Shirts,Yellow,Fall,2011.0,Casual,Turtle Check Men Yellow Shirt,15984.jpg
59297,Men,Apparel,Topwear,Shirts,White,Fall,2012.0,Casual,U.S. Polo Assn. Men White & Navy Blue Shirt,59297.jpg
7158,Men,Apparel,Topwear,Shirts,Green,Fall,2011.0,Casual,Scullers Men  Green Check Shirt,7158.jpg
19547,Men,Apparel,Topwear,Sweatshirts,Blue,Fall,2011.0,Casual,United Colors of Benetton Men Solid Blue Sweatshirt,19547.jpg
7964,Men,Apparel,Topwear,Tshirts,Black,Fall,2011.0,Sports,Puma Men's Large Logo Graphic Black T-shirt,7964.jpg
16392,Men,Apparel,Topwear,Shirts,Red,Fall,2011.0,Casual,Levis Men Check Red Shirts,16392.jpg
17240,Men,Apparel,Topwear,Tshirts,Black,Fall,2011.0,Casual,U.S. Polo Assn. Men Stripes Black  Polo Tshirt,17240.jpg
6617,Men,Apparel,Topwear,Shirts,Black,Summer,2011.0,Casual,Spykar Men Black and white Check Shirt,6617.jpg
10065,Men,Apparel,Topwear,Tshirts,Yellow,Fall,2011.0,Casual,Puma Men ducati logo tee Yellow Tshirts,10065.jpg
5092,Men,Apparel,Topwear,Tshirts,Purple,Summer,2011.0,Casual,Wrangler Men's Minstrel Shoulder Loop Purple T-shirt,5092.jpg
10859,Men,Apparel,Topwear,Tshirts,Navy Blue,Fall,2011.0,Casual,Wrangler Men Furious Rides Navy Blue T-Shirts,10859.jpg
10257,Men,Apparel,Bottomwear,Trousers,Black,Fall,2011.0,Formal,John Miller Men Solid Type Black Trousers,10257.jpg
24062,Men,Apparel,Topwear,Tshirts,Navy Blue,Summer,2012.0,Casual,Locomotive Men Navy Blue Printed T-shirt,24062.jpg
22395,Men,Apparel,Topwear,Shirts,Blue,Fall,2011.0,Casual,Mark Taylor Men Striped Blue Shirt,22395.jpg
12500,Men,Apparel,Topwear,Shirts,Black,Fall,2011.0,Casual,United Colors of Benetton Men Short Black Shirts,12500.jpg
30650,Men,Apparel,Topwear,Tshirts,Black,Summer,2012.0,Casual,Nike Men Printed Black T-shirt,30650.jpg
14293,Men,Apparel,Topwear,Tshirts,Blue,Fall,2011.0,Casual,Classic Polo Men Stripes Blue Tshirts,14293.jpg
6041,Men,Apparel,Topwear,Tshirts,Navy Blue,Summer,2011.0,Casual,UCB Men's Polo Neck With Lion Logo Navy Blue T-shirt,6041.jpg
3533,Men,Apparel,Topwear,Tshirts,Navy Blue,Summer,2011.0,Casual,Myntra Men's If You Don't Like Navy Blue T-shirt,3533.jpg
17624,Men,Apparel,Bottomwear,Track Pants,Navy Blue,Fall,2011.0,Sports,ADIDAS Men Solid Navy Blue Track Pant,17624.jpg
26163,Men,Apparel,Bottomwear,Trousers,Grey,Summer,2012.0,Formal,John Miller Men Dark Grey Trousers,26163.jpg
53766,Men,Apparel,Topwear,Tshirts,White,Summer,2012.0,Casual,Puma Men White and Navy Blue T-shirt,53766.jpg
16530,Men,Apparel,Topwear,Shirts,Red,Fall,2011.0,Casual,Locomotive Men Check Red Shirt,16530.jpg
7167,Men,Apparel,Topwear,Shirts,Purple,Fall,2011.0,Casual,Scullers Men Scul Purple White Shirt,7167.jpg
12190,Men,Apparel,Topwear,Shirts,Blue,Fall,2011.0,Casual,Basics Men Blue Slim Fit Checked Shirt,12190.jpg
6287,Men,Apparel,Topwear,Tshirts,Yellow,Summer,2011.0,Casual,Classic Polo Men's Swiss Yellow T-shirt,6287.jpg
7355,Men,Apparel,Topwear,Tshirts,Navy Blue,Fall,2011.0,Casual,Tantra Men's Black Sabbath Navy T-shirt,7355.jpg
43500,Men,Apparel,Topwear,Tshirts,White,Summer,2012.0,Casual,French Connection Men White T-shirt,43500.jpg
11527,Men,Apparel,Topwear,Tshirts,Olive,Fall,2011.0,Casual,United Colors of Benetton Men Olive Tshirts,11527.jpg
15187,Men,Apparel,Topwear,Tshirts,White,Fall,2011.0,Casual,Arrow Sport Men Solid White Polo Tshirts,15187.jpg
14055,Men,Apparel,Topwear,Shirts,Green,Fall,2011.0,Casual,Flying Machine Men Check Green Shirts,14055.jpg
20260,Men,Apparel,Topwear,Tshirts,Navy Blue,Fall,2011.0,Casual,Wrangler Men Applique Navy Blue Tshirt,20260.jpg
8779,Men,Apparel,Topwear,Shirts,Navy Blue,Fall,2011.0,Casual,Indigo Nation Men Club Satin Hot Stepper Navy Blue Shirt,8779.jpg
2243,Men,Apparel,Topwear,Tshirts,White,Fall,2010.0,Sports,ADIDAS Men Stripe Polo White Polo T-shirt,2243.jpg
11143,Men,Apparel,Topwear,Shirts,Black,Fall,2011.0,Casual,Scullers Men Price Catch Black Shirts,11143.jpg
44341,Men,Apparel,Topwear,Tshirts,Blue,Summer,2012.0,Casual,Indian Terrain Men Blue T-shirt,44341.jpg
11371,Men,Apparel,Topwear,Shirts,Black,Fall,2011.0,Casual,United Colors Of Benetton Men Summer Black Shirts,11371.jpg
4386,Men,Apparel,Topwear,Tshirts,Grey,Summer,2011.0,Casual,Wrangler Cowboy Photo T-shirt,4386.jpg
29789,Men,Apparel,Topwear,Tshirts,Pink,Summer,2013.0,Casual,Basics Men Pack of 3 T-shirt,29789.jpg
7503,Men,Apparel,Topwear,Tshirts,Blue,Summer,2011.0,Sports,Nike Men's As Icon Blue T-shirt,7503.jpg
34204,Men,Apparel,Bottomwear,Track Pants,Navy Blue,Fall,2013.0,Casual,Proline Men Navy Track Pants,34204.jpg
13426,Men,Apparel,Topwear,Tshirts,Red,Summer,2011.0,Casual,United Colors of Benetton Men Stripes Red  Polo T-shirts,13426.jpg
13846,Men,Apparel,Topwear,Shirts,Blue,Fall,2011.0,Casual,John Miller Men Stripes Blue Shirts,13846.jpg
16508,Men,Apparel,Bottomwear,Jeans,Blue,Fall,2011.0,Casual,Locomotive Men Washed Blue Jeans,16508.jpg
7963,Men,Apparel,Topwear,Tshirts,White,Fall,2011.0,Sports,Puma Men's Large Logo Graphic White French T-shirt,7963.jpg
15983,Men,Apparel,Topwear,Shirts,Burgundy,Fall,2011.0,Casual,Turtle Solid Men  Burgundy Shirt,15983.jpg
20258,Men,Apparel,Topwear,Tshirts,Brown,Fall,2011.0,Casual,Wrangler Men Polo Charcoal T-shirt,20258.jpg
5862,Men,Apparel,Topwear,Tshirts,Black,Summer,2011.0,Casual,ADIDAS Men's Stripe Black T-shirt,5862.jpg
58726,Men,Apparel,Topwear,Tshirts,Grey,Summer,2012.0,Casual,Puma Men Grey T-shirt,58726.jpg
43960,Men,Apparel,Topwear,Shirts,Grey,Summer,2012.0,Formal,Indigo Nation Men Grey Striped Shirt,43960.jpg
8741,Men,Apparel,Topwear,Shirts,Navy Blue,Fall,2011.0,Casual,Indigo Nation Men Checks Shirt Navy Blue Shirts,8741.jpg
22359,Men,Apparel,Topwear,Shirts,Blue,Summer,2011.0,Casual,John Players Men Check Blue Shirt,22359.jpg
2049,Men,Apparel,Topwear,Tshirts,White,Summer,2010.0,Sports,ADIDAS Men's Slim Fit White T-shirt,2049.jpg
11349,Men,Apparel,Bottomwear,Jeans,Blue,Summer,2017.0,Casual,Lee Men Blue Chicago Fit Jeans,11349.jpg
24892,Men,Apparel,Topwear,Tshirts,Black,Fall,2011.0,Casual,United Colors of Benetton Men Black T-shirt,24892.jpg
38637,Men,Apparel,Topwear,Tshirts,Red,Summer,2012.0,Casual,Nike Men Red Delhi T-shirt,38637.jpg
10861,Men,Apparel,Topwear,Tshirts,White,Fall,2011.0,Casual,Wrangler Men Dirt Riders White T-Shirts,10861.jpg
17278,Men,Apparel,Topwear,Tshirts,Grey,Fall,2011.0,Casual,U.S. Polo Assn. Men Printed  Steeple Grey Tshirt,17278.jpg
31588,Men,Apparel,Topwear,Tshirts,Maroon,Summer,2012.0,Casual,Mark Taylor Men Printed Maroon T-shirt,31588.jpg
18230,Men,Apparel,Topwear,Tshirts,White,Fall,2011.0,Casual,Manchester United Men Printed White Tshirt,18230.jpg
23871,Men,Apparel,Topwear,Tshirts,Grey,Fall,2011.0,Casual,ADIDAS Men Grey Striped T-shirt,23871.jpg
9667,Men,Apparel,Topwear,Shirts,Purple,Fall,2011.0,Casual,Indigo Nation Men Bling Red Black Shirts,9667.jpg
12538,Men,Apparel,Bottomwear,Track Pants,Blue,Fall,2011.0,Casual,Puma Men Solid Blue Track Pants,12538.jpg
8587,Men,Apparel,Topwear,Shirts,Red,Fall,2011.0,Casual,Scullers Men Red Check Shirt,8587.jpg
9455,Men,Apparel,Topwear,Shirts,Red,Fall,2011.0,Formal,John Miller Men Red Striped Shirt,9455.jpg
6079,Men,Apparel,Topwear,Tshirts,Grey,Summer,2011.0,Casual,UCB Men's Johny Collar With Two Tone Grey T-shirt,6079.jpg
29321,Men,Apparel,Topwear,Tshirts,Black,Summer,2012.0,Sports,ADIDAS Men Black Jersey,29321.jpg
56822,Men,Apparel,Bottomwear,Trousers,Beige,Summer,2012.0,Casual,John Players Men Beige Shorts,56822.jpg
39381,Men,Apparel,Bottomwear,Jeans,Black,Summer,2012.0,Casual,Peter England Men Party Black Jeans,39381.jpg
15977,Men,Apparel,Topwear,Shirts,Red,Fall,2011.0,Casual,Turtle Solid Men Red Shirt,15977.jpg
32769,Men,Apparel,Topwear,Tshirts,Blue,Spring,2013.0,Casual,Music Men Printed Blue T-shirt,32769.jpg
10439,Men,Apparel,Topwear,Tshirts,Brown,Fall,2011.0,Casual,Flying Machine Men Walnut Brown Tshirts,10439.jpg
1852,Men,Apparel,Topwear,Tshirts,Blue,Summer,2011.0,Casual,Inkfruit Men Ride It Or Die T-shirt,1852.jpg
30802,Men,Apparel,Topwear,Shirts,Blue,Summer,2012.0,Ethnic,Fabindia Men Blue Shirt,30802.jpg
19786,Men,Apparel,Topwear,Tshirts,Navy Blue,Winter,2016.0,Casual,U.S. Polo Assn. Men Solid Navy Blue Tshirt,19786.jpg
24091,Men,Apparel,Topwear,Tshirts,Navy Blue,Fall,2011.0,Casual,Manchester United Men Navy Blue Striped T-shirt,24091.jpg
4381,Men,Apparel,Topwear,Tshirts,Blue,Summer,2011.0,Casual,Superman Men's Silhouette Light Blue T-shirt,4381.jpg
22366,Men,Apparel,Topwear,Tshirts,White,Fall,2011.0,Casual,Ed Hardy Men New Tiger White T-Shirt,22366.jpg
34203,Men,Apparel,Bottomwear,Track Pants,Charcoal,Winter,2013.0,Casual,Proline Men Charcoal Grey Track Pants,34203.jpg
13421,Men,Apparel,Topwear,Tshirts,Black,Summer,2011.0,Casual,United Colors of Benetton Men Stripes Black Polo T-shirts,13421.jpg
27614,Men,Apparel,Bottomwear,Trousers,Beige,Summer,2012.0,Casual,Scullers Men Beige Trousers,27614.jpg
16361,Men,Apparel,Topwear,Shirts,Maroon,Fall,2011.0,Formal,Peter England Men Stripes Maroon Shirt,16361.jpg
46411,Men,Apparel,Topwear,Sweatshirts,Black,Summer,2012.0,Casual,ADIDAS Men Black Sweatshirt,46411.jpg
31543,Men,Apparel,Topwear,Tshirts,Navy Blue,Summer,2012.0,Casual,Classic Polo Men Striped Navy Blue T-shirt,31543.jpg
11144,Men,Apparel,Topwear,Shirts,Black,Fall,2011.0,Casual,Scullers Men Price Catch Black Shirts,11144.jpg
6280,Men,Apparel,Topwear,Tshirts,Pink,Summer,2011.0,Casual,UCB Men's Making Light Pink T-shirt,6280.jpg
7352,Men,Apparel,Topwear,Tshirts,Purple,Fall,2011.0,Casual,Tantra Men's Whatever Purple T-shirt,7352.jpg
2620,Men,Apparel,Topwear,Tshirts,Blue,Fall,2010.0,Sports,Nike Men's Colors Team India T-shirt,2620.jpg
43507,Men,Apparel,Topwear,Tshirts,Maroon,Summer,2012.0,Casual,French Connection Men Maroon T-shirt,43507.jpg
14052,Men,Apparel,Topwear,Shirts,White,Fall,2011.0,Casual,Flying Machine Men Solid White Shirts,14052.jpg
53795,Men,Apparel,Topwear,Tshirts,Black,Summer,2012.0,Casual,Puma Men Black T-shirt,53795.jpg
11712,Men,Apparel,Topwear,Shirts,Blue,Summer,2011.0,Casual,Lee Men Solid Blue Shirts,11712.jpg
13879,Men,Apparel,Topwear,Shirts,Red,Fall,2011.0,Casual,Scullers Men Check Red Shirts,13879.jpg
12197,Men,Apparel,Topwear,Tshirts,Orange,Summer,2013.0,Casual,Basics Men Orange Polo T-shirt,12197.jpg
17623,Men,Apparel,Bottomwear,Track Pants,Grey,Fall,2011.0,Sports,ADIDAS Men Solid Grey Track Pant,17623.jpg
3706,Men,Apparel,Topwear,Tshirts,Grey,Summer,2011.0,Casual,Classic Polo Men's Grey Red & Brown Stripe T-shirt,3706.jpg
26164,Men,Apparel,Bottomwear,Trousers,Grey,Summer,2012.0,Formal,John Miller Men Striped Grey Trousers,26164.jpg
15174,Men,Apparel,Topwear,Tshirts,Yellow,Fall,2013.0,Casual,Arrow Men Yellow Polo T-shirt,15174.jpg
53761,Men,Apparel,Topwear,Tshirts,Green,Summer,2012.0,Casual,Puma Men Green and Blue T-shirt,53761.jpg
15346,Men,Apparel,Topwear,Tshirts,Black,Fall,2011.0,Casual,Nike Men Special Edition 3 Star Beed Black Tshirts,15346.jpg
14294,Men,Apparel,Topwear,Tshirts,Black,Fall,2011.0,Casual,Classic Polo Men Stripes Black Tshirts,14294.jpg
6046,Men,Apparel,Topwear,Shirts,Green,Summer,2011.0,Casual,UCB Men Logo Chest Green Shirt,6046.jpg
24065,Men,Apparel,Topwear,Shirts,Green,Fall,2011.0,Casual,Locomotive Men Checked Green Shirt,24065.jpg
1607,Men,Apparel,Bottomwear,Track Pants,Blue,Fall,2010.0,Sports,Reebok Men trackpant- male Track Pants,1607.jpg
4375,Men,Apparel,Topwear,Tshirts,Navy Blue,Summer,2011.0,Casual,Marvel Comics Men's Comic Poses Navy T-shirt,4375.jpg
29548,Men,Apparel,Topwear,Tshirts,Navy Blue,Summer,2012.0,Casual,Classic Polo Men Printed Navy Blue T-shirt,29548.jpg
16395,Men,Apparel,Topwear,Shirts,Black,Fall,2011.0,Casual,Levis Men Check Black Shirts,16395.jpg
6610,Men,Apparel,Topwear,Tshirts,White,Summer,2011.0,Casual,Spykar Men's Stinger Basket Ball Team White Blue Stripes T-shirt,6610.jpg
17247,Men,Apparel,Topwear,Tshirts,Blue,Fall,2011.0,Casual,U.S. Polo Assn. Men Stripes Blue Polo Tshirt,17247.jpg
23072,Men,Apparel,Bottomwear,Trousers,Navy Blue,Winter,2014.0,Formal,Arrow Men Navy Blue Solid Trousers,23072.jpg
3362,Men,Apparel,Topwear,Tshirts,Black,Summer,2011.0,Casual,Myntra Men's Creative designs Black T-shirt,3362.jpg
9658,Men,Apparel,Topwear,Shirts,Maroon,Fall,2011.0,Casual,Indigo Nation Men Reversible Bling Maroon Shirt,9658.jpg
38608,Men,Apparel,Topwear,Tshirts,Grey,Summer,2012.0,Casual,Nike Men Grey T-shirt,38608.jpg
10062,Men,Apparel,Topwear,Tshirts,Grey,Fall,2011.0,Casual,Puma Men Puma runhard tee Grey Tshirts,10062.jpg
5095,Men,Apparel,Topwear,Tshirts,Blue,Summer,2011.0,Casual,Wrangler Men's Greensboro Raw Edge Blue T-shirt,5095.jpg
21725,Men,Apparel,Topwear,Sweatshirts,Navy Blue,Fall,2011.0,Casual,ADIDAS Men Navy Blue Sweatshirt,21725.jpg
16368,Men,Apparel,Bottomwear,Trousers,Charcoal,Fall,2011.0,Formal,Peter England Men Stripes Charcoal Trouser,16368.jpg
8777,Men,Apparel,Topwear,Shirts,Blue,Fall,2011.0,Casual,Indigo Nation Men Price catch Blue Shirts,8777.jpg
4986,Men,Apparel,Topwear,Tshirts,Red,Summer,2011.0,Sports,ADIDAS Men Bayern Munchen Red Jersey,4986.jpg
4388,Men,Apparel,Topwear,Tshirts,Green,Summer,2011.0,Casual,DC Comics Lantern Arrow All Over Green T-shirt,4388.jpg
2843,Men,Apparel,Topwear,Tshirts,Pink,Summer,2011.0,Casual,Mr.Men Men's Mr.Mischief Pink T-shirt,2843.jpg
3991,Men,Apparel,Topwear,Tshirts,White,Summer,2011.0,Casual,Mr.Men Men's Wave Rider White T-shirt,3991.jpg
29787,Men,Apparel,Topwear,Tshirts,White,Summer,2013.0,Casual,Basics Men White T-shirt,29787.jpg
13428,Men,Apparel,Topwear,Tshirts,White,Summer,2011.0,Casual,United Colors of Benetton Men Printed White Tshirts,13428.jpg
19112,Men,Apparel,Topwear,Tshirts,Grey,Summer,2016.0,Casual,Campbell Men Pack of 3 Solid Tshirts,19112.jpg
57932,Men,Apparel,Topwear,Tshirts,White,Summer,2012.0,Casual,French Connection Men White T-shirt,57932.jpg
7169,Men,Apparel,Topwear,Shirts,Blue,Fall,2011.0,Casual,Scullers Men Scul Navy Blue Shirt,7169.jpg
13870,Men,Apparel,Topwear,Shirts,Beige,Fall,2011.0,Casual,Scullers Men Stripes Beige Shirts,13870.jpg
7955,Men,Apparel,Topwear,Tshirts,Grey,Fall,2011.0,Sports,Puma Men's Foundation Grey Polo T-shirt,7955.jpg
6289,Men,Apparel,Topwear,Tshirts,Brown,Summer,2011.0,Casual,Classic Polo Classic Polo Swiss Brown Tee T-Shirt,6289.jpg
19744,Men,Apparel,Topwear,Jackets,Green,Fall,2011.0,Casual,ADIDAS Originals Men Solid Green Jacket,19744.jpg
1890,Men,Apparel,Topwear,Tshirts,Red,Winter,2010.0,Casual,FIFA Mens Essentials Red T-shirt,1890.jpg
15189,Men,Apparel,Topwear,Tshirts,Green,Fall,2011.0,Casual,Arrow Sport Men Solid Green Polo Tshirts,15189.jpg
13884,Men,Apparel,Topwear,Shirts,Black,Fall,2011.0,Casual,Scullers Men Check Black Shirts,13884.jpg
19582,Men,Apparel,Topwear,Tshirts,Grey,Summer,2011.0,Casual,United Colors of Benetton Men Printed Grey TShirt,19582.jpg
12358,Men,Apparel,Topwear,Shirts,Cream,Fall,2011.0,Formal,Reid & Taylor Men Solid Cream Shirts,12358.jpg
9235,Men,Apparel,Topwear,Shirts,Blue,Fall,2011.0,Formal,Mark Taylor Men Plain Blue Shirts,9235.jpg
53768,Men,Apparel,Topwear,Tshirts,Blue,Summer,2012.0,Casual,Puma Men Blue T-shirt,53768.jpg
54915,Men,Apparel,Topwear,Tshirts,Cream,Summer,2012.0,Casual,Do u speak Cream Men T-shirt,54915.jpg
9651,Men,Apparel,Topwear,Shirts,Green,Fall,2011.0,Casual,Indigo Nation Men Checks Green Shirts,9651.jpg
8783,Men,Apparel,Topwear,Shirts,Red,Fall,2011.0,Casual,Indigo Nation Men Bling PC Red Shirt,8783.jpg
38601,Men,Apparel,Topwear,Tshirts,Red,Summer,2012.0,Casual,Nike Men Printed Red T-shirt,38601.jpg
10857,Men,Apparel,Topwear,Tshirts,White,Fall,2011.0,Casual,Wrangler Men Rider Striper Polo White T-Shirts,10857.jpg
10259,Men,Apparel,Bottomwear,Trousers,Black,Fall,2011.0,Formal,John Miller Men Reglur Black Trousers,10259.jpg
29773,Men,Apparel,Topwear,Shirts,Green,Summer,2012.0,Casual,Wrangler Men Green Striped Shirt,29773.jpg
9463,Men,Apparel,Topwear,Shirts,White,Fall,2011.0,Formal,John Miller Men White Shirt,9463.jpg
20251,Men,Apparel,Topwear,Tshirts,Grey,Fall,2011.0,Casual,Wrangler Men Heavy Grey Tshirt,20251.jpg
14064,Men,Apparel,Topwear,Tshirts,Red,Fall,2011.0,Casual,Flying Machine Men Pack of 2 Stripes Red Blue Tshirts,14064.jpg
5433,Men,Apparel,Topwear,Tshirts,Red,Summer,2011.0,Casual,Nike Men's Speed Fury Red T-shirt,5433.jpg
59299,Men,Apparel,Topwear,Shirts,Blue,Fall,2012.0,Casual,U.S. Polo Assn. Men Striped Blue Shirt,59299.jpg
7156,Men,Apparel,Topwear,Shirts,Black,Fall,2011.0,Casual,Scullers Men Black Check Shirt,7156.jpg
16501,Men,Apparel,Topwear,Tshirts,Brown,Fall,2011.0,Casual,Locomotive Men Printed Brown TShirt,16501.jpg
6084,Men,Apparel,Topwear,Tshirts,White,Summer,2011.0,Casual,UCB Men's Johny Collar With Two Tone White T-shirt,6084.jpg
19549,Men,Apparel,Topwear,Sweatshirts,Grey,Fall,2011.0,Casual,United Colors of Benetton Men Solid Grey Sweatshirt,19549.jpg
34235,Men,Apparel,Topwear,Tshirts,Cream,Summer,2013.0,Casual,Proline Men Cream-Coloured Polo T-Shirt,34235.jpg
7532,Men,Apparel,Topwear,Tshirts,Blue,Summer,2011.0,Sports,Nike Men's Encourage Blue T-shirt,7532.jpg
22350,Men,Apparel,Topwear,Shirts,Blue,Fall,2011.0,Casual,John Players Men Check Blue Shirt,22350.jpg
2040,Men,Apparel,Topwear,Tshirts,White,Fall,2010.0,Casual,ADIDAS Mens Fire White Polo T-shirt,2040.jpg
13417,Men,Apparel,Topwear,Shirts,Blue,Summer,2011.0,Casual,United Colors of Benetton Men Solid Blue Shirts,13417.jpg
27622,Men,Apparel,Bottomwear,Trousers,Grey,Summer,2012.0,Casual,Scullers Men Grey Trousers,27622.jpg
3192,Men,Apparel,Topwear,Tshirts,Black,Summer,2011.0,Casual,Tantra Men's Prism Black T-shirt,3192.jpg
11340,Men,Apparel,Bottomwear,Jeans,Blue,Summer,2017.0,Casual,Lee Men Blue Chicago Fit Jeans,11340.jpg
36562,Men,Apparel,Topwear,Tshirts,White,Summer,2012.0,Casual,Jack & Jones Men Dino White T-shirt,36562.jpg
41602,Men,Apparel,Topwear,Shirts,Navy Blue,Summer,2012.0,Casual,Basics Men Navy Shirt,41602.jpg
17285,Men,Apparel,Topwear,Tshirts,Black,Fall,2011.0,Casual,U.S. Polo Assn. Men Solid Black  polo Tshirt,17285.jpg
16357,Men,Apparel,Topwear,Shirts,Blue,Fall,2011.0,Formal,Peter England Men Stripes Blue Shirt,16357.jpg
2272,Men,Apparel,Topwear,Tshirts,Blue,Fall,2010.0,Sports,Nike Mens Blue Polo T-shirt,2272.jpg
8748,Men,Apparel,Topwear,Shirts,Orange,Fall,2011.0,Casual,Indigo Nation Men Plain Orange Shirts,8748.jpg
16191,Men,Apparel,Topwear,Tshirts,White,Fall,2011.0,Casual,Puma Men Graphic White TShirt,16191.jpg
24053,Men,Apparel,Topwear,Tshirts,Charcoal,Fall,2011.0,Casual,Locomotive Men Printed Charcoal T-shirt,24053.jpg
17271,Men,Apparel,Topwear,Tshirts,Grey,Fall,2011.0,Casual,U.S. Polo Assn. Men Stripes DK.Grey Polo Tshirt,17271.jpg
30453,Men,Apparel,Bottomwear,Jeans,White,Summer,2012.0,Casual,Deni Yo Men White Jeans,30453.jpg
2286,Men,Apparel,Topwear,Sweatshirts,Black,Fall,2010.0,Sports,Nike Men Black Sweatshirt,2286.jpg
31581,Men,Apparel,Topwear,Tshirts,Blue,Summer,2012.0,Casual,Mark Taylor Men Printed Blue T-shirt,31581.jpg
3354,Men,Apparel,Topwear,Tshirts,White,Summer,2011.0,Casual,Myntra Men's I Give 100 Percent Work White T-shirt,3354.jpg
10430,Men,Apparel,Topwear,Shirts,Blue,Fall,2011.0,Casual,Flying Machine Men Ydc Blue Shirts,10430.jpg
39388,Men,Apparel,Bottomwear,Jeans,Black,Summer,2012.0,Casual,Peter England Men Black Jeans,39388.jpg
14090,Men,Apparel,Topwear,Tshirts,Blue,Fall,2011.0,Casual,Flying Machine Men Stripes Blue Polo Tshirts,14090.jpg
37212,Men,Apparel,Topwear,Shirts,Pink,Summer,2012.0,Casual,United Colors of Benetton Men Pink Shirt,37212.jpg
3730,Men,Apparel,Topwear,Tshirts,Yellow,Summer,2011.0,Sports,CSK Mens Fangear Yellow Jersey,3730.jpg
26152,Men,Apparel,Bottomwear,Trousers,Grey,Summer,2012.0,Formal,John Miller Men Striped Grey Trousers,26152.jpg
12367,Men,Apparel,Topwear,Shirts,White,Fall,2011.0,Formal,Reid & Taylor Men White Shirt,12367.jpg
9804,Men,Apparel,Topwear,Shirts,Black,Fall,2011.0,Formal,John Miller Men Black Checks Shirts,9804.jpg
10602,Men,Apparel,Topwear,Tshirts,Red,Fall,2011.0,Sports,Nike Men Football Soccer Red Jerseys,10602.jpg
29774,Men,Apparel,Topwear,Shirts,Purple,Summer,2012.0,Casual,Wrangler Men Purple Striped Shirt,29774.jpg
9464,Men,Apparel,Topwear,Shirts,White,Fall,2011.0,Formal,John Miller Men  White Shirt,9464.jpg
17249,Men,Apparel,Topwear,Tshirts,Blue,Fall,2011.0,Casual,U.S. Polo Assn. Men Printed Limoges Blue Tshirt,17249.jpg
29546,Men,Apparel,Topwear,Tshirts,Black,Summer,2012.0,Casual,Classic Polo Men Black T-shirt,29546.jpg
9656,Men,Apparel,Topwear,Shirts,Maroon,Fall,2011.0,Casual,Indigo Nation Men Bling Technification Red Black Shirts,9656.jpg
18201,Men,Apparel,Topwear,Jackets,Olive,Fall,2011.0,Casual,Nike Men Casual Olive Jacket,18201.jpg
38606,Men,Apparel,Topwear,Tshirts,White,Summer,2012.0,Casual,Nike Men Printed Boxed White T-shirt,38606.jpg
10850,Men,Apparel,Topwear,Tshirts,Blue,Fall,2011.0,Casual,Wrangler Men Famous Filafil Blue T-Shirts,10850.jpg
3708,Men,Apparel,Topwear,Tshirts,Navy Blue,Summer,2011.0,Casual,Classic Polo Men's Navy Grey Stripe T-shirt,3708.jpg
1863,Men,Apparel,Topwear,Tshirts,Black,Summer,2011.0,Casual,Inkfruit Men Night Wolf T-shirt,1863.jpg
15348,Men,Apparel,Topwear,Tshirts,Black,Fall,2011.0,Casual,Nike Men Special Edition 3 Star Polo Black Tshirts,15348.jpg
12951,Men,Apparel,Topwear,Shirts,Blue,Fall,2011.0,Casual,Basics Men Blue Slim Fit Checked Shirt,12951.jpg
6048,Men,Apparel,Topwear,Shirts,Black,Summer,2011.0,Casual,UCB Men Ben Logo Black Shirt,6048.jpg
13883,Men,Apparel,Topwear,Shirts,Purple,Fall,2011.0,Casual,Scullers Men Check Purple Shirts,13883.jpg
8314,Men,Apparel,Topwear,Shirts,Blue,Summer,2011.0,Casual,Locomotive Men Check Lafayette Blue Shirts,8314.jpg
39344,Men,Apparel,Topwear,Tshirts,Green,Fall,2012.0,Casual,Mr. Men Green T-shirt,39344.jpg
1897,Men,Apparel,Topwear,Tshirts,Blue,Winter,2010.0,Sports,FIFA Men Germany Blue Jersey,1897.jpg
25529,Men,Apparel,Topwear,Shirts,White,Summer,2012.0,Casual,Wrangler Men Griffith White Shirt,25529.jpg
16539,Men,Apparel,Topwear,Shirts,White,Fall,2011.0,Casual,Basics Men White Slim Fit Striped Shirt,16539.jpg
13877,Men,Apparel,Topwear,Shirts,Maroon,Fall,2011.0,Casual,Scullers Men Solid Maroon Shirts,13877.jpg
19571,Men,Apparel,Topwear,Tshirts,Black,Summer,2011.0,Casual,United Colors of Benetton Men Printed Black TShirt,19571.jpg
12199,Men,Apparel,Topwear,Tshirts,Blue,Summer,2015.0,Casual,Basics Men Blue Polo T-shirt,12199.jpg
7952,Men,Apparel,Topwear,Tshirts,Black,Fall,2011.0,Sports,Puma Men's Knit Polo Black  Polo T-shirt,7952.jpg
11378,Men,Apparel,Topwear,Shirts,White,Fall,2011.0,Formal,United Colors of Benetton Men Summer White Shirts,11378.jpg
2844,Men,Apparel,Topwear,Tshirts,Navy Blue,Summer,2011.0,Casual,Mr.Men Men's Mr.Busy Navy T-shirt,2844.jpg
29780,Men,Apparel,Bottomwear,Trousers,Black,Summer,2013.0,Casual,Basics Men Black Trousers,29780.jpg
22368,Men,Apparel,Topwear,Tshirts,Peach,Fall,2011.0,Casual,Ed Hardy Men Diving Dragon Peach T-Shirt,22368.jpg
19115,Men,Apparel,Topwear,Tshirts,White,Summer,2016.0,Casual,Campbell Men Pack of 3 Solid Tshirts,19115.jpg
23088,Men,Apparel,Bottomwear,Trousers,Grey,Fall,2011.0,Casual,Arrow Sport Men Dk.Grey Brown Trousers,23088.jpg
19327,Men,Apparel,Topwear,Sweatshirts,Navy Blue,Fall,2011.0,Casual,Myntra Men Solid Blue Sweatshirt,19327.jpg
44348,Men,Apparel,Topwear,Shirts,Brown,Summer,2012.0,Casual,Indian Terrain Men Brown Check Shirt,44348.jpg
10437,Men,Apparel,Topwear,Shirts,Green,Fall,2011.0,Casual,Flying Machine Men HS Green Shirts,10437.jpg
32767,Men,Apparel,Topwear,Shirts,White,Summer,2012.0,Formal,John Miller Men Striped White Shirt,32767.jpg
37215,Men,Apparel,Topwear,Shirts,Grey,Summer,2012.0,Casual,United Colors of Benetton Men Grey Shirt,37215.jpg
14097,Men,Apparel,Topwear,Tshirts,Blue,Fall,2011.0,Casual,Flying Machine Men Blue Polo Tshirts,14097.jpg
15145,Men,Apparel,Topwear,Shirts,Navy Blue,Fall,2011.0,Casual,Arrow Sport Men Printed Navy Blue Shirts,15145.jpg
6245,Men,Apparel,Topwear,Tshirts,Grey,Summer,2011.0,Casual,UCB Men's Contrast Logo Grey T-shirt,6245.jpg
19788,Men,Apparel,Topwear,Tshirts,Green,Winter,2016.0,Casual,U.S. Polo Assn. Men Solid Green Tshirt,19788.jpg
12360,Men,Apparel,Topwear,Shirts,Black,Fall,2011.0,Formal,Reid & Taylor Men Solid Black Shirts,12360.jpg
26155,Men,Apparel,Bottomwear,Trousers,Grey,Summer,2012.0,Formal,John Miller Men Striped Grey Trousers,26155.jpg
24266,Men,Apparel,Topwear,Tshirts,Red,Summer,2012.0,Casual,Quiksilver Men Red T-shirt,24266.jpg
38639,Men,Apparel,Topwear,Tshirts,Blue,Summer,2012.0,Casual,Nike Men Blue Cricket Blue Polo Tshirt,38639.jpg
17276,Men,Apparel,Topwear,Tshirts,Mustard,Fall,2011.0,Casual,U.S. Polo Assn. Men Printed Mustard Tshirt,17276.jpg
9669,Men,Apparel,Topwear,Shirts,Blue,Fall,2011.0,Casual,Indigo Nation Men Checks Blue Shirts,9669.jpg
31586,Men,Apparel,Topwear,Tshirts,Yellow,Summer,2012.0,Casual,Mark Taylor Men Printed Yellow T-shirt,31586.jpg
3353,Men,Apparel,Topwear,Tshirts,Blue,Summer,2011.0,Casual,Myntra Men's I am a nice guy Navy Blue T-shirt,3353.jpg
16196,Men,Apparel,Topwear,Jackets,Red,Fall,2011.0,Sports,Puma Men Heroes Red Jackets,16196.jpg
8589,Men,Apparel,Topwear,Shirts,Blue,Fall,2011.0,Casual,Scullers Men Scul Blue Shirts,8589.jpg
10261,Men,Apparel,Bottomwear,Trousers,Brown,Fall,2011.0,Formal,John Miller Men Slim Brown Trousers,10261.jpg
24054,Men,Apparel,Topwear,Tshirts,Blue,Fall,2011.0,Casual,Locomotive Men Printed Blue T-shirt,24054.jpg
41605,Men,Apparel,Topwear,Shirts,Grey,Fall,2012.0,Casual,Basics Men Grey Shirt,41605.jpg
17282,Men,Apparel,Topwear,Tshirts,Black,Fall,2011.0,Casual,U.S. Polo Assn. Men Printed Black Tshirt,17282.jpg
16350,Men,Apparel,Topwear,Shirts,Cream,Fall,2011.0,Formal,Peter England Men Stripes Cream Shirt,16350.jpg
2275,Men,Apparel,Topwear,Tshirts,White,Fall,2010.0,Sports,Nike Mens Challenger Graphic White T-shirt,2275.jpg
34232,Men,Apparel,Topwear,Tshirts,Grey,Summer,2013.0,Casual,Proline Men Grey T-shirt,34232.jpg
22357,Men,Apparel,Topwear,Shirts,Black,Fall,2011.0,Casual,John Players Men Solid Black Shirt,22357.jpg
7535,Men,Apparel,Topwear,Tshirts,Blue,Summer,2011.0,Sports,Nike Men's Blue Polo T-shirt,7535.jpg
27625,Men,Apparel,Bottomwear,Shorts,Grey,Summer,2012.0,Casual,Scullers Men Grey Shorts,27625.jpg
13410,Men,Apparel,Topwear,Shirts,Blue,Summer,2011.0,Casual,United Colors of Benetton Men Solid Blue Shirts,13410.jpg
2047,Men,Apparel,Topwear,Tshirts,Navy Blue,Fall,2010.0,Sports,ADIDAS Men's Navy Blue T-shirt,2047.jpg
11347,Men,Apparel,Bottomwear,Jeans,Blue,Summer,2017.0,Casual,Lee Men Elvira Rinse Blue Chicago Fit Jeans,11347.jpg
16506,Men,Apparel,Bottomwear,Jeans,Blue,Fall,2011.0,Casual,Locomotive Men Washed Blue Jeans,16506.jpg
13848,Men,Apparel,Topwear,Tshirts,Blue,Fall,2011.0,Casual,United Colors of Benetton Men Solid Blue Polo Tshirts,13848.jpg
5434,Men,Apparel,Topwear,Tshirts,Red,Summer,2011.0,Sports,Nike Men's Kill Man Red T-shirt,5434.jpg
14063,Men,Apparel,Topwear,Tshirts,Blue,Fall,2011.0,Casual,Flying Machine Men Solid Blue Polo Tshirts,14063.jpg
20256,Men,Apparel,Topwear,Tshirts,Green,Fall,2011.0,Casual,Wrangler Men Wing Green T-shirt,20256.jpg
28807,Men,Apparel,Topwear,Shirts,Brown,Summer,2012.0,Casual,Denizen Men Check Brown Shirt,28807.jpg
3763,Men,Apparel,Topwear,Tshirts,Grey,Summer,2011.0,Casual,Status Quo Men's London Icon Grey T-shirt,3763.jpg
26101,Men,Apparel,Topwear,Shirts,White,Summer,2012.0,Formal,John Miller Men Striped White Shirt,26101.jpg
9259,Men,Apparel,Topwear,Shirts,Blue,Fall,2011.0,Formal,Mark Taylor Men Blue Striped Shirt,9259.jpg
16794,Men,Apparel,Topwear,Shirts,Navy Blue,Fall,2011.0,Casual,Highlander Men Stripes Navy Blue Shirt,16794.jpg
5494,Men,Apparel,Topwear,Tshirts,Grey,Summer,2011.0,Casual,Mr.Men Men's Charcoal Polo T-shirt,5494.jpg
15111,Men,Apparel,Bottomwear,Trousers,Coffee Brown,Fall,2011.0,Formal,Arrow Men Stripes Coffee Brown Trousers,15111.jpg
10463,Men,Apparel,Topwear,Tshirts,Grey,Fall,2011.0,Casual,Flying Machine Men Grey Polo Tshirts,10463.jpg
44581,Men,Apparel,Bottomwear,Jeans,Navy Blue,Summer,2017.0,Casual,Lee Rinse Navy Blue Slim Fit Jeans,44581.jpg
15323,Men,Apparel,Topwear,Jackets,Grey,Fall,2011.0,Casual,Nike Men Solid Grey Jacket,15323.jpg
32501,Men,Apparel,Topwear,Shirts,Black,Summer,2012.0,Casual,Scullers Men Black Shirt,32501.jpg
11783,Men,Apparel,Topwear,Tshirts,Grey,Summer,2011.0,Casual,Lee Men Printed Grey Tshirts,11783.jpg
9857,Men,Apparel,Topwear,Tshirts,Green,Fall,2011.0,Casual,Status Quo Men Green Polo Tshirts,9857.jpg
6023,Men,Apparel,Topwear,Tshirts,Green,Summer,2011.0,Casual,UCB Men's Johny Collar With Two Tone Green T-shirt,6023.jpg
32959,Men,Apparel,Topwear,Tshirts,Purple,Summer,2012.0,Casual,Angry Birds Men Purple T-shirt,32959.jpg
52080,Men,Apparel,Topwear,Tshirts,Navy Blue,Summer,2012.0,Casual,Myntra Men Navy Blue T-shirt,52080.jpg
53152,Men,Apparel,Topwear,Shirts,Brown,Summer,2012.0,Formal,Mark Taylor Men Brown Shirt,53152.jpg
14695,Men,Apparel,Bottomwear,Trousers,Black,Fall,2011.0,Casual,Basics Men Black Trousers,14695.jpg
1662,Men,Apparel,Topwear,Jackets,Navy Blue,Fall,2012.0,Sports,Nike Men Blue Windrunner Jacket,1662.jpg
30632,Men,Apparel,Topwear,Tshirts,Yellow,Summer,2012.0,Sports,Nike Men Challenger Spiked Yellowish Green T-shirt,30632.jpg
18864,Men,Apparel,Topwear,Sweatshirts,Black,Fall,2011.0,Casual,Puma Men Sports Division Black Sweatshirt,18864.jpg
33285,Men,Apparel,Topwear,Tshirts,Blue,Summer,2012.0,Casual,Arrow Sport Men Striped Blue Polo T-shirt,33285.jpg
21586,Men,Apparel,Bottomwear,Jeans,Grey,Summer,2011.0,Casual,Locomotive Men Washed Grey Jeans,21586.jpg
52074,Men,Apparel,Topwear,Tshirts,Yellow,Summer,2012.0,Casual,Myntra Men Yellow & Blue T-shirt,52074.jpg
14661,Men,Apparel,Topwear,Shirts,Navy Blue,Fall,2011.0,Casual,Basics Men Navy Slim Fit Checked Shirt,14661.jpg
28639,Men,Apparel,Topwear,Tshirts,White,Summer,2012.0,Sports,Nike Men White T-shirt,28639.jpg
7561,Men,Apparel,Topwear,Tshirts,White,Summer,2011.0,Sports,Nike Men's As Spher White T-shirt,7561.jpg
15581,Men,Apparel,Topwear,Tshirts,Purple,Fall,2011.0,Casual,Proline Men Purple Polo T-shirt,15581.jpg
20666,Men,Apparel,Topwear,Tshirts,Grey,Fall,2011.0,Casual,Classic Polo Men Striped Grey Tshirt,20666.jpg
5838,Men,Apparel,Topwear,Tshirts,White,Summer,2011.0,Casual,ADIDAS Men's Graphic White T-shirt,5838.jpg
31142,Men,Apparel,Topwear,Shirts,Orange,Summer,2012.0,Formal,John Miller Men Check Orange Shirt,31142.jpg
28853,Men,Apparel,Topwear,Tshirts,Purple,Summer,2012.0,Casual,Proline Men Purple T-shirt,28853.jpg
14037,Men,Apparel,Topwear,Shirts,Blue,Winter,2016.0,Casual,Flying Machine Men Check Blue Shirts,14037.jpg
20202,Men,Apparel,Topwear,Sweatshirts,Grey,Fall,2011.0,Casual,Wrangler Men Glow Grey Sweatshirt,20202.jpg
20030,Men,Apparel,Topwear,Shirts,Blue,Fall,2011.0,Casual,United Colors of Benetton Men Solid Blue Shirt,20030.jpg
11777,Men,Apparel,Topwear,Tshirts,Red,Fall,2011.0,Casual,Lee Men Printed Red Tshirts,11777.jpg
7939,Men,Apparel,Topwear,Tshirts,Black,Fall,2011.0,Sports,Puma Men's Graphic Optic Black Silver T-shirt,7939.jpg
16552,Men,Apparel,Topwear,Tshirts,Grey,Fall,2011.0,Casual,Basics Men Grey Printed Polo T-shirt,16552.jpg
39780,Men,Apparel,Topwear,Shirts,Yellow,Summer,2012.0,Casual,Peter England Men Yellow Casual Shirts,39780.jpg
9602,Men,Apparel,Topwear,Shirts,Black,Fall,2011.0,Casual,Scullers Men Scul White & Red Shirt,9602.jpg
3338,Men,Apparel,Topwear,Tshirts,White,Summer,2011.0,Sports,ADIDAS Men's Mumbai Indians White Polo T-shirt,3338.jpg
35971,Men,Apparel,Topwear,Tshirts,Black,Summer,2012.0,Casual,Flying Machine Men Tee Black T-shirt,35971.jpg
54946,Men,Apparel,Topwear,Tshirts,Cream,Summer,2012.0,Casual,Do u speak green Men Cream T-shirt,54946.jpg
23028,Men,Apparel,Topwear,Shirts,Blue,Fall,2011.0,Formal,Arrow Men Blue Striped Shirt,23028.jpg
51408,Men,Apparel,Topwear,Shirts,Blue,Summer,2012.0,Casual,Myntra Men Blue and White Check Shirt,51408.jpg
7798,Men,Apparel,Topwear,Tshirts,White,Fall,2011.0,Casual,Proline Men White Polo T-shirt,7798.jpg
6478,Men,Apparel,Topwear,Jackets,Grey,Summer,2011.0,Casual,ADIDAS Men Top Grey Jacket,6478.jpg
8186,Men,Apparel,Topwear,Shirts,Grey,Summer,2011.0,Casual,Locomotive Men Check Lai Grey Shirts,8186.jpg
48373,Men,Apparel,Topwear,Shirts,White,Summer,2012.0,Casual,French Connection Men White & Purple Check Shirt,48373.jpg
9868,Men,Apparel,Topwear,Tshirts,Navy Blue,Fall,2011.0,Casual,Status Quo Men Navy Blue Polo Tshirts,9868.jpg
56847,Men,Apparel,Bottomwear,Jeans,Blue,Summer,2012.0,Casual,John Players Men Blue Jeans,56847.jpg
15912,Men,Apparel,Topwear,Shirts,Blue,Fall,2011.0,Formal,Black Coffee Men Stripes Blue Shirt,15912.jpg
18631,Men,Apparel,Topwear,Tshirts,Navy Blue,Fall,2011.0,Casual,Puma Men GP Speed Navy Blue Tshirts,18631.jpg
9266,Men,Apparel,Topwear,Shirts,Navy Blue,Fall,2011.0,Casual,Scullers Men Scul Blue Shirts,9266.jpg
7906,Men,Apparel,Topwear,Tshirts,Black,Fall,2011.0,Casual,Proline Men Black & Navy Striped Polo T-shirt,7906.jpg
48387,Men,Apparel,Bottomwear,Jeans,Blue,Summer,2012.0,Casual,French Connection Men Blue Jeans,48387.jpg
14008,Men,Apparel,Topwear,Tshirts,White,Fall,2011.0,Casual,Nike Men Printed White Tshirts,14008.jpg
19717,Men,Apparel,Topwear,Shirts,Blue,Fall,2011.0,Casual,United Colors of Benetton Men Check Blue Shirt,19717.jpg
58743,Men,Apparel,Topwear,Tshirts,Olive,Fall,2012.0,Casual,Puma Men Olive T-shirt,58743.jpg
8724,Men,Apparel,Topwear,Shirts,Red,Fall,2011.0,Casual,Indigo Nation Men Checks Red Shirts,8724.jpg
5209,Men,Apparel,Topwear,Tshirts,White,Summer,2011.0,Casual,Superman Men's Job Round Neck White T-shirt,5209.jpg
58571,Men,Apparel,Bottomwear,Shorts,Black,Summer,2012.0,Casual,Puma Men Black Shorts,58571.jpg
44912,Men,Apparel,Bottomwear,Track Pants,Black,Summer,2012.0,Casual,Puma Men Black Track Pants,44912.jpg
4787,Men,Apparel,Bottomwear,Shorts,Black,Summer,2011.0,Sports,ADIDAS Men's Bas Esx Black Short,4787.jpg
11770,Men,Apparel,Topwear,Tshirts,Blue,Fall,2011.0,Casual,Lee Men Printed Blue Tshirts,11770.jpg
16555,Men,Apparel,Topwear,Tshirts,Navy Blue,Fall,2011.0,Casual,Basics Men Navy Printed Polo T-shirt,16555.jpg
28854,Men,Apparel,Topwear,Tshirts,Lavender,Summer,2012.0,Casual,Proline Men Mauve T-shirt,28854.jpg
20205,Men,Apparel,Topwear,Sweatshirts,Grey,Fall,2011.0,Casual,Wrangler Men Flock Print Grey Sweatshirt,20205.jpg
10490,Men,Apparel,Topwear,Shirts,Navy Blue,Fall,2011.0,Casual,Flying Machine Men HS Blue Shirts,10490.jpg
6686,Men,Apparel,Topwear,Tshirts,Red,Summer,2011.0,Casual,UCB Men's Big Ben Logo Red T-shirt,6686.jpg
16303,Men,Apparel,Topwear,Shirts,Navy Blue,Fall,2011.0,Casual,Peter England Men Check Navy Blue Shirt,16303.jpg
15586,Men,Apparel,Topwear,Sweatshirts,Green,Fall,2011.0,Casual,Proline Men Green Printed Sweatshirt,15586.jpg
52073,Men,Apparel,Topwear,Tshirts,Grey,Summer,2012.0,Casual,Myntra Men Grey & Red T-shirt,52073.jpg
14666,Men,Apparel,Topwear,Shirts,Red,Fall,2011.0,Casual,Basics Men Red Slim Fit Checked Shirt,14666.jpg
5231,Men,Apparel,Topwear,Tshirts,Navy Blue,Summer,2011.0,Casual,Classic Polo Men's Cari Navy Polo T-shirt,5231.jpg
32196,Men,Apparel,Topwear,Kurtas,Blue,Summer,2012.0,Ethnic,Fabindia Men Printed Blue Kurta,32196.jpg
2014,Men,Apparel,Topwear,Tshirts,Yellow,Fall,2010.0,Sports,ADIDAS Men's Classic Yellow Polo T-shirt,2014.jpg
7566,Men,Apparel,Topwear,Tshirts,Black,Summer,2011.0,Sports,Nike Men's As Kobe Comic Black T-shirt,7566.jpg
12757,Men,Apparel,Topwear,Tshirts,Blue,Fall,2011.0,Casual,Spykar Men Printed Blue T-Shirts,12757.jpg
51430,Men,Apparel,Topwear,Shirts,White,Summer,2012.0,Casual,Myntra Men Navy Blue & Orange Check Shirt,51430.jpg
4125,Men,Apparel,Topwear,Tshirts,Orange,Summer,2011.0,Sports,Lotto Men Kochi Tuskers Authentic Orange Jersey,4125.jpg
30635,Men,Apparel,Topwear,Tshirts,Blue,Summer,2012.0,Casual,Nike Men Basic Crew Blue T-shirt,30635.jpg
3132,Men,Apparel,Topwear,Tshirts,Multi,Fall,2010.0,Casual,DUSG Men's Tadoba Organic Cotton Cappuccino T-shirt,3132.jpg
18863,Men,Apparel,Topwear,Sweatshirts,Red,Fall,2011.0,Casual,Puma Men Heritage Red Sweatshirt,18863.jpg
44586,Men,Apparel,Bottomwear,Jeans,Blue,Summer,2017.0,Casual,Lee Men Tino Blue Jeans,44586.jpg
15324,Men,Apparel,Topwear,Sweatshirts,White,Fall,2011.0,Sports,Nike Men Printed White Sweatshirts,15324.jpg
22794,Men,Apparel,Topwear,Tshirts,Navy Blue,Fall,2011.0,Casual,Manchester United Men Navy Blue Tshirt,22794.jpg
26106,Men,Apparel,Topwear,Shirts,Purple,Summer,2012.0,Formal,John Miller Men Striped Purple Shirt,26106.jpg
3764,Men,Apparel,Topwear,Tshirts,Navy Blue,Summer,2011.0,Casual,Status Quo Men's London Icon Navy T-shirt,3764.jpg
18609,Men,Apparel,Topwear,Tshirts,Red,Fall,2010.0,Casual,Puma Men Polo Red Tshirt,18609.jpg
16793,Men,Apparel,Topwear,Shirts,Blue,Fall,2011.0,Casual,Highlander Men Check Blue Shirt,16793.jpg
6216,Men,Apparel,Topwear,Tshirts,Black,Summer,2011.0,Casual,Lee Men's Printed Black T-shirt,6216.jpg
5493,Men,Apparel,Topwear,Tshirts,Grey,Summer,2011.0,Casual,Mr.Men Men's Cool Soft Grey T-shirt,5493.jpg
15116,Men,Apparel,Bottomwear,Trousers,Grey,Fall,2011.0,Formal,Arrow Men TR Finish Grey Trousers,15116.jpg
4541,Men,Apparel,Topwear,Tshirts,White,Summer,2011.0,Casual,Classic Polo Men's White T-shirt with Navy Stripes,4541.jpg
10464,Men,Apparel,Topwear,Tshirts,Pink,Fall,2011.0,Casual,Flying Machine Men Mauvemist Pink Tshirts,10464.jpg
27649,Men,Apparel,Topwear,Tshirts,Blue,Summer,2012.0,Casual,Superman Men Printed Blue T-shirt,27649.jpg
16932,Men,Apparel,Topwear,Tshirts,Off White,Fall,2011.0,Casual,Spykar Men Off White Polo Tshirt,16932.jpg
19146,Men,Apparel,Topwear,Sweatshirts,Grey,Summer,2011.0,Casual,United Colors of Benetton Men Solid Grey Sweatshirt,19146.jpg
7559,Men,Apparel,Topwear,Tshirts,Black,Summer,2011.0,Sports,Nike Men's Black Polo T-shirt,7559.jpg
14659,Men,Apparel,Bottomwear,Trousers,Khaki,Fall,2011.0,Casual,Probase Men Solid LT.Khaki Trousers,14659.jpg
44915,Men,Apparel,Topwear,Tshirts,Blue,Summer,2012.0,Casual,Puma Men Blue T-shirt,44915.jpg
58744,Men,Apparel,Topwear,Tshirts,Burgundy,Summer,2012.0,Casual,Puma Men Burgundy T-shirt,58744.jpg
39773,Men,Apparel,Topwear,Shirts,Navy Blue,Summer,2012.0,Casual,Peter England Men Navy Blue Casual Shirt,39773.jpg
11119,Men,Apparel,Topwear,Shirts,White,Fall,2011.0,Formal,Indigo Nation Men Solid White Shirts,11119.jpg
5800,Men,Apparel,Topwear,Tshirts,Black,Summer,2011.0,Casual,ADIDAS Men's Chat Black T-shirt,5800.jpg
33249,Men,Apparel,Topwear,Shirts,White,Summer,2012.0,Formal,Arrow Men Blue Striped Shirt,33249.jpg
8723,Men,Apparel,Topwear,Shirts,White,Fall,2011.0,Casual,Indigo Nation Men Striped Yellow Shirt,8723.jpg
5458,Men,Apparel,Bottomwear,Track Pants,Navy Blue,Summer,2011.0,Sports,Nike Men Training Knit Navy Blue Track Pant,5458.jpg
34408,Men,Apparel,Topwear,Tshirts,Black,Summer,2012.0,Casual,Myntra Men Black Printed T-shirt,34408.jpg
7901,Men,Apparel,Topwear,Tshirts,Cream,Fall,2011.0,Casual,Proline Men's Printed Chalk Cream Brown T-shirt,7901.jpg
48380,Men,Apparel,Bottomwear,Trousers,Black,Summer,2012.0,Casual,French Connection Men Charcoal Trousers,48380.jpg
8949,Men,Apparel,Bottomwear,Trousers,Grey,Fall,2011.0,Formal,Indigo Nation Men ID Printed Grey Trousers,8949.jpg
20008,Men,Apparel,Topwear,Tshirts,Orange,Fall,2011.0,Casual,United Colors of Benetton Men Printed Orange TShirt,20008.jpg
15129,Men,Apparel,Bottomwear,Trousers,Grey,Fall,2011.0,Casual,Arrow Sport Men Solid DK.Grey Trousers,15129.jpg
15915,Men,Apparel,Topwear,Shirts,Purple,Fall,2011.0,Formal,Black Coffee Men Check Purple Slim Fit Shirt,15915.jpg
26139,Men,Apparel,Bottomwear,Trousers,Grey,Summer,2012.0,Formal,John Miller Men Grey Trousers,26139.jpg
51857,Men,Apparel,Topwear,Shirts,Beige,Summer,2012.0,Casual,Highlander Men  Blue & Beige Check  Shirt,51857.jpg
9261,Men,Apparel,Topwear,Shirts,Red,Fall,2011.0,Formal,Mark Taylor Men Red Striped Shirt,9261.jpg
18636,Men,Apparel,Topwear,Tshirts,White,Fall,2011.0,Sports,Puma Men V.11 Speed  White Tshirts,18636.jpg
6229,Men,Apparel,Topwear,Tshirts,Black,Summer,2011.0,Casual,Lee Men's Shot Black T-shirt,6229.jpg
8181,Men,Apparel,Topwear,Shirts,Purple,Summer,2011.0,Casual,Locomotive Men Check Ladislav Purple Shirts,8181.jpg
48374,Men,Apparel,Topwear,Shirts,Purple,Summer,2012.0,Casual,French Connection Men Purple & Black Striped Shirt,48374.jpg
29343,Men,Apparel,Topwear,Tshirts,White,Summer,2012.0,Casual,Probase Men Printed White T-shirt,29343.jpg
10669,Men,Apparel,Topwear,Tshirts,Grey,Fall,2011.0,Casual,Doodle Boy Road Trip Grey Tshirts,10669.jpg
10803,Men,Apparel,Topwear,Shirts,White,Fall,2011.0,Casual,Wrangler Men Dodge Broad Accent Check White Shirts,10803.jpg
9605,Men,Apparel,Topwear,Shirts,Green,Fall,2011.0,Casual,Scullers Men Scul Green White Shirts,9605.jpg
33240,Men,Apparel,Topwear,Shirts,Blue,Summer,2012.0,Formal,Arrow Men Blue Striped Shirt,33240.jpg
41660,Men,Apparel,Topwear,Shirts,Blue,Summer,2012.0,Formal,Mark Taylor Men Blue Striped Shirt,41660.jpg
11110,Men,Apparel,Topwear,Shirts,White,Fall,2011.0,Formal,Indigo Nation Men Check White Shirts,11110.jpg
2210,Men,Apparel,Topwear,Tshirts,Black,Fall,2010.0,Sports,ADIDAS Men 3 Stripe Black Polo T-shirt,2210.jpg
16335,Men,Apparel,Topwear,Shirts,Navy Blue,Fall,2011.0,Formal,Peter England Men Stripes Navy Blue Shirt,16335.jpg
26792,Men,Apparel,Topwear,Shirts,Blue,Summer,2013.0,Formal,Arrow Men Blue Striped Slim Fit Shirt,26792.jpg
22332,Men,Apparel,Topwear,Tshirts,Maroon,Fall,2011.0,Casual,John Players Men Solid Maroon Polo T-Shirt,22332.jpg
7550,Men,Apparel,Topwear,Tshirts,Blue,Summer,2011.0,Sports,Nike Men's Teal Blue Polo T-shirt,7550.jpg
6482,Men,Apparel,Topwear,Tshirts,Black,Summer,2011.0,Casual,ADIDAS Men's Strip Polo Black Green T-shirt,6482.jpg
14650,Men,Apparel,Topwear,Tshirts,Blue,Fall,2011.0,Casual,Probase Men Face Print Blue Tshirts,14650.jpg
33072,Men,Apparel,Topwear,Tshirts,Blue,Summer,2012.0,Casual,U.S.Polo Assn Men Blue Polo T-shirt,33072.jpg
30293,Men,Apparel,Topwear,Tshirts,Off White,Summer,2012.0,Casual,Myntra Men Love Off White T-shirt,30293.jpg
7908,Men,Apparel,Topwear,Tshirts,Cream,Fall,2012.0,Casual,Proline Men Cream & Purple Striped Polo T-shirt,7908.jpg
9892,Men,Apparel,Bottomwear,Trousers,White,Fall,2011.0,Formal,Indian Terrain Men Laffer Off-White Trousers,9892.jpg
8940,Men,Apparel,Topwear,Shirts,Red,Fall,2011.0,Casual,Indigo Nation Men Reversible Bling Red Shirts,8940.jpg
7134,Men,Apparel,Bottomwear,Track Pants,Navy Blue,Fall,2011.0,Casual,Urban Yoga Men Bottom Navy Yoga Pants,7134.jpg
36164,Men,Apparel,Topwear,Tshirts,Grey,Summer,2012.0,Casual,Status Quo Men Grey T-shirt,36164.jpg
20001,Men,Apparel,Topwear,Tshirts,Green,Summer,2011.0,Casual,United Colors of Benetton Men Printed Green T-shirt,20001.jpg
11746,Men,Apparel,Topwear,Tshirts,Yellow,Summer,2011.0,Casual,Lee Men Yellow Polo T-shirt,11746.jpg
5451,Men,Apparel,Bottomwear,Shorts,Blue,Summer,2011.0,Sports,Nike Men's Tempo Blue Short,5451.jpg
14006,Men,Apparel,Topwear,Tshirts,Black,Fall,2011.0,Sports,Nike Men Solid Black Jerseys,14006.jpg
24693,Men,Apparel,Topwear,Tshirts,Grey,Summer,2011.0,Casual,Locomotive Men Grey Printed T-Shirt,24693.jpg
2674,Men,Apparel,Topwear,Tshirts,Black,Summer,2011.0,Casual,Inkfruit Men's State Trance Black T-shirt,2674.jpg
19719,Men,Apparel,Topwear,Shirts,Grey,Fall,2011.0,Casual,United Colors of Benetton Men Stripes Grey Shirt,19719.jpg
34401,Men,Apparel,Topwear,Tshirts,Black,Summer,2012.0,Casual,Myntra Men Black Printed T-shirt,34401.jpg
8188,Men,Apparel,Topwear,Shirts,Purple,Summer,2011.0,Casual,Locomotive Men Solid Poplin Laidley Purple Shirts,8188.jpg
6012,Men,Apparel,Topwear,Shirts,White,Summer,2011.0,Casual,Highlander Men White Casual Checked Slim Fit Shirt,6012.jpg
9866,Men,Apparel,Topwear,Tshirts,Pink,Fall,2011.0,Casual,Status Quo Men Pink Polo Tshirts,9866.jpg
23670,Men,Apparel,Topwear,Tshirts,Green,Fall,2011.0,Casual,Spykar Men Green Printed T-shirts,23670.jpg
56849,Men,Apparel,Bottomwear,Jeans,Navy Blue,Fall,2012.0,Casual,John Players Men Navy Regular Fit Jeans,56849.jpg
4745,Men,Apparel,Topwear,Tshirts,Green,Summer,2011.0,Sports,ADIDAS Men's Green Polo T-shirt,4745.jpg
15120,Men,Apparel,Bottomwear,Trousers,Charcoal,Fall,2011.0,Formal,Arrow Men Wooltouch Charcoal Trousers,15120.jpg
10452,Men,Apparel,Topwear,Tshirts,Grey,Fall,2011.0,Casual,Flying Machine Men HS Grey Tshirts,10452.jpg
9268,Men,Apparel,Topwear,Shirts,White,Fall,2011.0,Casual,Scullers Men White Check Shirt,9268.jpg
2680,Men,Apparel,Topwear,Tshirts,Blue,Summer,2011.0,Casual,Inkfruit Men's Indian Rule Blue T-shirt,2680.jpg
12305,Men,Apparel,Topwear,Shirts,Navy Blue,Fall,2011.0,Formal,Genesis Men Check Navy Blue Shirts,12305.jpg
3752,Men,Apparel,Topwear,Tshirts,Green,Summer,2011.0,Casual,Status Quo Men's Music Revolution Green T-shirt,3752.jpg
6220,Men,Apparel,Topwear,Tshirts,Orange,Summer,2011.0,Casual,Lee Men's Believe Burnt Orange T-shirt,6220.jpg
22590,Men,Apparel,Bottomwear,Shorts,Grey,Fall,2011.0,Sports,Nike Men Solid Grey Shorts,22590.jpg
19389,Men,Apparel,Topwear,Tshirts,White,Fall,2011.0,Casual,ADIDAS Men Printed White Tshirt,19389.jpg
3336,Men,Apparel,Topwear,Tshirts,Blue,Fall,2010.0,Sports,ADIDAS Men's Mumbai Indians Rage Blue T-shirt,3336.jpg
7796,Men,Apparel,Topwear,Tshirts,Grey,Fall,2011.0,Casual,Proline Men Grey Polo T-shirt,7796.jpg
51406,Men,Apparel,Topwear,Shirts,Yellow,Summer,2012.0,Casual,Myntra Men Yellow Striped Shirt,51406.jpg
54948,Men,Apparel,Topwear,Sweatshirts,Grey Melange,Summer,2012.0,Casual,Do u speak green Men Grey Sweatshirt,54948.jpg
3104,Men,Apparel,Topwear,Tshirts,Blue,Summer,2011.0,Casual,Probase Men's Wtf Turquoise T-Shirt,3104.jpg
18855,Men,Apparel,Topwear,Tshirts,Blue,Fall,2011.0,Casual,Puma Men Athletic Stellar Blue Polo Tshirt,18855.jpg
6476,Men,Apparel,Topwear,Tshirts,White,Summer,2011.0,Casual,ADIDAS Men's Fit White T-shirt,6476.jpg
14039,Men,Apparel,Topwear,Shirts,Green,Winter,2016.0,Casual,Flying Machine Men Check Green Shirts,14039.jpg
39113,Men,Apparel,Topwear,Tshirts,Red,Summer,2012.0,Casual,Angry Birds Men Red Printed T-shirt,39113.jpg
2479,Men,Apparel,Topwear,Tshirts,Grey,Fall,2010.0,Casual,Puma Men's Foundation Grey Polo T-shirt,2479.jpg
7937,Men,Apparel,Topwear,Tshirts,Green,Fall,2011.0,Sports,Puma Men's Tech Graphic Green Black T-shirt,7937.jpg
21588,Men,Apparel,Topwear,Tshirts,Grey,Summer,2011.0,Casual,Inesis Men Solid Grey Tshirt,21588.jpg
44923,Men,Apparel,Bottomwear,Jeans,Blue,Summer,2012.0,Casual,Jack & Jones Men Blue Jeans,44923.jpg
19170,Men,Apparel,Topwear,Tshirts,Olive,Summer,2011.0,Casual,United Colors of Benetton Men Printed Olive TShirt,19170.jpg
20668,Men,Apparel,Topwear,Tshirts,Maroon,Fall,2011.0,Casual,Classic Polo Men Striped Maroon Tshirt,20668.jpg
5836,Men,Apparel,Topwear,Tshirts,Pink,Summer,2011.0,Casual,ADIDAS Men's Gdancin Pink T-shirt,5836.jpg
15749,Men,Apparel,Bottomwear,Trousers,Navy Blue,Fall,2011.0,Casual,Highlander Men Solid Navy Blue Trousers,15749.jpg
19184,Men,Apparel,Topwear,Shirts,Red,Fall,2011.0,Casual,United Colors Of Benetton Men Red Check Shirt,19184.jpg
29711,Men,Apparel,Topwear,Shirts,Blue,Summer,2012.0,Formal,John Miller Men Check Blue Shirt,29711.jpg
9633,Men,Apparel,Topwear,Shirts,White,Fall,2011.0,Formal,Indigo Nation Men Price catch Blue White Shirts,9633.jpg
10835,Men,Apparel,Topwear,Tshirts,Black,Fall,2011.0,Casual,Wrangler Men Black Polo Tshirts,10835.jpg
10009,Men,Apparel,Topwear,Tshirts,Red,Fall,2011.0,Sports,Nike Men Town Round Red Neck T-Shirts,10009.jpg
43598,Men,Apparel,Topwear,Tshirts,Charcoal,Summer,2012.0,Casual,Angry Birds Men Charcoal T-shirt,43598.jpg
9257,Men,Apparel,Topwear,Shirts,Blue,Fall,2011.0,Formal,Mark Taylor Men Blue Striped Shirt,9257.jpg
29147,Men,Apparel,Topwear,Tshirts,Green,Summer,2012.0,Casual,United Colors of Benetton Men Printed Green T-shirt,29147.jpg
21118,Men,Apparel,Topwear,Shirts,Olive,Fall,2011.0,Casual,s.Oliver Men Check Olive Shirt,21118.jpg
9065,Men,Apparel,Topwear,Shirts,Blue,Fall,2011.0,Formal,Mark Taylor Men Blue Striped Shirt,9065.jpg
9859,Men,Apparel,Topwear,Tshirts,Pink,Fall,2011.0,Casual,Status Quo Men Pink Polo Tshirts,9859.jpg
12934,Men,Apparel,Topwear,Tshirts,Blue,Fall,2011.0,Casual,Classic Polo Men Rugby Scrum Blue Tshirts,12934.jpg
3103,Men,Apparel,Topwear,Tshirts,Navy Blue,Summer,2011.0,Casual,Probase Men's Wtf Blue T-Shirt,3103.jpg
30604,Men,Apparel,Bottomwear,Track Pants,Black,Summer,2012.0,Casual,Nike Men Classic Jersey Black Track Pants,30604.jpg
13486,Men,Apparel,Topwear,Shirts,White,Summer,2011.0,Casual,United Colors of Benetton Men Stripes White Shirts,13486.jpg
19980,Men,Apparel,Topwear,Tshirts,Yellow,Summer,2011.0,Casual,United Colors of Benetton Men Printed Yellow TShirt,19980.jpg
18852,Men,Apparel,Topwear,Tshirts,Navy Blue,Fall,2011.0,Casual,Puma Men Head Navy Blue Tshirt,18852.jpg
24036,Men,Apparel,Topwear,Tshirts,Red,Fall,2011.0,Casual,Locomotive Men Printed Red T-shirt,24036.jpg
33081,Men,Apparel,Topwear,Tshirts,Navy Blue,Summer,2012.0,Casual,U.S. Polo Assn. Denim Co. Men Navy Blue T-Shirt,33081.jpg
10031,Men,Apparel,Topwear,Tshirts,Navy Blue,Fall,2011.0,Sports,Nike Men As Arsenal Co Navy Blue T-Shirts,10031.jpg
24204,Men,Apparel,Bottomwear,Jeans,Blue,Summer,2012.0,Casual,Deni Yo Men Skinny Fit Blue Jeans,24204.jpg
12766,Men,Apparel,Topwear,Tshirts,Navy Blue,Fall,2011.0,Casual,Spykar Men Stripe Navy Blue T-Shirts,12766.jpg
51401,Men,Apparel,Topwear,Shirts,Blue,Summer,2012.0,Casual,Myntra Men Blue and Yellow Check Shirt,51401.jpg
7791,Men,Apparel,Topwear,Tshirts,Green,Fall,2011.0,Casual,Proline Men's Polo Solid Olive T-shirt,7791.jpg
15127,Men,Apparel,Bottomwear,Trousers,Brown,Fall,2012.0,Casual,Arrow Sport Men Solid  Brown Trousers,15127.jpg
10455,Men,Apparel,Topwear,Tshirts,Pink,Fall,2011.0,Casual,Flying Machine Men Mauvemist Purple Tshirts,10455.jpg
18638,Men,Apparel,Topwear,Tshirts,Black,Fall,2011.0,Sports,Puma Men V.11 Speed Black Tshirts,18638.jpg
3755,Men,Apparel,Topwear,Tshirts,Black,Summer,2011.0,Casual,Status Quo Men's Concerts Black T-shirt,3755.jpg
22597,Men,Apparel,Topwear,Tshirts,Orange,Fall,2011.0,Sports,Nike Men Orange T-shirt,22597.jpg
26305,Men,Apparel,Topwear,Tshirts,Cream,Fall,2013.0,Casual,Proline Men Pack of 3 T-Shirts,26305.jpg
6015,Men,Apparel,Topwear,Shirts,Black,Summer,2011.0,Casual,Highlander Men Small Black Checked Shirt,6015.jpg
14001,Men,Apparel,Topwear,Tshirts,Navy Blue,Fall,2011.0,Sports,Nike Men Solid Navy Blue Jerseys,14001.jpg
5456,Men,Apparel,Bottomwear,Shorts,Navy Blue,Summer,2011.0,Sports,Nike Men's Basic Woven Med Blue Short,5456.jpg
24694,Men,Apparel,Topwear,Tshirts,White,Summer,2012.0,Casual,Locomotive Men Striped White T-shirt,24694.jpg
28865,Men,Apparel,Topwear,Tshirts,Brown,Summer,2012.0,Casual,Proline Men Brown Striped Polo T-shirt,28865.jpg
34406,Men,Apparel,Topwear,Tshirts,Black,Summer,2012.0,Casual,Myntra Men Black Printed T-shirt,34406.jpg
30294,Men,Apparel,Topwear,Tshirts,Off White,Summer,2012.0,Casual,Myntra Men Global Response Off White T-shirt,30294.jpg
7133,Men,Apparel,Bottomwear,Track Pants,Grey,Fall,2011.0,Casual,Urban Yoga Men Bottom Grey Yoga Pants,7133.jpg
8947,Men,Apparel,Bottomwear,Trousers,Grey,Fall,2011.0,Casual,Indigo Nation Men ID Printed Grey Trousers,8947.jpg
5664,Men,Apparel,Topwear,Tshirts,Blue,Summer,2011.0,Casual,Tantra Men's Shloka Blue T-shirt,5664.jpg
11741,Men,Apparel,Topwear,Tshirts,Navy Blue,Fall,2011.0,Casual,Lee Men Stripes Navy Blue T-shirt,11741.jpg
19148,Men,Apparel,Topwear,Tshirts,Navy Blue,Summer,2011.0,Casual,United Colors of Benetton Men Navy Blue Polo Tshirt,19148.jpg
26795,Men,Apparel,Topwear,Shirts,Blue,Summer,2013.0,Formal,Arrow Men Blue Shirt,26795.jpg
2025,Men,Apparel,Topwear,Tshirts,Grey,Fall,2010.0,Sports,ADIDAS Mens Full Grey T-shirt,2025.jpg
7557,Men,Apparel,Bottomwear,Shorts,Green,Summer,2011.0,Sports,Nike Men's Tempo 5 Green Short,7557.jpg
6485,Men,Apparel,Topwear,Tshirts,Grey,Summer,2011.0,Casual,ADIDAS Men's Grey Strip T-shirt,6485.jpg
34250,Men,Apparel,Bottomwear,Shorts,Charcoal,Summer,2013.0,Sports,Proline Charcoal Grey Shorts,34250.jpg
14657,Men,Apparel,Bottomwear,Trousers,Grey,Fall,2011.0,Casual,Probase Men Solid DK.Grey Trousers,14657.jpg
33075,Men,Apparel,Topwear,Tshirts,Blue,Summer,2012.0,Casual,U.S.Polo Assn. Men Blue & Orange Striped T-shirt,33075.jpg
44315,Men,Apparel,Bottomwear,Trousers,Blue,Summer,2012.0,Casual,Indian Terrain Men Blue Trousers,44315.jpg
33247,Men,Apparel,Topwear,Shirts,Grey,Summer,2012.0,Formal,Arrow Men Grey Check Shirt,33247.jpg
11117,Men,Apparel,Topwear,Shirts,Grey,Fall,2011.0,Formal,Indigo Nation Men Solid Grey Shirts,11117.jpg
12792,Men,Apparel,Topwear,Tshirts,Black,Fall,2011.0,Sports,Nike Men Manchester United Black Jersey,12792.jpg
16332,Men,Apparel,Topwear,Shirts,Red,Fall,2011.0,Formal,Peter England Men Stripes Red Shirt,16332.jpg
44588,Men,Apparel,Topwear,Shirts,White,Summer,2012.0,Casual,Scullers Men White & Navy Blue Check Shirt,44588.jpg
9062,Men,Apparel,Topwear,Shirts,Pink,Fall,2011.0,Formal,Mark Taylor Men Pink Striped Shirt,9062.jpg
23648,Men,Apparel,Topwear,Tshirts,Maroon,Summer,2012.0,Casual,Disney Men Maroon Printed T-shirt,23648.jpg
12933,Men,Apparel,Topwear,Tshirts,Green,Fall,2011.0,Casual,Classic Polo Men Broad Stripes Green Tshirts,12933.jpg
9250,Men,Apparel,Topwear,Shirts,Red,Fall,2011.0,Formal,Mark Taylor Men Red Striped Shirt,9250.jpg
15118,Men,Apparel,Bottomwear,Trousers,Black,Fall,2013.0,Formal,Arrow Men Stripes Black Trousers,15118.jpg
35947,Men,Apparel,Topwear,Shirts,White,Summer,2012.0,Casual,Flying Machine Men White Shirt,35947.jpg
9634,Men,Apparel,Topwear,Shirts,White,Fall,2011.0,Formal,Indigo Nation Men Price catch Black White Shirts,9634.jpg
10832,Men,Apparel,Topwear,Tshirts,Green,Fall,2011.0,Casual,Wrangler Men American Music Folk Green T-Shirts,10832.jpg
19183,Men,Apparel,Topwear,Shirts,Grey,Fall,2011.0,Casual,United Colors of Benetton Men Check Grey Shirt,19183.jpg
9406,Men,Apparel,Topwear,Tshirts,Black,Fall,2011.0,Casual,Puma Men Scribble Graphic Black Tshirts,9406.jpg
15588,Men,Apparel,Topwear,Shirts,Blue,Fall,2011.0,Casual,Spykar Men Striped Blue Shirt,15588.jpg
5831,Men,Apparel,Topwear,Tshirts,Black,Summer,2011.0,Sports,Puma Men's Cbn Logo Black T-Shirt,5831.jpg
11128,Men,Apparel,Bottomwear,Track Pants,Beige,Fall,2011.0,Sports,Urban Yoga Men Solid Beige Track Pants,11128.jpg
14668,Men,Apparel,Topwear,Shirts,White,Fall,2011.0,Casual,Basics Men White Slim Fit Checked Shirt,14668.jpg
44924,Men,Apparel,Bottomwear,Jeans,Blue,Summer,2012.0,Casual,Jack & Jones Men Blue Jeans,44924.jpg
32198,Men,Apparel,Topwear,Kurtas,Grey,Summer,2012.0,Ethnic,Fabindia Men Printed Grey Kurta,32198.jpg
19177,Men,Apparel,Topwear,Shirts,Navy Blue,Fall,2011.0,Casual,United Colors Of Benetton Men Navy Blue Shirt,19177.jpg
16903,Men,Apparel,Topwear,Sweatshirts,Grey,Fall,2011.0,Casual,Status Quo Men Solid Dark Grey Sweatshirt,16903.jpg
7568,Men,Apparel,Topwear,Tshirts,Black,Summer,2011.0,Sports,Nike Men's Black Polo T-shirt,7568.jpg
28630,Men,Apparel,Bottomwear,Track Pants,Grey,Summer,2012.0,Sports,Nike Men Pintuck Grey Track Pants,28630.jpg
4789,Men,Apparel,Topwear,Tshirts,Grey,Summer,2011.0,Sports,ADIDAS Men's Demon Grey T-shirt,4789.jpg
7930,Men,Apparel,Topwear,Tshirts,Black,Fall,2011.0,Casual,Proline Men Black Polo T-shirt,7930.jpg
13815,Men,Apparel,Topwear,Tshirts,Grey,Fall,2011.0,Casual,Proline Pack of 3 Printed T-shirts,13815.jpg
19721,Men,Apparel,Topwear,Shirts,Grey,Fall,2011.0,Casual,United Colors Of Benetton Men Grey Shirt,19721.jpg
7953,Men,Apparel,Topwear,Tshirts,Navy Blue,Fall,2011.0,Casual,Puma Men's Lifestyle Polo Mood Indigo T-shirt,7953.jpg
12198,Men,Apparel,Topwear,Tshirts,Purple,Fall,2011.0,Casual,Basics Men Solid Purple Tshirts,12198.jpg
19570,Men,Apparel,Topwear,Tshirts,Blue,Fall,2011.0,Casual,United Colors of Benetton Men Printed Blue TShirt,19570.jpg
16538,Men,Apparel,Topwear,Shirts,White,Fall,2011.0,Casual,Basics Men White Slim Fit Checked Shirt,16538.jpg
8315,Men,Apparel,Topwear,Tshirts,Blue,Spring,2013.0,Casual,Wildcraft Men Organic Cotton Blue T-shirt,8315.jpg
58372,Men,Apparel,Topwear,Tshirts,Beige,Summer,2012.0,Casual,Locomotive Men Beige T-shirt,58372.jpg
39345,Men,Apparel,Topwear,Tshirts,Blue,Fall,2012.0,Casual,Mr. Men Blue T-shirt,39345.jpg
19326,Men,Apparel,Topwear,Sweatshirts,Blue,Fall,2011.0,Casual,Myntra Men Solid Blue Sweatshirt,19326.jpg
23089,Men,Apparel,Bottomwear,Trousers,Beige,Fall,2011.0,Casual,Arrow Men Beige Trousers,23089.jpg
33815,Men,Apparel,Bottomwear,Trousers,Black,Summer,2012.0,Formal,Van Heusen Men Classic Pleated Black Trousers,33815.jpg
19114,Men,Apparel,Topwear,Tshirts,White,Summer,2016.0,Casual,Campbell Men Pack of 3 T-Shirts,19114.jpg
2845,Men,Apparel,Topwear,Tshirts,Blue,Summer,2011.0,Casual,Mr.Men Men's Mr.Noisy Blue T-shirt,2845.jpg
22369,Men,Apparel,Bottomwear,Trousers,Navy Blue,Fall,2011.0,Casual,Highlander Men Solid Navy Blue Trouser,22369.jpg
29781,Men,Apparel,Bottomwear,Trousers,Charcoal,Summer,2013.0,Casual,Basics Men Steel Charcoal Trousers,29781.jpg
9657,Men,Apparel,Topwear,Shirts,Red,Fall,2011.0,Casual,Indigo Nation Men Reversible Bling Red Shirts,9657.jpg
54913,Men,Apparel,Topwear,Sweatshirts,Beige,Summer,2012.0,Casual,Do u speak green Men Printed Beige Sweatshirt,54913.jpg
17248,Men,Apparel,Topwear,Tshirts,Navy Blue,Fall,2011.0,Casual,U.S. Polo Assn. Men Stripes Navy Blue  Polo Tshirt,17248.jpg
28495,Men,Apparel,Bottomwear,Track Pants,Black,Summer,2012.0,Sports,Urban Yoga Men Black Track Pants,28495.jpg
29547,Men,Apparel,Topwear,Tshirts,Yellow,Summer,2012.0,Casual,Classic Polo Men Printed Yellow T-shirt,29547.jpg
10851,Men,Apparel,Topwear,Tshirts,Brown,Fall,2011.0,Casual,Wrangler Men Applique Polo Brown T-Shirts,10851.jpg
38607,Men,Apparel,Topwear,Tshirts,Yellow,Summer,2012.0,Casual,Nike Men Yellow Just Do It T-shirt,38607.jpg
1608,Men,Apparel,Bottomwear,Track Pants,Blue,Fall,2010.0,Sports,Reebok Track Pants Jet Black,1608.jpg
9465,Men,Apparel,Topwear,Shirts,White,Fall,2011.0,Formal,John Miller Men White Self Structure Shirts,9465.jpg
19584,Men,Apparel,Topwear,Tshirts,Grey,Fall,2011.0,Casual,United Colors of Benetton Men Stripes Grey Tshirt,19584.jpg
12950,Men,Apparel,Topwear,Shirts,White,Fall,2011.0,Casual,Basics Men White Slim Fit Checked Shirt,12950.jpg
13882,Men,Apparel,Topwear,Shirts,Purple,Fall,2011.0,Casual,Scullers Men Check Purple Shirts,13882.jpg
6049,Men,Apparel,Topwear,Tshirts,Black,Summer,2011.0,Casual,UCB Men's Polo Neck T-shirt In Solid Heavy Wash Black T-shirt,6049.jpg
3709,Men,Apparel,Topwear,Tshirts,Purple,Summer,2011.0,Casual,Classic Polo Men's Purple Black Stripe T-shirt,3709.jpg
9233,Men,Apparel,Topwear,Shirts,Blue,Fall,2011.0,Formal,Mark Taylor Men Blue Striped Shirt,9233.jpg
1862,Men,Apparel,Topwear,Tshirts,Grey,Summer,2011.0,Casual,Inkfruit Mens Urban Warfare T-shirt,1862.jpg
10409,Men,Apparel,Topwear,Tshirts,Green,Fall,2011.0,Casual,United Colors of Benetton Men Green Polo Tshirts,10409.jpg
32759,Men,Apparel,Topwear,Shirts,Purple,Summer,2012.0,Casual,Indigo Nation Men Striped Purple Shirt,32759.jpg
2046,Men,Apparel,Topwear,Tshirts,Blue,Fall,2010.0,Casual,ADIDAS Mens Fitted Blue T-shirt,2046.jpg
27624,Men,Apparel,Bottomwear,Shorts,Cream,Summer,2012.0,Casual,Scullers Men Cream Shorts,27624.jpg
13411,Men,Apparel,Topwear,Shirts,Pink,Summer,2011.0,Casual,United Colors of Benetton Men Stripes Pink Shirts,13411.jpg
34233,Men,Apparel,Topwear,Tshirts,Mustard,Summer,2013.0,Casual,Proline Men Mustard Yellow T-shirt,34233.jpg
7534,Men,Apparel,Topwear,Tshirts,White,Summer,2011.0,Sports,Nike men's As Nike Spher White Orange T-shirt,7534.jpg
22356,Men,Apparel,Topwear,Shirts,White,Fall,2011.0,Casual,John Players Men Solid White Shirt,22356.jpg
11346,Men,Apparel,Bottomwear,Jeans,Blue,Spring,2013.0,Casual,Lee Men Blue Zed Fit Jeans,11346.jpg
2274,Men,Apparel,Topwear,Tshirts,White,Fall,2010.0,Sports,Nike Mens AS White T-shirt,2274.jpg
17283,Men,Apparel,Topwear,Tshirts,Brown,Fall,2011.0,Casual,U.S. Polo Assn. Men Stripes Brown Polo Tshirt,17283.jpg
16351,Men,Apparel,Topwear,Shirts,Cream,Fall,2011.0,Formal,Peter England Men Stripes Cream Shirt,16351.jpg
14062,Men,Apparel,Topwear,Tshirts,Grey,Fall,2011.0,Casual,Flying Machine Men Stripes Grey Polo Tshirts,14062.jpg
20257,Men,Apparel,Topwear,Tshirts,Blue,Fall,2011.0,Casual,Wrangler Men Wing Blue Tshirt,20257.jpg
5435,Men,Apparel,Topwear,Tshirts,Grey,Summer,2011.0,Sports,Nike Men's Encourage The Rookies Grey T-shirt,5435.jpg
21385,Men,Apparel,Bottomwear,Track Pants,Navy Blue,Fall,2011.0,Casual,Manchester United Men Solid Navy Blue Track Pants,21385.jpg
28806,Men,Apparel,Topwear,Shirts,Black,Summer,2012.0,Casual,Denizen Men Check Black Shirt,28806.jpg
16507,Men,Apparel,Bottomwear,Jeans,Blue,Fall,2011.0,Casual,Locomotive Men Washed Blue Jeans,16507.jpg
6082,Men,Apparel,Topwear,Tshirts,Blue,Summer,2011.0,Casual,UCB Men's Polo Neck Blue T-shirt,6082.jpg
13849,Men,Apparel,Topwear,Shirts,White,Fall,2011.0,Casual,Indigo Nation Men Check White Shirts,13849.jpg
11722,Men,Apparel,Topwear,Shirts,Red,Summer,2011.0,Casual,Lee Men Check Red Shirts,11722.jpg
14096,Men,Apparel,Topwear,Tshirts,Blue,Fall,2011.0,Casual,Flying Machine Men Stripes Blue Tshirts,14096.jpg
15144,Men,Apparel,Topwear,Shirts,White,Fall,2011.0,Casual,Arrow Sport Men Self-Stripes White Shirts,15144.jpg
10436,Men,Apparel,Topwear,Tshirts,Pink,Fall,2011.0,Casual,Flying Machine Men Pink Polo Tshirts,10436.jpg
32766,Men,Apparel,Topwear,Shirts,White,Summer,2012.0,Formal,John Miller Men Striped White Shirt,32766.jpg
12361,Men,Apparel,Topwear,Shirts,Blue,Fall,2011.0,Formal,Reid & Taylor Men Solid Blue Shirts,12361.jpg
19789,Men,Apparel,Topwear,Tshirts,Orange,Winter,2016.0,Casual,U.S. Polo Assn. Men Solid Orange Tshirt,19789.jpg
26154,Men,Apparel,Bottomwear,Trousers,Black,Summer,2012.0,Formal,John Miller Men Black Trousers,26154.jpg
6076,Men,Apparel,Topwear,Tshirts,White,Summer,2011.0,Casual,UCB Men's Polo Neck Striper White Yellow T-shirt,6076.jpg
12537,Men,Apparel,Bottomwear,Track Pants,Grey,Fall,2011.0,Casual,Puma Men Solid Grey Track Pants,12537.jpg
8588,Men,Apparel,Topwear,Shirts,Blue,Fall,2011.0,Casual,Scullers Men Scul Blue Shirts,8588.jpg
16197,Men,Apparel,Topwear,Tshirts,Green,Fall,2011.0,Casual,Puma Men Rugby Green TShirt,16197.jpg
36590,Men,Apparel,Topwear,Shirts,Red,Summer,2012.0,Casual,Provogue Men Eternity Red Shirt,36590.jpg
10260,Men,Apparel,Bottomwear,Trousers,Grey,Fall,2011.0,Formal,John Miller Men Line Grey Trousers,10260.jpg
24055,Men,Apparel,Topwear,Tshirts,Grey,Summer,2012.0,Casual,Locomotive Men Grey Striped T-shirt,24055.jpg
38638,Men,Apparel,Topwear,Tshirts,Black,Summer,2012.0,Casual,Nike Men Printed Black T-shirt,38638.jpg
24267,Men,Apparel,Topwear,Shirts,Blue,Summer,2012.0,Casual,Quiksilver Men Blue Check Shirt,24267.jpg
3352,Men,Apparel,Topwear,Tshirts,Yellow,Summer,2011.0,Casual,Myntra Men's I Am Not Lazy Yellow T-shirt,3352.jpg
31587,Men,Apparel,Topwear,Tshirts,Black,Summer,2012.0,Casual,Mark Taylor Men Printed Black T-shirt,31587.jpg
23042,Men,Apparel,Bottomwear,Trousers,Navy Blue,Fall,2011.0,Formal,Arrow Men Navy Blue Trousers,23042.jpg
17277,Men,Apparel,Topwear,Tshirts,Navy Blue,Fall,2011.0,Casual,U.S. Polo Assn. Men Printed Navy Blue Tshirt,17277.jpg
1865,Men,Apparel,Topwear,Tshirts,White,Summer,2011.0,Casual,Inkfruit Men Operation Kick,1865.jpg
58381,Men,Apparel,Topwear,Tshirts,Grey,Summer,2012.0,Casual,Locomotive Men Grey T-shirt,58381.jpg
19583,Men,Apparel,Topwear,Tshirts,Black,Summer,2011.0,Casual,United Colors of Benetton Men Stripes Black Tshirt,19583.jpg
13885,Men,Apparel,Topwear,Shirts,Black,Fall,2011.0,Casual,Scullers Men Check Black Shirts,13885.jpg
10258,Men,Apparel,Bottomwear,Trousers,Navy Blue,Fall,2011.0,Formal,John Miller Men Line Navy Blue Trousers,10258.jpg
9462,Men,Apparel,Topwear,Shirts,White,Fall,2011.0,Formal,John Miller Men White Check Shirt,9462.jpg
29772,Men,Apparel,Topwear,Shirts,Red,Summer,2012.0,Casual,Wrangler Men Red Striped Casual Shirt,29772.jpg
9650,Men,Apparel,Topwear,Shirts,Purple,Fall,2011.0,Casual,Indigo Nation Men Club Satin Purple Shirt,9650.jpg
26508,Men,Apparel,Bottomwear,Trousers,Brown,Fall,2013.0,Casual,Arrow Sport Men Brown Trousers,26508.jpg
8782,Men,Apparel,Topwear,Shirts,Purple,Fall,2011.0,Casual,Indigo Nation Men Bling PC Purple Shirts,8782.jpg
28492,Men,Apparel,Topwear,Shirts,Blue,Summer,2012.0,Casual,Urban Yoga Men Blue Shirt,28492.jpg
6618,Men,Apparel,Topwear,Shirts,Purple,Summer,2011.0,Casual,Spykar Men Purple and white Check Shirt,6618.jpg
10856,Men,Apparel,Topwear,Tshirts,Black,Fall,2011.0,Casual,Wrangler Men Black Polo Tshirts,10856.jpg
38600,Men,Apparel,Topwear,Tshirts,Yellow,Summer,2012.0,Casual,Nike Men Yellow Cave T-shirt,38600.jpg
4389,Men,Apparel,Topwear,Tshirts,Black,Summer,2011.0,Casual,Free Authority Men's Music Space Black T-shirt,4389.jpg
13429,Men,Apparel,Topwear,Tshirts,Maroon,Summer,2011.0,Casual,United Colors of Benetton Men Printed Maroon Tshirts,13429.jpg
19113,Men,Apparel,Topwear,Tshirts,White,Summer,2016.0,Casual,Campbell Men Pack of 3 Solid Tshirts,19113.jpg
2842,Men,Apparel,Topwear,Tshirts,Grey,Summer,2011.0,Casual,Mr.Men Men's Mr.Mischief Grey T-shirt,2842.jpg
3990,Men,Apparel,Topwear,Tshirts,Blue,Summer,2011.0,Casual,Mr.Men Men's Surfer Blue T-shirt,3990.jpg
29786,Men,Apparel,Topwear,Tshirts,Green,Summer,2013.0,Casual,Basics Men Green Polo T-shirt,29786.jpg
19321,Men,Apparel,Topwear,Sweatshirts,Grey,Fall,2011.0,Casual,Myntra Men Solid Grey Sweatshirt,19321.jpg
8776,Men,Apparel,Topwear,Shirts,Green,Fall,2011.0,Casual,Indigo Nation Men Check Me Out Green Shirts,8776.jpg
16369,Men,Apparel,Bottomwear,Trousers,Grey,Fall,2011.0,Formal,Peter England Men Solid Grey Trouser,16369.jpg
11970,Men,Apparel,Topwear,Tshirts,Grey,Fall,2011.0,Casual,Batman Men's Good Evil Grey T-shirt,11970.jpg
19745,Men,Apparel,Topwear,Tshirts,Red,Summer,2011.0,Casual,ADIDAS Originals Men Red Polo T-shirt,19745.jpg
58375,Men,Apparel,Topwear,Tshirts,Blue,Summer,2012.0,Casual,Locomotive Men Blue T-shirt,58375.jpg
1891,Men,Apparel,Topwear,Tshirts,White,Winter,2010.0,Casual,FIFA Mens Essentials White T-shirt,1891.jpg
57933,Men,Apparel,Topwear,Tshirts,Grey Melange,Summer,2012.0,Casual,French Connection Men Grey Melange T-shirt,57933.jpg
7954,Men,Apparel,Topwear,Tshirts,Blue,Fall,2011.0,Sports,Puma Men's Knit Polo Mazarine Blue Polo T-shirt,7954.jpg
7168,Men,Apparel,Topwear,Shirts,Blue,Fall,2011.0,Casual,Scullers Men Scul Blue White Shirt,7168.jpg
13871,Men,Apparel,Topwear,Shirts,Beige,Fall,2011.0,Casual,Scullers Men Stripes Beige Shirts,13871.jpg
15527,Men,Apparel,Topwear,Tshirts,White,Fall,2011.0,Casual,Puma Men Scribble White Tshirts,15527.jpg
10869,Men,Apparel,Topwear,Tshirts,White,Fall,2011.0,Casual,Wrangler Men Fly The Wind White T-Shirts,10869.jpg
2287,Men,Apparel,Topwear,Tshirts,White,Summer,2011.0,Casual,Nike Men White T-shirt,2287.jpg
18238,Men,Apparel,Topwear,Tshirts,White,Fall,2011.0,Casual,Manchester United Men Printed White Tshirt,18238.jpg
3355,Men,Apparel,Topwear,Tshirts,Black,Summer,2011.0,Casual,Myntra Men's Need for speed Black T-shirt,3355.jpg
31580,Men,Apparel,Topwear,Tshirts,Navy Blue,Summer,2012.0,Casual,Mark Taylor Men Printed Navy Blue T-shirt,31580.jpg
17270,Men,Apparel,Topwear,Tshirts,Black,Fall,2011.0,Casual,U.S. Polo Assn. Men Black Polo Tshirt,17270.jpg
16190,Men,Apparel,Topwear,Jackets,Navy Blue,Fall,2011.0,Sports,Puma Men Heroes Navy Blue Jackets,16190.jpg
24052,Men,Apparel,Topwear,Tshirts,Blue,Fall,2011.0,Casual,Locomotive Men Printed Blue T-shirt,24052.jpg
9805,Men,Apparel,Topwear,Shirts,Black,Fall,2011.0,Formal,John Miller Men Black Checks Shirts,9805.jpg
21376,Men,Apparel,Topwear,Tshirts,Green,Fall,2011.0,Casual,Manchester United Men Printed Green T-shirt,21376.jpg
10431,Men,Apparel,Topwear,Shirts,Grey,Fall,2011.0,Casual,Flying Machine Men Ydc Grey Shirts,10431.jpg
26153,Men,Apparel,Bottomwear,Trousers,Black,Summer,2012.0,Formal,John Miller Men Striped Black Trousers,26153.jpg
3731,Men,Apparel,Topwear,Tshirts,Yellow,Summer,2011.0,Sports,CSK Mens Premium Jersey,3731.jpg
6243,Men,Apparel,Topwear,Tshirts,Green,Summer,2011.0,Casual,UCB Men's Contrast Logo Olive Green T-shirt,6243.jpg
19548,Men,Apparel,Topwear,Sweatshirts,Purple,Fall,2011.0,Casual,United Colors of Benetton Men Solid Purple Sweatshirt,19548.jpg
11725,Men,Apparel,Topwear,Tshirts,Orange,Fall,2011.0,Casual,Lee Men Printed Orange Tshirts,11725.jpg
5432,Men,Apparel,Topwear,Tshirts,Blue,Summer,2011.0,Casual,Nike Men's Cruiser Run The City Blue T-shirt,5432.jpg
20250,Men,Apparel,Topwear,Tshirts,Grey,Fall,2011.0,Casual,Wrangler Men Music Grey Tshirt,20250.jpg
14065,Men,Apparel,Topwear,Tshirts,White,Fall,2011.0,Casual,Flying Machine Men Stripes White Polo Tshirts,14065.jpg
59298,Men,Apparel,Topwear,Shirts,Green,Fall,2012.0,Casual,U.S. Polo Assn. Men Striped Green Shirt,59298.jpg
21382,Men,Apparel,Bottomwear,Shorts,White,Fall,2011.0,Casual,Manchester United Men Solid White Shorts,21382.jpg
2617,Men,Apparel,Topwear,Tshirts,Red,Summer,2011.0,Sports,Nike Mens Red Bleed Blue T-shirt,2617.jpg
44371,Men,Apparel,Topwear,Tshirts,Purple,Summer,2012.0,Casual,Classic Polo Men Purple T-shirt,44371.jpg
41603,Men,Apparel,Topwear,Shirts,Black,Summer,2012.0,Casual,Basics Men Black Shirt,41603.jpg
2273,Men,Apparel,Topwear,Tshirts,Red,Summer,2011.0,Sports,Nike Mens Red Polo T-shirt,2273.jpg
31574,Men,Apparel,Topwear,Tshirts,Beige,Summer,2012.0,Casual,Mark Taylor Men Printed Beige T-shirt,31574.jpg
8749,Men,Apparel,Topwear,Shirts,Purple,Fall,2011.0,Casual,Indigo Nation Men Stripes Shirt Purple Shirts,8749.jpg
17284,Men,Apparel,Topwear,Tshirts,Blue,Fall,2011.0,Casual,U.S. Polo Assn. Men Stripes Fedral Blue Polo  Tshirt,17284.jpg
13416,Men,Apparel,Topwear,Shirts,Pink,Summer,2011.0,Casual,United Colors of Benetton Men Check Pink Shirts,13416.jpg
27623,Men,Apparel,Bottomwear,Shorts,Beige,Summer,2012.0,Casual,Scullers Men Beige Shorts,27623.jpg
2041,Men,Apparel,Topwear,Tshirts,Grey,Fall,2010.0,Sports,ADIDAS Mens Fire Grey T-shirt,2041.jpg
3193,Men,Apparel,Topwear,Tshirts,Beige,Summer,2011.0,Casual,Tantra Men's Nerds Light Brown T-shirt,3193.jpg
34234,Men,Apparel,Topwear,Tshirts,Navy Blue,Summer,2013.0,Casual,Proline Men Navy Polo T-shirt,34234.jpg
22351,Men,Apparel,Topwear,Shirts,Green,Fall,2011.0,Casual,John Players Men Check Green Shirt,22351.jpg
7533,Men,Apparel,Bottomwear,Shorts,Black,Summer,2011.0,Sports,Nike Men's As T90 Black Short,7533.jpg
36563,Men,Apparel,Topwear,Tshirts,Blue,Summer,2012.0,Casual,Jack & Jones Men Polo Blue T-shirt,36563.jpg
11341,Men,Apparel,Bottomwear,Jeans,Blue,Summer,2017.0,Casual,Lee Men Light Blue Chicago Fit Jeans,11341.jpg
8586,Men,Apparel,Topwear,Shirts,Red,Fall,2011.0,Casual,Scullers Men Red Shirt,8586.jpg
18003,Men,Apparel,Topwear,Tshirts,Blue,Summer,2011.0,Sports,Puma Men Training Polo Blue Tshirt,18003.jpg
9454,Men,Apparel,Topwear,Shirts,White,Fall,2011.0,Formal,John Miller Men White Check Shirt,9454.jpg
16199,Men,Apparel,Topwear,Tshirts,Blue,Fall,2011.0,Casual,Puma Men Blue Polo T-Shirt,16199.jpg
24269,Men,Apparel,Topwear,Tshirts,Grey,Fall,2011.0,Casual,Quiksilver Men Grey Printed T-shirt,24269.jpg
38636,Men,Apparel,Topwear,Tshirts,Blue,Summer,2012.0,Casual,Nike Men Blue Cricket Tee T-shirt,38636.jpg
31589,Men,Apparel,Topwear,Tshirts,Black,Summer,2012.0,Casual,Mark Taylor Men Printed Black T-shirt,31589.jpg
23870,Men,Apparel,Bottomwear,Track Pants,Black,Fall,2011.0,Casual,ADIDAS Men Black  Track Pant,23870.jpg
9666,Men,Apparel,Topwear,Shirts,Blue,Fall,2011.0,Casual,Indigo Nation Men Bling Blue Shirts,9666.jpg
18231,Men,Apparel,Topwear,Tshirts,Navy Blue,Fall,2011.0,Casual,Manchester United Men Printed Navy Blue Tshirt,18231.jpg
17279,Men,Apparel,Topwear,Tshirts,Navy Blue,Fall,2011.0,Casual,U.S. Polo Assn. Men Printed Navy Blue Tshirt,17279.jpg
1853,Men,Apparel,Topwear,Tshirts,Yellow,Summer,2011.0,Casual,Inkfruit Mens Little Bit More T-shirt,1853.jpg
14098,Men,Apparel,Topwear,Tshirts,Blue,Fall,2011.0,Casual,Flying Machine Men Printed Blue Tshirts,14098.jpg
15976,Men,Apparel,Topwear,Shirts,Purple,Fall,2011.0,Casual,Turtle Solid Men Purple Shirt,15976.jpg
32768,Men,Apparel,Topwear,Tshirts,Grey,Spring,2013.0,Casual,Music Men Printed Grey T-shirt,32768.jpg
39380,Men,Apparel,Bottomwear,Jeans,White,Summer,2012.0,Casual,Peter England Men Blue Party Jeans,39380.jpg
10438,Men,Apparel,Bottomwear,Jeans,Blue,Fall,2011.0,Casual,Flying Machine Men Midrise Blue Jeans,10438.jpg
19787,Men,Apparel,Topwear,Tshirts,White,Winter,2016.0,Casual,U.S. Polo Assn. Men Solid White Tshirt,19787.jpg
3738,Men,Apparel,Topwear,Tshirts,White,Fall,2010.0,Sports,Lotto Men's Kochi Tuskers Cotton Graphic White T-shirt,3738.jpg
30803,Men,Apparel,Topwear,Shirts,Blue,Summer,2012.0,Ethnic,Fabindia Men Blue Shirt,30803.jpg
7996,Men,Apparel,Topwear,Tshirts,Purple,Fall,2011.0,Sports,Fila Men's Striper Pique Polo Purple Navy T-shirt,7996.jpg
29320,Men,Apparel,Topwear,Tshirts,Green,Summer,2012.0,Sports,ADIDAS Men Green Jersey,29320.jpg
20259,Men,Apparel,Topwear,Tshirts,White,Fall,2011.0,Casual,Wrangler Men Polo White T-shirt,20259.jpg
15982,Men,Apparel,Topwear,Shirts,Grey,Fall,2011.0,Casual,Turtle Stripes Men Grey Shirt,15982.jpg
28808,Men,Apparel,Topwear,Shirts,Black,Summer,2012.0,Casual,Denizen Men Striped Black Shirt,28808.jpg
7962,Men,Apparel,Topwear,Tshirts,Black,Fall,2011.0,Sports,Puma Men's Graphic Black Red T-shirt,7962.jpg
16509,Men,Apparel,Bottomwear,Jeans,Blue,Fall,2011.0,Casual,Locomotive Men Washed Blue Jeans,16509.jpg
2048,Men,Apparel,Topwear,Tshirts,Black,Fall,2010.0,Sports,ADIDAS Men's Crew Black T-shirt,2048.jpg
22358,Men,Apparel,Topwear,Shirts,Beige,Fall,2011.0,Casual,John Players Men Solid Beige Shirt,22358.jpg
11348,Men,Apparel,Bottomwear,Jeans,Navy Blue,Summer,2017.0,Casual,Lee Men Navy Blue Powell Fit Jeans,11348.jpg
5863,Men,Apparel,Topwear,Tshirts,Purple,Summer,2011.0,Casual,ADIDAS Men's Saltero Purple T-shirt,5863.jpg
8740,Men,Apparel,Topwear,Shirts,Navy Blue,Fall,2011.0,Casual,Indigo Nation Men Checks Navy Blue Shirt,8740.jpg
9692,Men,Apparel,Topwear,Tshirts,Navy Blue,Fall,2011.0,Casual,Classic Polo Men Ikon Navy Blue Polo Tshirts,9692.jpg
15347,Men,Apparel,Topwear,Tshirts,Black,Fall,2011.0,Sports,Nike Men Special Edition 3 Star Cricket Fan Black Tshirts,15347.jpg
14295,Men,Apparel,Topwear,Tshirts,Black,Fall,2011.0,Casual,Classic Polo Men Printed pack of 3 Tshirts,14295.jpg
3535,Men,Apparel,Topwear,Tshirts,Navy Blue,Summer,2011.0,Casual,Myntra Men's Saadhu Starter Kit Navy Blue T-shirt,3535.jpg
12350,Men,Apparel,Topwear,Shirts,Pink,Fall,2011.0,Formal,Reid & Taylor Men Pink Striped Shirt,12350.jpg
3707,Men,Apparel,Topwear,Tshirts,Purple,Summer,2011.0,Casual,Classic Polo Men's Purple Black & Cream Stripe T-shirt,3707.jpg
53760,Men,Apparel,Topwear,Tshirts,Navy Blue,Summer,2012.0,Casual,Puma Men Navy Blue and White T-shirt,53760.jpg
10407,Men,Apparel,Topwear,Shirts,Grey,Fall,2011.0,Formal,United Colors of Benetton Men Solid Grey Shirts,10407.jpg
9659,Men,Apparel,Topwear,Shirts,Blue,Fall,2011.0,Casual,Indigo Nation Men Reversible Bling Blue Shirts,9659.jpg
16394,Men,Apparel,Topwear,Shirts,Blue,Fall,2011.0,Casual,Levis Men Check Blue  Shirts,16394.jpg
17246,Men,Apparel,Topwear,Tshirts,Navy Blue,Fall,2011.0,Casual,U.S. Polo Assn. Men Stripes Navy Blue Polo Tshirt,17246.jpg
23073,Men,Apparel,Bottomwear,Trousers,Grey,Winter,2014.0,Formal,Arrow Men Grey Trousers,23073.jpg
6611,Men,Apparel,Topwear,Shirts,Navy Blue,Summer,2011.0,Casual,Spykar Men Stripes Navy Blue Shirt,6611.jpg
5094,Men,Apparel,Topwear,Tshirts,Brown,Summer,2011.0,Casual,Wrangler Men's Reverse Print Brown T-shirt,5094.jpg
10063,Men,Apparel,Topwear,Tshirts,Yellow,Fall,2011.0,Casual,Puma Men spine tee Yellow Tshirts,10063.jpg
38609,Men,Apparel,Topwear,Tshirts,Blue,Summer,2012.0,Casual,Nike Men Printed Blue T-shirt,38609.jpg
24858,Men,Apparel,Topwear,Shirts,White,Summer,2011.0,Formal,Mark Taylor Men White Striped Shirt,24858.jpg
4374,Men,Apparel,Topwear,Tshirts,Black,Summer,2011.0,Casual,Batman Men's Batman Big Face Black T-shirt,4374.jpg
19328,Men,Apparel,Topwear,Sweatshirts,Maroon,Fall,2011.0,Casual,Myntra Men Maroon Sweatshirt,19328.jpg
46410,Men,Apparel,Topwear,Tshirts,Purple,Summer,2012.0,Casual,ADIDAS Men Purple Printed T-shirt,46410.jpg
16360,Men,Apparel,Topwear,Shirts,Purple,Fall,2011.0,Formal,Peter England Men Stripes Purple Shirt,16360.jpg
11145,Men,Apparel,Topwear,Shirts,Purple,Fall,2011.0,Casual,Indigo Nation Men Bling Purple Shirts,11145.jpg
4380,Men,Apparel,Topwear,Tshirts,Red,Summer,2011.0,Casual,Superman Men's Dont Art Me Dark Red T-shirt,4380.jpg
24090,Men,Apparel,Topwear,Sweatshirts,Red,Fall,2011.0,Casual,Manchester United Men Red Sweatshirt,24090.jpg
11377,Men,Apparel,Topwear,Shirts,Pink,Fall,2011.0,Formal,United Colors of Benetton Men Summer Pink Shirts,11377.jpg
13420,Men,Apparel,Topwear,Tshirts,Purple,Summer,2011.0,Casual,United Colors of Benetton Men Solid Purple  polo T-shirts,13420.jpg
22367,Men,Apparel,Topwear,Tshirts,Red,Fall,2011.0,Casual,Ed Hardy Men Vintage  Brick Red T-Shirt,22367.jpg
7505,Men,Apparel,Topwear,Tshirts,White,Summer,2011.0,Sports,Nike Men's As Go Dunk T-Shirts,7505.jpg
34202,Men,Apparel,Bottomwear,Track Pants,Black,Fall,2013.0,Casual,Proline Men Black Track Pants,34202.jpg
12196,Men,Apparel,Topwear,Tshirts,White,Fall,2011.0,Casual,Basics Men White Polo T-shirt,12196.jpg
13878,Men,Apparel,Topwear,Shirts,Red,Fall,2011.0,Casual,Scullers Men Check Red Shirts,13878.jpg
2621,Men,Apparel,Topwear,Tshirts,Blue,Fall,2010.0,Sports,Nike Men's Bleed blue India Colors T-shirt,2621.jpg
43506,Men,Apparel,Topwear,Tshirts,Blue,Summer,2012.0,Casual,French Connection Men Blue T-shirt,43506.jpg
7353,Men,Apparel,Topwear,Tshirts,Grey,Fall,2011.0,Casual,Tantra Men's Moustaches Grey T-shirt,7353.jpg
16704,Men,Apparel,Topwear,Tshirts,Navy Blue,Fall,2011.0,Casual,Fila Men High Density Navy Blue Tshirt,16704.jpg
36303,Men,Apparel,Topwear,Tshirts,Black,Summer,2012.0,Casual,Angry Birds Men Black Stop The Madness T-shirt,36303.jpg
14053,Men,Apparel,Topwear,Shirts,Blue,Fall,2011.0,Casual,Flying Machine Men Check  Blue Shirts,14053.jpg
53794,Men,Apparel,Topwear,Tshirts,Red,Summer,2012.0,Casual,Puma Men Red Ferrari T-shirt,53794.jpg
11521,Men,Apparel,Topwear,Tshirts,Blue,Fall,2011.0,Casual,United Colors of Benetton Men Blue T-shirt,11521.jpg
58720,Men,Apparel,Topwear,Tshirts,White,Summer,2012.0,Casual,Puma Men White T-shirt,58720.jpg
9695,Men,Apparel,Topwear,Tshirts,White,Fall,2011.0,Casual,Classic Polo Men Vulcan White Polo Tshirts,9695.jpg
16358,Men,Apparel,Topwear,Shirts,White,Fall,2011.0,Formal,Peter England Men Stripes White Shirt,16358.jpg
13418,Men,Apparel,Topwear,Shirts,White,Summer,2011.0,Casual,United Colors of Benetton Men Solid White Shirts,13418.jpg
7965,Men,Apparel,Topwear,Tshirts,Green,Fall,2011.0,Sports,Puma Men's Ess Polo Green T-shirt,7965.jpg
59296,Men,Apparel,Topwear,Shirts,White,Fall,2012.0,Casual,U.S. Polo Assn. Men White & Green Shirt,59296.jpg
15985,Men,Apparel,Topwear,Shirts,Green,Fall,2011.0,Casual,Turtle Check Men Green Shirt,15985.jpg
2619,Men,Apparel,Topwear,Tshirts,White,Fall,2010.0,Sports,Nike Mens White Bleed Blue T-shirt,2619.jpg
13088,Men,Apparel,Topwear,Tshirts,Red,Fall,2011.0,Sports,ADIDAS Men NBA Bold Red T-shirts,13088.jpg
37813,Men,Apparel,Topwear,Shirts,Black,Summer,2012.0,Casual,John Players Men Check Black Shirt,37813.jpg
1854,Men,Apparel,Topwear,Tshirts,Purple,Summer,2011.0,Casual,Inkfruit Mens Pencho T-shirt,1854.jpg
39387,Men,Apparel,Bottomwear,Jeans,Blue,Summer,2012.0,Casual,Peter England Men Blue Jeans,39387.jpg
15971,Men,Apparel,Topwear,Shirts,Green,Fall,2011.0,Casual,Turtle Check Men Green Shirt,15971.jpg
12368,Men,Apparel,Topwear,Shirts,Blue,Fall,2011.0,Formal,Reid & Taylor Men Stripes Blue Shirts,12368.jpg
30804,Men,Apparel,Topwear,Shirts,Rust,Summer,2012.0,Ethnic,Fabindia Men Rust Shirt,30804.jpg
10867,Men,Apparel,Topwear,Tshirts,Navy Blue,Fall,2011.0,Casual,Wrangler Men Navy Blue Tough Service Navy T-shirt,10867.jpg
15529,Men,Apparel,Topwear,Tshirts,Black,Fall,2011.0,Casual,Puma Men Jersey Polo Black Tshirts,15529.jpg
5890,Men,Apparel,Topwear,Tshirts,Green,Summer,2011.0,Casual,Puma Men's Graphics Story Green T-shirt,5890.jpg
18236,Men,Apparel,Topwear,Tshirts,White,Fall,2011.0,Casual,Manchester United Men Solid White Tshirt,18236.jpg
9661,Men,Apparel,Topwear,Shirts,Blue,Fall,2011.0,Casual,Indigo Nation Men Reversible Bling Blue Shirts,9661.jpg
54925,Men,Apparel,Bottomwear,Shorts,Cream,Summer,2012.0,Casual,Do U Speak Green Men Cream Shorts,54925.jpg
8581,Men,Apparel,Topwear,Waistcoat,Black,Fall,2011.0,Casual,Scullers Men Black Waistcoat,8581.jpg
9453,Men,Apparel,Topwear,Shirts,Blue,Fall,2011.0,Formal,John Miller Men White checks Blue Shirts,9453.jpg
18004,Men,Apparel,Topwear,Tshirts,Blue,Summer,2011.0,Sports,Puma Men Speed Grapic tee Blue Tshirt,18004.jpg
43501,Men,Apparel,Topwear,Tshirts,Grey Melange,Summer,2012.0,Casual,French Connection Men Grey Melange T-shirt,43501.jpg
6286,Men,Apparel,Topwear,Tshirts,Purple,Summer,2011.0,Casual,UCB Men's Super Star Print Purple T-shirt,6286.jpg
36304,Men,Apparel,Topwear,Tshirts,Green,Summer,2012.0,Casual,Angry Birds Men Green Stop Madness T-shirt,36304.jpg
14054,Men,Apparel,Topwear,Shirts,Red,Fall,2011.0,Casual,Flying Machine Men Check Red Shirts,14054.jpg
53793,Men,Apparel,Topwear,Tshirts,Black,Summer,2012.0,Casual,Puma Men Black Ferrari T-shirt,53793.jpg
20261,Men,Apparel,Topwear,Tshirts,White,Fall,2011.0,Casual,Wrangler Men Tee White T-shirt,20261.jpg
12191,Men,Apparel,Topwear,Shirts,Brown,Fall,2011.0,Casual,Basics Men Brown Slim Fit Shirt,12191.jpg
7166,Men,Apparel,Topwear,Shirts,Red,Fall,2011.0,Casual,Scullers Men Scul Red White Shirt,7166.jpg
4387,Men,Apparel,Topwear,Tshirts,Grey,Summer,2011.0,Casual,Batman Men's Affliction Grey Violet T-shirt,4387.jpg
9498,Men,Apparel,Topwear,Shirts,Pink,Fall,2011.0,Formal,John Miller Men Pink white black check Pink Shirts,9498.jpg
13427,Men,Apparel,Topwear,Tshirts,Red,Summer,2011.0,Casual,United Colors of Benetton Men Printed Red Tshirts,13427.jpg
29788,Men,Apparel,Topwear,Tshirts,White,Summer,2013.0,Casual,Basics Men Pack of 3 T-shirts,29788.jpg
22360,Men,Apparel,Topwear,Shirts,Blue,Fall,2011.0,Casual,John Players Men Check Blue Shirt,22360.jpg
34205,Men,Apparel,Bottomwear,Track Pants,Grey Melange,Fall,2013.0,Sports,Proline Men Grey Melange Track Pants,34205.jpg
31545,Men,Apparel,Topwear,Tshirts,Purple,Summer,2012.0,Casual,Classic Polo Men Striped Purple T-shirt,31545.jpg
8778,Men,Apparel,Topwear,Shirts,Black,Fall,2011.0,Casual,Indigo Nation Men Black Striped Shirt,8778.jpg
2242,Men,Apparel,Topwear,Tshirts,Blue,Fall,2010.0,Casual,ADIDAS Men Crew Neck Blue T-shirt,2242.jpg
16367,Men,Apparel,Topwear,Shirts,Blue,Fall,2011.0,Formal,Peter England Men Check Blue Shirt,16367.jpg
4373,Men,Apparel,Topwear,Tshirts,Black,Summer,2011.0,Casual,Aerosmith Men's Attic Black T-shirt,4373.jpg
10256,Men,Apparel,Topwear,Shirts,Green,Fall,2011.0,Casual,Locomotive Men Stripes Green Shirts,10256.jpg
11384,Men,Apparel,Topwear,Shirts,Red,Fall,2011.0,Casual,United Colors of Benetton Men White & Red Check Shirt,11384.jpg
12501,Men,Apparel,Topwear,Tshirts,Green,Fall,2011.0,Casual,United Colors of Benetton Men Short Green T-shirt,12501.jpg
30651,Men,Apparel,Bottomwear,Track Pants,Black,Summer,2012.0,Sports,Nike Men Black Track Pants,30651.jpg
16393,Men,Apparel,Topwear,Shirts,Black,Fall,2011.0,Casual,Levis Men Check Black Shirts,16393.jpg
6616,Men,Apparel,Topwear,Shirts,Pink,Summer,2011.0,Casual,Spykar Men Linen Pink Shirt,6616.jpg
17241,Men,Apparel,Topwear,Tshirts,Pink,Fall,2011.0,Casual,U.S. Polo Assn. Men Stripes Raspberry Wine Polo Tshirt,17241.jpg
53303,Men,Apparel,Topwear,Tshirts,Red,Summer,2012.0,Casual,Locomotive Men Red T-shirt,53303.jpg
10858,Men,Apparel,Topwear,Tshirts,White,Fall,2011.0,Casual,Wrangler Men Furious Rides White T-Shirts,10858.jpg
5093,Men,Apparel,Topwear,Tshirts,Black,Summer,2011.0,Casual,Wrangler Men's Champion Burnt Out Striper Black T-shirt,5093.jpg
10064,Men,Apparel,Topwear,Tshirts,Yellow,Fall,2011.0,Casual,Puma Men puma shield tee Yellow Tshirts,10064.jpg
12357,Men,Apparel,Topwear,Shirts,Blue,Fall,2011.0,Formal,Reid & Taylor Men Check Blue Shirts,12357.jpg
26162,Men,Apparel,Bottomwear,Trousers,Black,Summer,2012.0,Formal,John Miller Men Black Trousers,26162.jpg
6272,Men,Apparel,Topwear,Tshirts,Grey,Summer,2011.0,Casual,UCB Men's Contrast Rib Grey T-shirt,6272.jpg
17625,Men,Apparel,Bottomwear,Track Pants,Black,Fall,2011.0,Sports,ADIDAS Men Solid Black Track Pant,17625.jpg
15172,Men,Apparel,Topwear,Tshirts,Brown,Fall,2011.0,Casual,Arrow Sport Men Striped Brown T-shirt,15172.jpg
53767,Men,Apparel,Topwear,Tshirts,White,Summer,2012.0,Casual,Puma Men White and Blue T-shirt,53767.jpg
20295,Men,Apparel,Topwear,Tshirts,Blue,Fall,2010.0,Casual,Flying Machine Men Printed Blue Tshirt,20295.jpg
6040,Men,Apparel,Topwear,Tshirts,Grey,Summer,2011.0,Casual,UCB Men's Applique Grey T-shirt,6040.jpg
9894,Men,Apparel,Bottomwear,Trousers,Black,Fall,2011.0,Formal,Indian Terrain Men Sid Black Trousers,9894.jpg
8946,Men,Apparel,Bottomwear,Trousers,Beige,Fall,2011.0,Casual,Indigo Nation Men ID Printed Beige Trousers,8946.jpg
30295,Men,Apparel,Topwear,Tshirts,Off White,Summer,2012.0,Casual,Myntra Men Planet Off White T-shirt,30295.jpg
11740,Men,Apparel,Topwear,Tshirts,Grey,Fall,2011.0,Casual,Lee Men Stripes Grey T-shirt,11740.jpg
10692,Men,Apparel,Topwear,Tshirts,Red,Fall,2011.0,Casual,Doodle Boy Casual Red Tshirts,10692.jpg
20007,Men,Apparel,Topwear,Tshirts,White,Fall,2011.0,Casual,United Colors of Benetton Men White Printed T-shirt,20007.jpg
5457,Men,Apparel,Bottomwear,Track Pants,Navy Blue,Summer,2011.0,Sports,Nike Men's Perfect Navy Blue Track Pant,5457.jpg
14000,Men,Apparel,Topwear,Jackets,Blue,Fall,2011.0,Sports,Nike Men Printed Blue Jackets,14000.jpg
7300,Men,Apparel,Topwear,Tshirts,Red,Fall,2011.0,Casual,Free Authority Men's Abstract Mix Red T-shirt,7300.jpg
33246,Men,Apparel,Topwear,Shirts,Lavender,Spring,2013.0,Formal,Arrow Men Lavender Unstainable Slim Fit Shirt,33246.jpg
41666,Men,Apparel,Topwear,Shirts,Purple,Summer,2012.0,Formal,Mark Taylor Men Brown Striped Shirt,41666.jpg
11116,Men,Apparel,Topwear,Shirts,Grey,Fall,2011.0,Formal,Indigo Nation Men Solid Grey Shirts,11116.jpg
7764,Men,Apparel,Topwear,Tshirts,Black,Fall,2011.0,Casual,Inkfruit Men's Night Rider Black Yellow Orange T-shirt,7764.jpg
16333,Men,Apparel,Topwear,Shirts,Black,Fall,2011.0,Formal,Peter England Men Stripes Black Shirt,16333.jpg
22334,Men,Apparel,Topwear,Tshirts,Red,Fall,2011.0,Casual,John Players Men Stripes Red Polo T-Shirt,22334.jpg
19975,Men,Apparel,Topwear,Tshirts,Red,Fall,2011.0,Casual,United Colors of Benetton Men Red Polo TShirt,19975.jpg
7556,Men,Apparel,Topwear,Tshirts,Blue,Summer,2011.0,Sports,Nike Men's Aqua Polo T-shirt,7556.jpg
34251,Men,Apparel,Bottomwear,Shorts,Navy Blue,Summer,2013.0,Sports,Proline Navy Shorts,34251.jpg
6484,Men,Apparel,Topwear,Tshirts,Black,Summer,2011.0,Casual,ADIDAS Men's Black Strip T-shirt,6484.jpg
19149,Men,Apparel,Topwear,Tshirts,White,Summer,2011.0,Casual,United Colors of Benetton Men Solid White Polo Tshirt,19149.jpg
26794,Men,Apparel,Topwear,Shirts,Grey,Summer,2013.0,Formal,Arrow Men Grey Shirt,26794.jpg
27646,Men,Apparel,Topwear,Tshirts,Black,Summer,2012.0,Casual,Che Guevara Men Printed Black T-shirt,27646.jpg
2024,Men,Apparel,Topwear,Tshirts,Red,Fall,2010.0,Casual,ADIDAS Mens Fitted Red T-shirt,2024.jpg
33074,Men,Apparel,Topwear,Tshirts,Green,Summer,2012.0,Casual,U.S.Polo Assn. Men Green Polo T-shirt,33074.jpg
14656,Men,Apparel,Topwear,Tshirts,White,Fall,2011.0,Casual,Probase Men Funky Print White Tshirts,14656.jpg
5201,Men,Apparel,Topwear,Tshirts,Blue,Summer,2011.0,Casual,Superman Men's Anger Moon Blue T-shirt,5201.jpg
39788,Men,Apparel,Topwear,Shirts,Purple,Summer,2012.0,Formal,Peter England Men Maroon Purple Shirt,39788.jpg
7790,Men,Apparel,Topwear,Tshirts,Olive,Fall,2011.0,Casual,Proline Men Olive Green Polo T-shirt,7790.jpg
51400,Men,Apparel,Topwear,Shirts,Yellow,Summer,2012.0,Formal,Myntra Men Yellow Shirt,51400.jpg
3330,Men,Apparel,Topwear,Tshirts,Red,Summer,2011.0,Sports,RCB Mens Fangear Polo Jersey,3330.jpg
19981,Men,Apparel,Topwear,Tshirts,White,Summer,2011.0,Casual,United Colors of Benetton Men Printed White TShirt,19981.jpg
3102,Men,Apparel,Topwear,Tshirts,Grey,Summer,2011.0,Casual,Probase Men's Boarding Grey T-shirt,3102.jpg
13487,Men,Apparel,Topwear,Shirts,Blue,Fall,2011.0,Casual,Spykar Men Stripes Blue Shirts,13487.jpg
30605,Men,Apparel,Bottomwear,Track Pants,Grey,Summer,2012.0,Casual,Nike Men Classic Jersey Grey Track Pants,30605.jpg
33080,Men,Apparel,Topwear,Tshirts,White,Summer,2012.0,Casual,U.S. Polo Assn. Denim Co. Men Printed Cream T-Shirt,33080.jpg
24037,Men,Apparel,Topwear,Tshirts,Beige,Fall,2011.0,Casual,Locomotive Men Printed Beige T-shirt,24037.jpg
6014,Men,Apparel,Topwear,Shirts,Black,Summer,2011.0,Casual,Highlander Men Black & White Checked Slim Fit Shirt,6014.jpg
9860,Men,Apparel,Topwear,Tshirts,Green,Fall,2011.0,Casual,Status Quo Men Green Polo Tshirts,9860.jpg
21121,Men,Apparel,Topwear,Shirts,Navy Blue,Fall,2011.0,Casual,s.Oliver Men Check Navy Blue Shirt,21121.jpg
10454,Men,Apparel,Topwear,Tshirts,Yellow,Fall,2011.0,Casual,Flying Machine Men Gloden Haze Yellow Tshirts,10454.jpg
6226,Men,Apparel,Topwear,Tshirts,Pink,Summer,2011.0,Casual,Lee Men's Medal Pink Granite T-shirt,6226.jpg
22596,Men,Apparel,Topwear,Tshirts,Red,Fall,2011.0,Sports,Nike Men Red T-shirt,22596.jpg
18639,Men,Apparel,Topwear,Tshirts,Navy Blue,Fall,2011.0,Sports,Puma Men V.11 Cat Midnight Navy Tshirts,18639.jpg
12303,Men,Apparel,Topwear,Shirts,Red,Fall,2011.0,Formal,Genesis Men Check Red Shirts,12303.jpg
26136,Men,Apparel,Bottomwear,Trousers,Black,Summer,2012.0,Formal,John Miller Men Black Trousers,26136.jpg
31181,Men,Apparel,Topwear,Tshirts,Blue,Summer,2012.0,Casual,Nike Men Printed Blue T-shirt,31181.jpg
3754,Men,Apparel,Topwear,Tshirts,Blue,Summer,2011.0,Casual,Status Quo Men's Music Revolution Blue T-shirt,3754.jpg
44925,Men,Apparel,Bottomwear,Trousers,Brown,Summer,2012.0,Casual,Jack & Jones Men Brown Jeans,44925.jpg
32199,Men,Apparel,Topwear,Kurtas,Beige,Summer,2012.0,Ethnic,Fabindia Men Printed Beige Kurta,32199.jpg
14669,Men,Apparel,Topwear,Shirts,Blue,Fall,2011.0,Casual,Basics Men Blue Slim Fit Striped Shirt,14669.jpg
7569,Men,Apparel,Topwear,Tshirts,Blue,Summer,2011.0,Sports,Nike Men's As Miler UV SS Blue T-shirt,7569.jpg
28631,Men,Apparel,Bottomwear,Track Pants,Navy Blue,Summer,2012.0,Sports,Nike Men Pintuck Navy Blue Track Pants,28631.jpg
16902,Men,Apparel,Topwear,Tshirts,Red,Fall,2011.0,Casual,Status Quo Men Stripes White Tshirt,16902.jpg
19176,Men,Apparel,Topwear,Shirts,Black,Fall,2011.0,Casual,United Colors of Benetton Men Check Black Shirt,19176.jpg
22905,Men,Apparel,Bottomwear,Trousers,Charcoal,Summer,2011.0,Formal,Mark Taylor Men Black Striped Trousers,22905.jpg
2229,Men,Apparel,Topwear,Tshirts,White,Fall,2010.0,Sports,ADIDAS Men Sunset White Polo T-shirt,2229.jpg
5830,Men,Apparel,Topwear,Tshirts,White,Summer,2011.0,Casual,Puma Men Edition White T-shirt,5830.jpg
11129,Men,Apparel,Bottomwear,Track Pants,Blue,Fall,2011.0,Sports,Urban Yoga Men Solid Blue Track Pants,11129.jpg
30098,Men,Apparel,Bottomwear,Jeans,Black,Winter,2016.0,Casual,Flying Machine Men Washed Black Jeans,30098.jpg
19720,Men,Apparel,Topwear,Shirts,Black,Fall,2011.0,Casual,United Colors of Benetton Men Black Striped Shirt,19720.jpg
4788,Men,Apparel,Topwear,Tshirts,White,Summer,2011.0,Sports,ADIDAS Men's Demon White T-shirt,4788.jpg
13814,Men,Apparel,Topwear,Tshirts,Blue,Fall,2011.0,Casual,Proline Pack of 3 Printed T-shirts,13814.jpg
7931,Men,Apparel,Bottomwear,Track Pants,Grey,Fall,2011.0,Sports,Puma Men Jersey Long Grey Track Pant,7931.jpg
6219,Men,Apparel,Topwear,Tshirts,White,Summer,2011.0,Casual,Lee Men's Quill White T-shirt,6219.jpg
9251,Men,Apparel,Topwear,Shirts,Green,Fall,2011.0,Formal,Mark Taylor Men Green Striped Shirt,9251.jpg
15119,Men,Apparel,Bottomwear,Trousers,Grey,Fall,2012.0,Formal,Arrow Men Stripes Grey Trousers,15119.jpg
59838,Men,Apparel,Topwear,Shirts,Navy Blue,Summer,2010.0,Casual,United Colors of Benetton Men Navy Blue Shirt,59838.jpg
23649,Men,Apparel,Topwear,Tshirts,White,Summer,2012.0,Casual,Disney Men White Printed T-shirt,23649.jpg
12932,Men,Apparel,Topwear,Tshirts,Pink,Fall,2011.0,Casual,Classic Polo Men Insignia Pink Tshirts,12932.jpg
9063,Men,Apparel,Topwear,Shirts,Pink,Fall,2011.0,Formal,Mark Taylor Men Pink Striped Shirt,9063.jpg
19182,Men,Apparel,Topwear,Shirts,Maroon,Fall,2011.0,Casual,United Colors Of Benetton Men Maroon Check Shirt,19182.jpg
12758,Men,Apparel,Bottomwear,Jeans,Blue,Fall,2011.0,Casual,Spykar Men Washed Blue Jeans,12758.jpg
9635,Men,Apparel,Topwear,Shirts,White,Fall,2011.0,Formal,Indigo Nation Men Price catch Blue White Shirts,9635.jpg
10833,Men,Apparel,Topwear,Tshirts,Red,Fall,2011.0,Casual,Wrangler Men Rope Embro Polo Red T-Shirt,10833.jpg
10453,Men,Apparel,Topwear,Tshirts,Yellow,Fall,2011.0,Casual,Flying Machine Men Gloden Haze Yellow Tshirts,10453.jpg
15121,Men,Apparel,Bottomwear,Trousers,Charcoal,Fall,2011.0,Formal,Arrow Men Autoflex Charcoal Trousers,15121.jpg
22591,Men,Apparel,Topwear,Sweatshirts,Grey,Fall,2011.0,Casual,Nike Men Stripes Grey Sweatshirt,22591.jpg
2681,Men,Apparel,Topwear,Tshirts,Black,Summer,2011.0,Casual,Inkfruit Men's Serial Black T-shirt,2681.jpg
9269,Men,Apparel,Topwear,Shirts,Maroon,Fall,2011.0,Casual,Scullers Men Scul Maroon Shirts,9269.jpg
3753,Men,Apparel,Topwear,Tshirts,Black,Summer,2011.0,Casual,Status Quo Men's Music Revolution Black T-shirt,3753.jpg
12304,Men,Apparel,Topwear,Shirts,Red,Fall,2011.0,Formal,Genesis Men Stripes Red Shirts,12304.jpg
9867,Men,Apparel,Topwear,Tshirts,Black,Fall,2011.0,Casual,Status Quo Men Stripes Black Tshirts,9867.jpg
23671,Men,Apparel,Topwear,Tshirts,White,Fall,2011.0,Casual,Spykar Men White T-shirt,23671.jpg
6013,Men,Apparel,Topwear,Shirts,White,Summer,2011.0,Casual,Highlander Men White Purple Black Grey Checked Shirt,6013.jpg
26303,Men,Apparel,Topwear,Tshirts,Blue,Summer,2012.0,Casual,Proline Men Blue Striped Polo T-shirt,26303.jpg
8189,Men,Apparel,Topwear,Shirts,Blue,Summer,2011.0,Casual,Locomotive Men Solid Poplin Laird Blue Shirts,8189.jpg
4744,Men,Apparel,Topwear,Tshirts,Navy Blue,Summer,2011.0,Sports,ADIDAS Men's Blue Polo T-shirt,4744.jpg
6477,Men,Apparel,Topwear,Jackets,White,Summer,2011.0,Casual,ADIDAS Men Top White Jacket,6477.jpg
18854,Men,Apparel,Topwear,Tshirts,White,Fall,2011.0,Casual,Puma Men Athletic White Polo Tshirt,18854.jpg
3105,Men,Apparel,Topwear,Tshirts,Pink,Summer,2011.0,Casual,Probase Men's Wtf Pink T-Shirt,3105.jpg
32969,Men,Apparel,Topwear,Tshirts,Blue,Summer,2012.0,Casual,Angry Birds Men Printed Blue T-shirt,32969.jpg
24202,Men,Apparel,Bottomwear,Jeans,Blue,Summer,2012.0,Casual,Deni Yo Men Slim Fit Blue Jeans,24202.jpg
41695,Men,Apparel,Bottomwear,Shorts,Navy Blue,Summer,2012.0,Casual,Superman Men Navy Blue Printed Shorts,41695.jpg
51407,Men,Apparel,Topwear,Shirts,Blue,Summer,2012.0,Formal,Myntra Men Blue Shirt,51407.jpg
54949,Men,Apparel,Topwear,Sweatshirts,Grey Melange,Summer,2012.0,Casual,Do u speak green Men Grey Sweatshirt,54949.jpg
23027,Men,Apparel,Topwear,Shirts,Blue,Fall,2011.0,Formal,Arrow Men Blue Striped Shirt,23027.jpg
3337,Men,Apparel,Topwear,Tshirts,Black,Summer,2011.0,Casual,Myntra Hero Within Black T-shirt,3337.jpg
19388,Men,Apparel,Topwear,Tshirts,Green,Summer,2011.0,Sports,ADIDAS Men Green South Africa Cricket Jersey,19388.jpg
7551,Men,Apparel,Topwear,Tshirts,White,Summer,2011.0,Sports,Nike Men's As Walkthrough White T-shirt,7551.jpg
26793,Men,Apparel,Topwear,Shirts,Lavender,Summer,2013.0,Formal,Arrow Men Lavender Shirt,26793.jpg
2023,Men,Apparel,Topwear,Tshirts,Grey,Fall,2010.0,Sports,ADIDAS Mens Chrome Graphic T-shirt,2023.jpg
33073,Men,Apparel,Topwear,Tshirts,Green,Summer,2012.0,Casual,U.S.Polo Assn. Men Green Polo T-shirt,33073.jpg
11323,Men,Apparel,Bottomwear,Jeans,Blue,Fall,2011.0,Casual,United Colors of Benetton Men Washed Blue Jeans,11323.jpg
14651,Men,Apparel,Topwear,Tshirts,Green,Fall,2011.0,Casual,Probase Men Punk Green Tshirts,14651.jpg
33241,Men,Apparel,Topwear,Shirts,Blue,Summer,2012.0,Formal,Arrow Men Blue Striped Shirt,33241.jpg
11111,Men,Apparel,Topwear,Shirts,White,Fall,2011.0,Formal,Indigo Nation Men Check White Shirts,11111.jpg
41661,Men,Apparel,Topwear,Shirts,Blue,Summer,2012.0,Formal,Mark Taylor Men Blue Striped Shirt,41661.jpg
44313,Men,Apparel,Bottomwear,Trousers,Beige,Summer,2012.0,Casual,Indian Terrain Men Beige Trousers,44313.jpg
16334,Men,Apparel,Topwear,Shirts,Peach,Fall,2011.0,Formal,Peter England Men Stripes Peach Shirt,16334.jpg
7763,Men,Apparel,Topwear,Tshirts,Blue,Fall,2011.0,Casual,Inkfruit Men's Secret Behing Royal Blue Black T-shirt,7763.jpg
24692,Men,Apparel,Bottomwear,Jeans,Black,Fall,2011.0,Casual,Locomotive Men Black Jeans,24692.jpg
14007,Men,Apparel,Topwear,Tshirts,White,Fall,2011.0,Casual,Nike Men Printed White Tshirts,14007.jpg
5450,Men,Apparel,Bottomwear,Shorts,Blue,Summer,2011.0,Sports,Nike Men's Blue Short,5450.jpg
34400,Men,Apparel,Topwear,Tshirts,Black,Summer,2012.0,Casual,Myntra Men Planet Earth Black T-shirt,34400.jpg
2675,Men,Apparel,Topwear,Tshirts,Black,Summer,2011.0,Casual,Inkfruit Men's Zeppelin Black T-shirt,2675.jpg
28863,Men,Apparel,Topwear,Tshirts,Grey,Summer,2012.0,Casual,Proline Men Grey Striped Polo T-shirt,28863.jpg
19718,Men,Apparel,Topwear,Shirts,Blue,Fall,2011.0,Casual,United Colors of Benetton Men Blue Shirt,19718.jpg
8941,Men,Apparel,Topwear,Shirts,Blue,Fall,2011.0,Casual,Indigo Nation Men Reversible Bling Blue Shirts,8941.jpg
30292,Men,Apparel,Topwear,Tshirts,Off White,Summer,2012.0,Casual,Myntra Men Street Legend Off White T-shirt,30292.jpg
48388,Men,Apparel,Bottomwear,Jeans,Blue,Summer,2012.0,Casual,French Connection Men Blue Jeans,48388.jpg
7909,Men,Apparel,Topwear,Tshirts,Navy Blue,Fall,2011.0,Casual,Proline Men Navy & Cream Striped Polo T-shirt,7909.jpg
31340,Men,Apparel,Bottomwear,Jeans,Blue,Summer,2012.0,Casual,Locomotive Men Washed Blue Jeans,31340.jpg
5662,Men,Apparel,Topwear,Tshirts,Orange,Summer,2011.0,Casual,Tantra Men's Absolut Bangalore Mustard T-shirt,5662.jpg
20000,Men,Apparel,Topwear,Tshirts,White,Summer,2011.0,Casual,United Colors of Benetton Men White Solid T-shirt,20000.jpg
9632,Men,Apparel,Topwear,Shirts,Black,Fall,2011.0,Casual,Indigo Nation Men Stripes Shirt Black Shirts,9632.jpg
10008,Men,Apparel,Topwear,Tshirts,Navy Blue,Fall,2011.0,Sports,Nike Men Town Navy Blue T-Shirts,10008.jpg
10834,Men,Apparel,Topwear,Tshirts,Grey,Fall,2011.0,Casual,Wrangler Men Grey Polo Tshirts,10834.jpg
15748,Men,Apparel,Bottomwear,Trousers,Black,Fall,2011.0,Casual,Highlander Men Classic Chinos Black Trousers,15748.jpg
19185,Men,Apparel,Topwear,Shirts,Blue,Fall,2011.0,Casual,United Colors of Benetton Men Check Blue Shirt,19185.jpg
38808,Men,Apparel,Topwear,Tshirts,Blue,Summer,2012.0,Casual,Music Men Blue Printed T-shirt,38808.jpg
9858,Men,Apparel,Topwear,Tshirts,Blue,Fall,2011.0,Casual,Status Quo Men Blue Polo Tshirts,9858.jpg
12935,Men,Apparel,Topwear,Tshirts,Blue,Fall,2011.0,Casual,Classic Polo Men Classic Stripes  Turquoise Blue Tshirts,12935.jpg
9064,Men,Apparel,Topwear,Shirts,Blue,Fall,2011.0,Formal,Mark Taylor Men Blue Striped Shirt,9064.jpg
9256,Men,Apparel,Topwear,Shirts,Blue,Fall,2011.0,Formal,Mark Taylor Men Blue Striped Shirt,9256.jpg
51860,Men,Apparel,Topwear,Shirts,Navy Blue,Fall,2012.0,Casual,Locomotive Men Navy Striped Shirt,51860.jpg
1807,Men,Apparel,Topwear,Tshirts,Red,Fall,2010.0,Casual,Quechua Men G1 Techfresh Red T-shirt,1807.jpg
11778,Men,Apparel,Topwear,Tshirts,Grey,Fall,2011.0,Casual,Lee Men Solid Grey Tshirts,11778.jpg
13813,Men,Apparel,Topwear,Tshirts,Navy Blue,Fall,2011.0,Casual,Proline Men Navy Blue Polo T-Shirt,13813.jpg
2478,Men,Apparel,Topwear,Tshirts,Green,Fall,2010.0,Casual,Puma Men's Island Green T-shirt,2478.jpg
7936,Men,Apparel,Topwear,Tshirts,White,Fall,2011.0,Sports,Puma Men's Glitch Music TV White T-shirt,7936.jpg
14038,Men,Apparel,Topwear,Shirts,Red,Fall,2011.0,Casual,Flying Machine Men Check Red Shirts,14038.jpg
5837,Men,Apparel,Topwear,Tshirts,Red,Summer,2011.0,Casual,Puma Men's Pop Graphic Red T-shirt,5837.jpg
20669,Men,Apparel,Topwear,Tshirts,Red,Fall,2011.0,Casual,Classic Polo Men Striped Red Tshirt,20669.jpg
44922,Men,Apparel,Bottomwear,Shorts,Red,Summer,2012.0,Casual,Puma Men Red Cat Logo Shorts,44922.jpg
19171,Men,Apparel,Topwear,Sweatshirts,Grey,Fall,2011.0,Casual,United Colors of Benetton Men Printed Grey Sweatshirt,19171.jpg
16905,Men,Apparel,Topwear,Sweatshirts,Green,Fall,2011.0,Casual,Status Quo Men Solid Green Sweatshirt,16905.jpg
24006,Men,Apparel,Topwear,Shirts,White,Summer,2012.0,Casual,Regent Polo Club Men White Striped Shirt,24006.jpg
14693,Men,Apparel,Bottomwear,Trousers,Black,Fall,2011.0,Casual,Basics Men Black Trousers,14693.jpg
18862,Men,Apparel,Topwear,Tshirts,Navy Blue,Fall,2011.0,Casual,Puma Men Graffiti Navy Blue Polo Tshirt,18862.jpg
30634,Men,Apparel,Bottomwear,Shorts,Black,Summer,2012.0,Casual,Nike Men Black Shorts,30634.jpg
51431,Men,Apparel,Topwear,Shirts,Blue,Summer,2012.0,Formal,Myntra Men Blue Shirt,51431.jpg
16792,Men,Apparel,Topwear,Shirts,Yellow,Fall,2011.0,Casual,Highlander Men Check Yellow Shirt,16792.jpg
3765,Men,Apparel,Topwear,Tshirts,Yellow,Summer,2011.0,Casual,Status Quo Men's Unplugged Yellow T-shirt,3765.jpg
26107,Men,Apparel,Topwear,Shirts,Blue,Summer,2012.0,Formal,John Miller Men Striped Blue Shirt,26107.jpg
10465,Men,Apparel,Topwear,Tshirts,Purple,Fall,2011.0,Casual,Flying Machine Men Paisley Purple Tshirts,10465.jpg
5492,Men,Apparel,Topwear,Tshirts,Blue,Summer,2011.0,Casual,Mr.Men Men's Cool Indigo T-shirt,5492.jpg
4540,Men,Apparel,Topwear,Tshirts,White,Summer,2011.0,Casual,Classic Polo Men's White Polo T-shirt,4540.jpg
15117,Men,Apparel,Bottomwear,Trousers,Grey,Fall,2011.0,Formal,Arrow Men Solid Grey Trousers,15117.jpg
44587,Men,Apparel,Bottomwear,Jeans,Blue,Summer,2017.0,Casual,Lee Men Blue Rack Jeans,44587.jpg
15325,Men,Apparel,Topwear,Tshirts,Blue,Fall,2011.0,Sports,Nike Men Printed Blue Tshirts,15325.jpg
22795,Men,Apparel,Topwear,Tshirts,White,Fall,2011.0,Casual,Manchester United Men White Tshirt,22795.jpg
23647,Men,Apparel,Topwear,Tshirts,Green,Summer,2012.0,Casual,Disney Men Green Printed T-shirt,23647.jpg
31382,Men,Apparel,Topwear,Tshirts,White,Summer,2012.0,Casual,Locomotive Men Printed White T-shirt,31382.jpg
3791,Men,Apparel,Topwear,Tshirts,Blue,Summer,2011.0,Casual,Basics Men Blue & Yellow White Striped Polo T-shirt,3791.jpg
28855,Men,Apparel,Topwear,Tshirts,Grey,Summer,2013.0,Casual,Proline Men Grey T-shirt,28855.jpg
20204,Men,Apparel,Topwear,Sweatshirts,Grey,Fall,2011.0,Casual,Wrangler Men Flock Print Grey Sweatshirt,20204.jpg
11771,Men,Apparel,Topwear,Tshirts,Maroon,Fall,2011.0,Casual,Lee Men Printed Maroon Tshirts,11771.jpg
4786,Men,Apparel,Bottomwear,Shorts,Black,Summer,2011.0,Sports,ADIDAS Men's Cr_Aess 3s Hsj Black White Short,4786.jpg
16554,Men,Apparel,Topwear,Tshirts,Grey,Fall,2011.0,Casual,Basics Men Grey Printed T-shirt,16554.jpg
9099,Men,Apparel,Bottomwear,Shorts,Blue,Fall,2011.0,Sports,ADIDAS Men Cfc H Sho Blue Shorts,9099.jpg
32197,Men,Apparel,Topwear,Kurtas,Olive,Summer,2012.0,Ethnic,Fabindia Men Printed Olive Kurta,32197.jpg
52072,Men,Apparel,Topwear,Tshirts,Blue,Summer,2012.0,Casual,Myntra Men Blue T-shirt,52072.jpg
5230,Men,Apparel,Topwear,Tshirts,Black,Summer,2011.0,Casual,Classic Polo Men's Cari Black Polo T-shirt,5230.jpg
14667,Men,Apparel,Topwear,Shirts,White,Fall,2011.0,Casual,Basics Men White Slim Fit Checked Shirt,14667.jpg
7567,Men,Apparel,Topwear,Tshirts,Orange,Summer,2011.0,Sports,Nike Men's As Sublimated Orange T-shirt,7567.jpg
2015,Men,Apparel,Topwear,Tshirts,Black,Fall,2010.0,Casual,ADIDAS Mens Classic Collar Black Polo T-shirt,2015.jpg
7755,Men,Apparel,Topwear,Tshirts,Purple,Fall,2011.0,Casual,Indigo Nation Men Indigo Purple Black Silver T-shirt,7755.jpg
15587,Men,Apparel,Topwear,Shirts,Pink,Fall,2011.0,Casual,Spykar Men Stripes Pink Shirts,15587.jpg
8180,Men,Apparel,Topwear,Shirts,Green,Summer,2011.0,Casual,Locomotive Men Check Ladd Green Shirts,8180.jpg
48375,Men,Apparel,Topwear,Shirts,Black,Summer,2012.0,Casual,French Connection Men Black & Grey Shirt,48375.jpg
40118,Men,Apparel,Topwear,Tshirts,Black,Summer,2012.0,Casual,ADIDAS Men Red T-shirt,40118.jpg
15914,Men,Apparel,Topwear,Shirts,Grey,Fall,2011.0,Formal,Black Coffee Men Striped Grey Slim Fit Shirt,15914.jpg
15128,Men,Apparel,Bottomwear,Trousers,Cream,Winter,2014.0,Formal,Arrow  Men Solid Cream Trousers,15128.jpg
26138,Men,Apparel,Bottomwear,Trousers,Black,Summer,2012.0,Formal,John Miller Men Black Trousers,26138.jpg
18637,Men,Apparel,Topwear,Tshirts,Navy Blue,Fall,2011.0,Sports,Puma Men V.11 Speed Midnight Navy Tshirts,18637.jpg
9260,Men,Apparel,Topwear,Shirts,Blue,Fall,2011.0,Formal,Mark Taylor Men Blue Striped Shirt,9260.jpg
39786,Men,Apparel,Topwear,Shirts,Blue,Summer,2012.0,Formal,Peter England Men Blue Formal Shirt,39786.jpg
10802,Men,Apparel,Topwear,Shirts,Blue,Fall,2011.0,Casual,Wrangler Men Dodge Broad Accent Check Blue Shirt,10802.jpg
9604,Men,Apparel,Topwear,Shirts,White,Fall,2011.0,Formal,Scullers Men Scul White Black Shirts,9604.jpg
13489,Men,Apparel,Topwear,Tshirts,Navy Blue,Fall,2011.0,Casual,FIFA Men Printed Navy Blue T-shirts,13489.jpg
24039,Men,Apparel,Topwear,Tshirts,Black,Summer,2012.0,Casual,Locomotive Men Black Printed T-shirt,24039.jpg
59451,Men,Apparel,Topwear,Shirts,Blue,Fall,2012.0,Casual,Arrow Sport Men Blue Slim Fit Shirt,59451.jpg
11118,Men,Apparel,Topwear,Shirts,White,Fall,2011.0,Formal,Indigo Nation Men Solid White Shirts,11118.jpg
33248,Men,Apparel,Topwear,Shirts,White,Summer,2012.0,Formal,Arrow Men White Striped Shirt,33248.jpg
5801,Men,Apparel,Topwear,Tshirts,Blue,Summer,2011.0,Casual,ADIDAS Men's Bubble Dark Blue T-shirt,5801.jpg
8722,Men,Apparel,Topwear,Shirts,Green,Fall,2011.0,Casual,Indigo Nation Men Stripes Green Shirts,8722.jpg
7558,Men,Apparel,Topwear,Tshirts,Grey,Summer,2011.0,Sports,Nike Men's Sublimated Dark Grey T-shirt,7558.jpg
27648,Men,Apparel,Topwear,Tshirts,Black,Summer,2012.0,Casual,Superman Men Printed Black T-shirt,27648.jpg
19147,Men,Apparel,Topwear,Tshirts,White,Summer,2011.0,Casual,United Colors of Benetton Men Solid White Polo Tshirt,19147.jpg
16933,Men,Apparel,Topwear,Tshirts,Green,Fall,2011.0,Casual,Inkfruit Men Green Awesome Printed T-Shirt,16933.jpg
44914,Men,Apparel,Bottomwear,Track Pants,Blue,Summer,2012.0,Casual,Puma Men Blue Track Pants,44914.jpg
14658,Men,Apparel,Bottomwear,Trousers,Beige,Fall,2011.0,Casual,Probase Men Check Grey Trousers,14658.jpg
58577,Men,Apparel,Topwear,Tshirts,Black,Summer,2012.0,Casual,Puma Men Black T-shirt,58577.jpg
8948,Men,Apparel,Bottomwear,Trousers,Navy Blue,Fall,2011.0,Formal,Indigo Nation Men ID Printed Navy Blue Trousers,8948.jpg
20009,Men,Apparel,Topwear,Tshirts,Olive,Fall,2011.0,Casual,United Colors of Benetton Olive T-shirt,20009.jpg
29184,Men,Apparel,Topwear,Shirts,Blue,Summer,2012.0,Casual,United Colors of Benetton Men Blue Shirt,29184.jpg
34409,Men,Apparel,Topwear,Tshirts,Black,Summer,2012.0,Casual,Myntra Men Black Rider Performance T-shirt,34409.jpg
19711,Men,Apparel,Topwear,Shirts,Red,Fall,2011.0,Casual,United Colors of Benetton Men Check Red Shirt,19711.jpg
7752,Men,Apparel,Topwear,Tshirts,White,Fall,2011.0,Casual,Indigo Nation Men Indigo White Black Silver T-shirt,7752.jpg
5839,Men,Apparel,Topwear,Tshirts,Blue,Summer,2011.0,Sports,Puma Men's Motorsport Better Blue T-shirt,5839.jpg
20667,Men,Apparel,Topwear,Tshirts,White,Fall,2011.0,Casual,Classic Polo Men Striped White Tshirt,20667.jpg
11312,Men,Apparel,Bottomwear,Trousers,Beige,Fall,2011.0,Casual,Scullers Men Rugged Chinos Beige Trousers,11312.jpg
21587,Men,Apparel,Bottomwear,Jeans,Blue,Fall,2011.0,Casual,Spykar Men Washed Blue Jeans,21587.jpg
52075,Men,Apparel,Topwear,Tshirts,Blue,Summer,2012.0,Casual,Myntra Men Blue T-shirt,52075.jpg
14660,Men,Apparel,Topwear,Shirts,White,Fall,2011.0,Casual,Basics Men White Slim Fit Checked Shirt,14660.jpg
2012,Men,Apparel,Topwear,Tshirts,White,Fall,2010.0,Sports,ADIDAS Mens Graphic White T-shirt,2012.jpg
11776,Men,Apparel,Topwear,Tshirts,Grey,Fall,2011.0,Casual,Lee Men Printed Grey Tshirts,11776.jpg
20031,Men,Apparel,Topwear,Shirts,Black,Fall,2011.0,Casual,United Colors of Benetton Men Striped Black Shirt,20031.jpg
16553,Men,Apparel,Topwear,Tshirts,White,Fall,2011.0,Casual,Basics Men White Printed Polo T-shirt,16553.jpg
31371,Men,Apparel,Topwear,Tshirts,Navy Blue,Summer,2012.0,Casual,Locomotive Men Printed Navy Blue T-shirt,31371.jpg
7938,Men,Apparel,Topwear,Tshirts,Black,Fall,2011.0,Sports,Puma Men's Glitch Music TV Black White T-shirt,7938.jpg
3796,Men,Apparel,Topwear,Tshirts,White,Summer,2011.0,Casual,Basics Men White & Red Striped Polo T-shirt,3796.jpg
28852,Men,Apparel,Topwear,Tshirts,Brown,Summer,2013.0,Casual,Proline Brown Polo T-shirt,28852.jpg
14036,Men,Apparel,Topwear,Shirts,Pink,Fall,2011.0,Casual,Flying Machine Men Check Pink Shirts,14036.jpg
20203,Men,Apparel,Topwear,Sweatshirts,Black,Fall,2011.0,Casual,Wrangler Men Flock Print Black Sweatshirt,20203.jpg
10650,Men,Apparel,Topwear,Shirts,Blue,Fall,2011.0,Casual,Doodle Boy Grand Prix Navy Blue Shirt,10650.jpg
38806,Men,Apparel,Topwear,Tshirts,Red,Summer,2012.0,Casual,Marvel Men Red Printed T-shirt,38806.jpg
44580,Men,Apparel,Bottomwear,Jeans,Black,Summer,2017.0,Casual,Lee Men Black Jet Jeans,44580.jpg
21117,Men,Apparel,Topwear,Shirts,White,Fall,2011.0,Casual,s.Oliver Men Solid White Shirt,21117.jpg
15322,Men,Apparel,Topwear,Jackets,Black,Fall,2011.0,Casual,Nike Men Solid Black Jacket,15322.jpg
22792,Men,Apparel,Topwear,Tshirts,White,Fall,2011.0,Casual,Manchester United Men White Tshirt,22792.jpg
6022,Men,Apparel,Topwear,Tshirts,Black,Summer,2011.0,Casual,UCB Men's Johny Collar With Two Tone Black T-shirt,6022.jpg
9856,Men,Apparel,Topwear,Tshirts,Red,Fall,2011.0,Casual,Status Quo Men Red Polo Tshirts,9856.jpg
31385,Men,Apparel,Topwear,Tshirts,Grey,Summer,2012.0,Casual,Locomotive Men Printed Grey T-shirt,31385.jpg
3762,Men,Apparel,Topwear,Tshirts,Purple,Summer,2011.0,Casual,Status Quo Men's Surfers Purple T-shirt,3762.jpg
9258,Men,Apparel,Topwear,Shirts,Green,Fall,2011.0,Formal,Mark Taylor Men Green Striped Shirt,9258.jpg
10462,Men,Apparel,Topwear,Tshirts,White,Fall,2011.0,Casual,Flying Machine Men White Polo Tshirts,10462.jpg
5495,Men,Apparel,Topwear,Tshirts,Green,Summer,2011.0,Casual,Mr.Men Men's Perfect Green Polo T-shirt,5495.jpg
15110,Men,Apparel,Bottomwear,Trousers,Black,Fall,2011.0,Formal,Arrow Men TR Finish Black Trousers,15110.jpg
12751,Men,Apparel,Bottomwear,Jeans,Blue,Fall,2011.0,Casual,Spykar Men Ep Jeans Blue Jeans,12751.jpg
10006,Men,Apparel,Topwear,Tshirts,Black,Fall,2011.0,Sports,Nike Men AS T90 Black Tshirts,10006.jpg
33284,Men,Apparel,Topwear,Tshirts,White,Summer,2012.0,Casual,Arrow Sport Men Multi Coloured Striped Polo T-shirt,33284.jpg
32958,Men,Apparel,Topwear,Tshirts,Charcoal,Summer,2012.0,Casual,Angry Birds Men Printed Charcoal Grey T-shirt,32958.jpg
52081,Men,Apparel,Topwear,Tshirts,Grey,Summer,2012.0,Casual,Myntra Men Grey & Red T-shirt,52081.jpg
14694,Men,Apparel,Bottomwear,Trousers,Green,Fall,2011.0,Casual,Basics Men Green Trousers,14694.jpg
18865,Men,Apparel,Topwear,Sweatshirts,Red,Fall,2011.0,Casual,Puma Men Red Sports Heritage Sweatshirt,18865.jpg
30633,Men,Apparel,Topwear,Tshirts,Grey,Summer,2012.0,Casual,Nike Men Dark Grey T-shirt,30633.jpg
14009,Men,Apparel,Topwear,Tshirts,Black,Fall,2011.0,Casual,Nike Men Printed Black Tshirts,14009.jpg
19716,Men,Apparel,Topwear,Shirts,Blue,Fall,2011.0,Casual,United Colors of Benetton Men Solid Blue Shirt,19716.jpg
7907,Men,Apparel,Topwear,Tshirts,Grey,Fall,2011.0,Casual,Proline Men Grey Polo T-shirt,7907.jpg
48386,Men,Apparel,Bottomwear,Jeans,Black,Summer,2012.0,Casual,French Connection Men Black Jeans,48386.jpg
44913,Men,Apparel,Bottomwear,Track Pants,White,Summer,2012.0,Casual,Puma Men White Track Pants,44913.jpg
58570,Men,Apparel,Topwear,Tshirts,Green,Summer,2012.0,Casual,Puma Men Green T-shirt,58570.jpg
5208,Men,Apparel,Topwear,Tshirts,White,Summer,2011.0,Casual,Superman Men's Crew White T-shirt,5208.jpg
39775,Men,Apparel,Topwear,Shirts,White,Summer,2012.0,Casual,Peter England Men White Casual Shirt,39775.jpg
58742,Men,Apparel,Topwear,Tshirts,Mushroom Brown,Summer,2012.0,Casual,Puma Men Mushroom Brown T-shirt,58742.jpg
43904,Men,Apparel,Topwear,Shirts,Blue,Summer,2012.0,Casual,Arrow Sport Men Blue Check Shirt,43904.jpg
8725,Men,Apparel,Topwear,Shirts,Black,Fall,2011.0,Casual,Indigo Nation Men Checks Shirt Black Shirts,8725.jpg
6479,Men,Apparel,Topwear,Tshirts,Black,Summer,2011.0,Casual,ADIDAS Men's Fresh Blue T-shirt,6479.jpg
29721,Men,Apparel,Topwear,Shirts,Purple,Summer,2012.0,Formal,John Miller Men Check Purple Shirt,29721.jpg
32967,Men,Apparel,Topwear,Tshirts,Grey,Summer,2012.0,Casual,Angry Birds Men Printed Grey T-shirt,32967.jpg
39781,Men,Apparel,Topwear,Shirts,White,Summer,2012.0,Formal,Peter England Men Striped White Formal Shirt,39781.jpg
10805,Men,Apparel,Topwear,Shirts,Black,Fall,2011.0,Casual,Wrangler Men Rider Solid Black Shirts,10805.jpg
23029,Men,Apparel,Topwear,Shirts,Blue,Fall,2011.0,Formal,Arrow Men Blue Striped Shirt,23029.jpg
54947,Men,Apparel,Topwear,Tshirts,Off White,Summer,2012.0,Casual,Do u speak green Men Cream T-shirt,54947.jpg
51409,Men,Apparel,Topwear,Shirts,Turquoise Blue,Summer,2012.0,Casual,Myntra Men Turquoise Blue Striped Shirt,51409.jpg
9603,Men,Apparel,Topwear,Shirts,Brown,Fall,2011.0,Casual,Scullers Men Scul Brown Black Shirts,9603.jpg
35970,Men,Apparel,Topwear,Tshirts,Black,Summer,2012.0,Casual,Flying Machine Men Tee Black T-shirt,35970.jpg
3339,Men,Apparel,Topwear,Tshirts,White,Summer,2011.0,Casual,Myntra Hero Within White T-shirt,3339.jpg
15913,Men,Apparel,Topwear,Shirts,White,Fall,2011.0,Formal,Black Coffee Men Stripes White Shirt,15913.jpg
9267,Men,Apparel,Topwear,Shirts,Blue,Fall,2011.0,Casual,Scullers Men Scul Blue Shirts,9267.jpg
18630,Men,Apparel,Topwear,Tshirts,Red,Fall,2011.0,Casual,Puma Men GP Buddh Logo Polo Red Tshirts,18630.jpg
29345,Men,Apparel,Topwear,Tshirts,Navy Blue,Summer,2012.0,Casual,Probase Men Printed Navy Blue T-shirt,29345.jpg
9869,Men,Apparel,Topwear,Tshirts,Grey,Fall,2011.0,Casual,Status Quo Men Grey Polo Tshirts,9869.jpg
8187,Men,Apparel,Topwear,Shirts,Blue,Summer,2011.0,Casual,Locomotive Men Solid Poplin Laibrook Blue Shirts,8187.jpg
48372,Men,Apparel,Topwear,Shirts,Brown,Summer,2012.0,Casual,French Connection Men Brown Check Shirt,48372.jpg
56846,Men,Apparel,Bottomwear,Jeans,Blue,Fall,2012.0,Casual,John Players Men Blue Jeans,56846.jpg
1944,Men,Apparel,Topwear,Tshirts,Blue,Fall,2010.0,Casual,Puma Mens Reggae All Night Blues T-shirt,1944.jpg
19690,Men,Apparel,Topwear,Shirts,Grey,Fall,2011.0,Casual,United Colors of Benetton Men Solid Grey Shirt,19690.jpg
12278,Men,Apparel,Topwear,Shirts,Maroon,Fall,2011.0,Formal,Genesis Men Solid Maroon Shirts,12278.jpg
18570,Men,Apparel,Topwear,Tshirts,Red,Fall,2011.0,Casual,Puma Men Boot Red T-shirt,18570.jpg
17538,Men,Apparel,Topwear,Shirts,Red,Fall,2011.0,Formal,Mark Taylor Men Red & White Striped Shirt,17538.jpg
20188,Men,Apparel,Topwear,Shirts,Grey,Fall,2011.0,Casual,Wrangler Men Adore Grey Shirt,20188.jpg
24528,Men,Apparel,Topwear,Shirts,White,Fall,2011.0,Casual,Mother Earth Men White Shirt,24528.jpg
9543,Men,Apparel,Topwear,Tshirts,Red,Fall,2011.0,Sports,Nike Men Red Polo Tshirts,9543.jpg
3079,Men,Apparel,Topwear,Tshirts,Pink,Summer,2011.0,Casual,Probase Men's Player Pink T-shirt,3079.jpg
29653,Men,Apparel,Topwear,Shirts,Blue,Summer,2012.0,Formal,Indigo Nation Men Striped Blue Shirt,29653.jpg
3845,Men,Apparel,Topwear,Tshirts,Brown,Summer,2011.0,Casual,Wrangler Men's Wild Horse Brown T-shirt,3845.jpg
44895,Men,Apparel,Topwear,Tshirts,Green,Summer,2012.0,Casual,Puma Men Green Polo Neck T-shirt,44895.jpg
37769,Men,Apparel,Topwear,Shirts,White,Summer,2012.0,Casual,John Players Men Stripes White Shirt,37769.jpg
5980,Men,Apparel,Topwear,Shirts,Grey,Summer,2011.0,Casual,Locomotive Men Charcoal Stripe Shirt,5980.jpg
18326,Men,Apparel,Topwear,Shirts,Black,Fall,2011.0,Casual,Wills Lifestyle Men Check Black Shirt,18326.jpg
9771,Men,Apparel,Topwear,Jackets,Blue,Fall,2011.0,Casual,ADIDAS Men Adna Blue Jackets,9771.jpg
48456,Men,Apparel,Topwear,Tshirts,White,Summer,2012.0,Casual,French Connection Men White Printed T-shirt,48456.jpg
23967,Men,Apparel,Topwear,Tshirts,Blue,Fall,2011.0,Casual,Peter England Men Blue Casual T-shirt,23967.jpg
13508,Men,Apparel,Topwear,Tshirts,Grey,Fall,2011.0,Casual,Chimp Men Who's your papaji Grey Tshirts,13508.jpg
31658,Men,Apparel,Topwear,Shirts,White,Summer,2012.0,Casual,Indigo Nation Men Printed White Shirt,31658.jpg
24984,Men,Apparel,Topwear,Tshirts,Navy Blue,Summer,2012.0,Casual,United Colors of Benetton Men Navy Blue Printed T-shirt,24984.jpg
44861,Men,Apparel,Topwear,Tshirts,Green,Summer,2012.0,Casual,Puma Men Green T-shirt,44861.jpg
5974,Men,Apparel,Topwear,Shirts,Green,Summer,2011.0,Casual,Locomotive Men Green Black White Checked Shirt,5974.jpg
19200,Men,Apparel,Topwear,Shirts,Blue,Fall,2011.0,Casual,United Colors of Benetton Men Check Blue Shirt,19200.jpg
28547,Men,Apparel,Topwear,Tshirts,Black,Summer,2012.0,Casual,Nike Men Icon Black T-shirt,28547.jpg
11409,Men,Apparel,Topwear,Tshirts,Red,Fall,2011.0,Casual,United Colors of Benetton Men Light Winter Red Tshirts,11409.jpg
19664,Men,Apparel,Topwear,Tshirts,Black,Fall,2011.0,Casual,United Colors of Benetton Men Black T-shirt,19664.jpg
7875,Men,Apparel,Bottomwear,Shorts,Black,Fall,2011.0,Sports,Proline Men Black Comfort Fit Sports Shorts,7875.jpg
19456,Men,Apparel,Topwear,Tshirts,Grey,Summer,2012.0,Casual,Quiksilver Men Printed Grey T-shirt,19456.jpg
27359,Men,Apparel,Topwear,Tshirts,Black,Fall,2011.0,Casual,Tantra Men After The Fight Black T-shirt,27359.jpg
7049,Men,Apparel,Topwear,Shirts,Blue,Summer,2011.0,Casual,s.Oliver Men White & Blue Check Shirt,7049.jpg
40099,Men,Apparel,Topwear,Tshirts,Grey,Summer,2012.0,Casual,ADIDAS Men Grey T-shirt,40099.jpg
18319,Men,Apparel,Topwear,Shirts,Maroon,Summer,2011.0,Casual,Wills Lifestyle Men Check Maroon Shirt,18319.jpg
3274,Men,Apparel,Topwear,Tshirts,Brown,Summer,2011.0,Casual,Guerrilla Men's Luchador Coffee T-shirt,3274.jpg
42153,Men,Apparel,Topwear,Tshirts,Grey,Summer,2012.0,Casual,Mr. Men Grey T-shirt,42153.jpg
12623,Men,Apparel,Topwear,Tshirts,Green,Fall,2011.0,Casual,Probase Men Printed Green Tshirts,12623.jpg
23164,Men,Apparel,Topwear,Tshirts,Black,Fall,2011.0,Casual,Mark Taylor Men Black Printed T-shirt,23164.jpg
16283,Men,Apparel,Topwear,Tshirts,White,Fall,2011.0,Casual,Peter England Men Printed White TShirt,16283.jpg
4051,Men,Apparel,Topwear,Tshirts,Yellow,Summer,2011.0,Casual,Myntra Men's Eagle Emblem Yellow T-shirt,4051.jpg
5183,Men,Apparel,Topwear,Tshirts,Navy Blue,Summer,2011.0,Casual,Mickey Men's Donald Jumps Bring It On Navy T-shirt,5183.jpg
24341,Men,Apparel,Topwear,Tshirts,White,Fall,2011.0,Sports,ADIDAS Men White T-shirt,24341.jpg
21401,Men,Apparel,Topwear,Tshirts,Red,Fall,2011.0,Casual,Locomotive Men Printed Red T-shirt,21401.jpg
15634,Men,Apparel,Topwear,Tshirts,Navy Blue,Fall,2011.0,Casual,Nike Men AS AD Club Pique Polo Navy Blue Tshirts,15634.jpg
11294,Men,Apparel,Bottomwear,Jeans,Blue,Spring,2013.0,Casual,Wrangler Men Blue Floyd Jeans,11294.jpg
2194,Men,Apparel,Topwear,Tshirts,Black,Fall,2010.0,Sports,Adidas Men Stripe Polo Shirt,2194.jpg
3046,Men,Apparel,Topwear,Tshirts,Maroon,Summer,2011.0,Casual,Tantra Men's Dirty Man Burgendy T-shirt,3046.jpg
17163,Men,Apparel,Topwear,Shirts,Green,Fall,2011.0,Casual,U.S. Polo Assn. Men Green Check Shirt,17163.jpg
18917,Men,Apparel,Topwear,Shirts,Blue,Fall,2011.0,Casual,Levis Men Work Western Blue Shirt,18917.jpg
38974,Men,Apparel,Topwear,Shirts,Black,Summer,2012.0,Formal,Arrow New York Men Black Check Slim Fit Shirt,38974.jpg
10722,Men,Apparel,Topwear,Tshirts,White,Summer,2011.0,Casual,Nike Men Casual short sleeve tshirt White Tshirts,10722.jpg
26240,Men,Apparel,Bottomwear,Shorts,Grey,Summer,2012.0,Sports,Proline Grey Shorts,26240.jpg
3422,Men,Apparel,Topwear,Tshirts,Black,Summer,2011.0,Casual,Myntra Mens Badge Final T-Shirt,3422.jpg
30325,Men,Apparel,Topwear,Tshirts,Black,Summer,2012.0,Casual,Myntra Men Excuse Me Moron Black T-shirt,30325.jpg
27392,Men,Apparel,Topwear,Tshirts,White,Summer,2016.0,Casual,2go Active Gear USA Men Pack Of 3 T-shirt,27392.jpg
17507,Men,Apparel,Topwear,Tshirts,Black,Fall,2011.0,Casual,Classic Polo Men Stripes Black Polo T-Shirt,17507.jpg
12247,Men,Apparel,Topwear,Shirts,Navy Blue,Fall,2011.0,Formal,Genesis Men Stripes Navy Blue Shirts,12247.jpg
26072,Men,Apparel,Topwear,Shirts,Blue,Summer,2012.0,Formal,John Miller Men Striped Blue Shirt,26072.jpg
13395,Men,Apparel,Topwear,Shirts,Purple,Summer,2011.0,Casual,United Colors of Benetton Men Check Purple Shirts,13395.jpg
30117,Men,Apparel,Topwear,Tshirts,White,Summer,2012.0,Casual,Flying Machine Men Printed White T-shirt,30117.jpg
4435,Men,Apparel,Topwear,Tshirts,White,Summer,2011.0,Casual,Mickey Men's Mickey Hand Sketch Illustrat White T-shirt,4435.jpg
40260,Men,Apparel,Topwear,Shirts,Blue,Summer,2012.0,Casual,Scullers Men Check Blue Shirt,40260.jpg
32640,Men,Apparel,Topwear,Tshirts,White,Summer,2012.0,Sports,Nike Men Striped White & Black T-shirt,32640.jpg
5721,Men,Apparel,Topwear,Tshirts,Blue,Summer,2011.0,Casual,Basics Men Blue & White Striped Polo T-shirt,5721.jpg
38980,Men,Apparel,Topwear,Shirts,Blue,Summer,2012.0,Formal,Arrow Men Blue Check Shirt,38980.jpg
20143,Men,Apparel,Topwear,Shirts,White,Summer,2011.0,Casual,Wrangler Men Bull Classic Striped White Shirt,20143.jpg
33554,Men,Apparel,Topwear,Shirts,Navy Blue,Summer,2012.0,Casual,Wrangler Men Exeter Check Navy Blue Shirt,33554.jpg
19469,Men,Apparel,Topwear,Shirts,Black,Fall,2011.0,Casual,Quiksilver Men Black Shirt,19469.jpg
6998,Men,Apparel,Topwear,Tshirts,Grey,Spring,2011.0,Casual,Classic Polo Men's Wat Duh Pho Grey T-shirt,6998.jpg
13153,Men,Apparel,Topwear,Tshirts,Red,Fall,2011.0,Casual,Puma Men Ribbon Red Tshirts,13153.jpg
46351,Men,Apparel,Topwear,Shirts,White,Summer,2012.0,Casual,Locomotive Men White Shirt,46351.jpg
16421,Men,Apparel,Topwear,Tshirts,Brown,Fall,2011.0,Casual,Levi's Men Stripes Brown Tshirts,16421.jpg
8802,Men,Apparel,Topwear,Shirts,Blue,Fall,2011.0,Casual,Scullers Men Scul Purple Blue White Shirt,8802.jpg
22614,Men,Apparel,Topwear,Tshirts,Navy Blue,Fall,2011.0,Sports,Nike Men Navy Blue T-shirt,22614.jpg
47283,Men,Apparel,Topwear,Tshirts,Purple,Summer,2012.0,Casual,Myntra Men Pack of 3 T-shirt,47283.jpg
26086,Men,Apparel,Topwear,Shirts,Purple,Summer,2012.0,Formal,John Miller Men Check Purple Shirt,26086.jpg
27154,Men,Apparel,Topwear,Shirts,Grey,Summer,2012.0,Formal,Mark Taylor Men Striped Grey Shirt,27154.jpg
16613,Men,Apparel,Bottomwear,Trousers,Grey,Fall,2011.0,Formal,Genesis Men Stripes Grey Trouser,16613.jpg
5513,Men,Apparel,Topwear,Tshirts,Orange,Summer,2011.0,Casual,Probase Men's Crack Print Reign Of Rock & Roll Orange T-shirt,5513.jpg
44634,Men,Apparel,Topwear,Tshirts,Black,Summer,2012.0,Casual,Nike Men Black Printed T-shirt,44634.jpg
41346,Men,Apparel,Bottomwear,Jeans,Navy Blue,Summer,2016.0,Casual,Wrangler Men Navy Blue Texas Jeans,41346.jpg
13705,Men,Apparel,Topwear,Tshirts,Black,Fall,2011.0,Casual,Puma Men Mn's Body Train Black Tshirts,13705.jpg
30587,Men,Apparel,Topwear,Tshirts,Green,Summer,2012.0,Sports,Nike Men Club Pique Polo Green T-shirt,30587.jpg
31455,Men,Apparel,Topwear,Tshirts,Black,Summer,2012.0,Sports,Nike Men Challenger Black Jersey,31455.jpg
3280,Men,Apparel,Topwear,Tshirts,Purple,Summer,2011.0,Casual,Guerrilla Men's Ace Of Spades Purple T-shirt,3280.jpg
14520,Men,Apparel,Topwear,Shirts,Blue,Fall,2011.0,Formal,Mark Taylor Men Blue White & Dark Grey Striped Shirt,14520.jpg
5177,Men,Apparel,Topwear,Tshirts,Black,Summer,2011.0,Casual,Jimi Hendrix Men's Photo Black T-shirt,5177.jpg
56795,Men,Apparel,Bottomwear,Jeans,Blue,Summer,2010.0,Casual,Horsefly Men Blue Jeans,56795.jpg
11052,Men,Apparel,Topwear,Shirts,White,Fall,2011.0,Casual,Scullers Men Check White Shirts,11052.jpg
4297,Men,Apparel,Topwear,Tshirts,Black,Summer,2011.0,Casual,Tantra Men's Jim Morrison Black T-shirt,4297.jpg
14712,Men,Apparel,Topwear,Shirts,Off White,Winter,2011.0,Formal,Genesis Off-White Formal Shirt,14712.jpg
2160,Men,Apparel,Topwear,Tshirts,Red,Spring,2011.0,Casual,Basics Men Red T-shirt,2160.jpg
9588,Men,Apparel,Topwear,Shirts,Navy Blue,Fall,2011.0,Formal,Scullers Men Scul Navy Blue Shirts,9588.jpg
34315,Men,Apparel,Topwear,Tshirts,Orange,Summer,2012.0,Casual,Myntra Men Orange Street Survival T-shirt,34315.jpg
19831,Men,Apparel,Topwear,Shirts,Black,Fall,2011.0,Casual,U.S. Polo Assn. Men Check Black Shirt,19831.jpg
16045,Men,Apparel,Topwear,Shirts,White,Fall,2011.0,Casual,Highlander Men Check White Shirt,16045.jpg
16419,Men,Apparel,Topwear,Tshirts,Green,Fall,2011.0,Casual,Levi's Men Stripes Green Tshirts,16419.jpg
5719,Men,Apparel,Topwear,Tshirts,Green,Summer,2011.0,Casual,Basics Men Green Academy Football League T-shirt,5719.jpg
14940,Men,Apparel,Bottomwear,Shorts,Black,Fall,2011.0,Casual,Status Quo Men Solid Black Shorts,14940.jpg
14518,Men,Apparel,Topwear,Shirts,Grey,Fall,2011.0,Formal,Mark Taylor Men Grey White & Light Brown Striped Shirt,14518.jpg
5973,Men,Apparel,Topwear,Shirts,Black,Summer,2011.0,Casual,Highlander Men Black Checked Shirt,5973.jpg
9782,Men,Apparel,Bottomwear,Shorts,White,Fall,2011.0,Casual,ADIDAS Men M Basic White Shorts,9782.jpg
28540,Men,Apparel,Topwear,Jackets,Red,Summer,2012.0,Sports,Nike Men Hurricane Vapor Red Jacket,28540.jpg
2158,Men,Apparel,Topwear,Tshirts,Red,Spring,2011.0,Casual,Basics Men Red Polo T-shirt,2158.jpg
33934,Men,Apparel,Topwear,Tshirts,White,Summer,2012.0,Casual,ADIDAS Men White T-Shirt,33934.jpg
44866,Men,Apparel,Topwear,Tshirts,Blue,Summer,2012.0,Casual,Puma Men Blue Tech Graphic T-shirt,44866.jpg
5987,Men,Apparel,Topwear,Shirts,Black,Summer,2011.0,Casual,Highlander Men Black Striped Slim Fit Shirt,5987.jpg
48451,Men,Apparel,Topwear,Tshirts,Black,Summer,2012.0,Casual,French Connection Men Black T-shirt,48451.jpg
9776,Men,Apparel,Bottomwear,Track Pants,Grey,Fall,2011.0,Casual,ADIDAS Men Grey Track Pants,9776.jpg
18321,Men,Apparel,Topwear,Shirts,Purple,Fall,2011.0,Casual,Wills Lifestyle Men Check Purple Shirt,18321.jpg
30779,Men,Apparel,Topwear,Kurtas,Rust,Summer,2012.0,Ethnic,Fabindia Men Rust Khadi Kurta,30779.jpg
28786,Men,Apparel,Topwear,Shirts,Grey,Summer,2012.0,Casual,Denizen Men Striped Grey Shirt,28786.jpg
24977,Men,Apparel,Topwear,Tshirts,Pink,Summer,2012.0,Casual,United Colors of Benetton Men Pink Printed T-shirt,24977.jpg
44892,Men,Apparel,Topwear,Tshirts,Black,Summer,2012.0,Casual,Puma Men Black Polo T-shirt,44892.jpg
26278,Men,Apparel,Topwear,Tshirts,Green,Summer,2012.0,Casual,Proline Men Green Polo T-shirt,26278.jpg
6168,Men,Apparel,Topwear,Tshirts,Red,Summer,2011.0,Casual,Lee Men's Guns Cardinal T-shirt,6168.jpg
40258,Men,Apparel,Topwear,Shirts,White,Summer,2012.0,Casual,Scullers Men White & Navy Blue Shirt,40258.jpg
19697,Men,Apparel,Topwear,Shirts,White,Fall,2011.0,Casual,United Colors of Benetton Men Solid White Shirt,19697.jpg
7288,Men,Apparel,Topwear,Tshirts,Grey,Fall,2011.0,Casual,Mickey Men's Big Happy Face Grey Heather T-shirt,7288.jpg
4290,Men,Apparel,Topwear,Tshirts,Maroon,Summer,2011.0,Casual,Tantra Men's India Rocks Burgandy T-shirt,4290.jpg
14715,Men,Apparel,Topwear,Shirts,White,Fall,2011.0,Formal,Indigo Nation Men Formal Shirt White Shirts,14715.jpg
11267,Men,Apparel,Bottomwear,Trousers,Black,Fall,2011.0,Formal,Indigo Nation Men Black self structure Black Trousers,11267.jpg
44859,Men,Apparel,Topwear,Tshirts,Black,Summer,2012.0,Casual,Puma Men Black Ferrari Polo T-shirt,44859.jpg
2167,Men,Apparel,Topwear,Shirts,Blue,Summer,2011.0,Casual,Probase Men Blue & White Shirt,2167.jpg
31660,Men,Apparel,Topwear,Shirts,Black,Summer,2012.0,Casual,Indigo Nation Men Printed Black Shirt,31660.jpg
17190,Men,Apparel,Topwear,Shirts,Navy Blue,Winter,2016.0,Casual,U.S. Polo Assn. Men Checks Navy Blue Shirt,17190.jpg
16042,Men,Apparel,Topwear,Shirts,Red,Fall,2011.0,Casual,Highlander Men Check Red Shirt,16042.jpg
3889,Men,Apparel,Topwear,Tshirts,Red,Summer,2011.0,Casual,Wrangler Men's Racing Big Print Red T-shirt,3889.jpg
19836,Men,Apparel,Topwear,Shirts,Blue,Fall,2011.0,Casual,U.S. Polo Assn. Men Blue & WIne Check Shirt,19836.jpg
27537,Men,Apparel,Topwear,Shirts,Green,Summer,2012.0,Casual,Scullers Men Check Green & Blue Shirt,27537.jpg
31452,Men,Apparel,Topwear,Tshirts,Grey,Summer,2012.0,Sports,Nike Men Compression Grey T-shirt,31452.jpg
3287,Men,Apparel,Topwear,Tshirts,Blue,Summer,2011.0,Casual,Guerrilla Men's Madagascar Blue T-shirt,3287.jpg
23197,Men,Apparel,Topwear,Shirts,Blue,Fall,2011.0,Casual,Highlander Men Blue Check Shirt,23197.jpg
5170,Men,Apparel,Topwear,Tshirts,Black,Summer,2011.0,Casual,Ed Hardy Men's Sports Black T-shirt,5170.jpg
14527,Men,Apparel,Topwear,Shirts,Brown,Fall,2011.0,Formal,Mark Taylor Men Light Brown & White Striped Shirt,14527.jpg
11055,Men,Apparel,Topwear,Shirts,Blue,Fall,2011.0,Casual,Scullers Men Check Blue Shirt,11055.jpg
10187,Men,Apparel,Topwear,Shirts,Black,Fall,2011.0,Casual,Indigo Nation Men Hot Stepper Black Blue Shirts,10187.jpg
31036,Men,Apparel,Topwear,Tshirts,Blue,Summer,2012.0,Casual,Arrow Sport Men Striped Blue Polo T-shirt,31036.jpg
28927,Men,Apparel,Topwear,Tshirts,Purple,Summer,2012.0,Casual,Mr. Men Printed Purple T-shirt,28927.jpg
27153,Men,Apparel,Topwear,Shirts,Green,Summer,2012.0,Formal,Mark Taylor Men Striped Green Shirt,27153.jpg
16614,Men,Apparel,Bottomwear,Trousers,Brown,Fall,2011.0,Formal,Genesis Men Stripes Brown Trouser,16614.jpg
5514,Men,Apparel,Topwear,Tshirts,Grey,Summer,2011.0,Casual,Probase Men's Crack Print Reign Of Rock & Roll Grey T-shirt,5514.jpg
20144,Men,Apparel,Topwear,Shirts,White,Fall,2011.0,Casual,Wrangler Men Bull Classic Striped White Shirt,20144.jpg
33553,Men,Apparel,Topwear,Shirts,Green,Summer,2012.0,Casual,Wrangler Men Exeter Check Green Shirt,33553.jpg
13154,Men,Apparel,Topwear,Tshirts,Black,Fall,2011.0,Casual,Puma Men Scribble Black Tshirts,13154.jpg
27361,Men,Apparel,Topwear,Tshirts,Blue,Fall,2011.0,Casual,Tantra Men Cryptic Blue T-shirt,27361.jpg
22613,Men,Apparel,Topwear,Tshirts,Grey,Fall,2011.0,Sports,Nike Men Grey T-shirt,22613.jpg
16426,Men,Apparel,Topwear,Tshirts,Green,Fall,2011.0,Casual,Levi's Men Printed Green Tshirts,16426.jpg
8805,Men,Apparel,Topwear,Shirts,Black,Fall,2011.0,Casual,Scullers Men Scul White Black Shirt,8805.jpg
26075,Men,Apparel,Topwear,Shirts,Blue,Summer,2012.0,Formal,John Miller Men Striped Blue Shirt,26075.jpg
3617,Men,Apparel,Topwear,Tshirts,Red,Summer,2011.0,Sports,Puma Men's Deccan Chargers Red T-shirt,3617.jpg
13392,Men,Apparel,Topwear,Shirts,Blue,Summer,2011.0,Casual,United Colors of Benetton Men Check Blue Shirts,13392.jpg
4432,Men,Apparel,Topwear,Tshirts,White,Summer,2011.0,Casual,Wrangler Men's Bullrider Striper Polo White T-shirt,4432.jpg
40267,Men,Apparel,Topwear,Tshirts,White,Summer,2012.0,Casual,Scullers Men Striped White T-shirt,40267.jpg
38973,Men,Apparel,Topwear,Shirts,Grey,Summer,2012.0,Formal,Arrow New York Men Grey Check Slim Fit Shirt,38973.jpg
40055,Men,Apparel,Topwear,Tshirts,Blue,Summer,2012.0,Sports,ADIDAS Men Blue Basketball Jersey,40055.jpg
32475,Men,Apparel,Topwear,Tshirts,Black,Summer,2012.0,Casual,Proline Men Black & Yellow Colourblocked Polo T-shirt,32475.jpg
3425,Men,Apparel,Topwear,Tshirts,Navy Blue,Summer,2011.0,Casual,Myntra Men's Anyone Who Says Navy Blue T-shirt,3425.jpg
30322,Men,Apparel,Topwear,Tshirts,Teal,Summer,2012.0,Casual,Myntra Men Hawai 2 Teal T-shirt,30322.jpg
6157,Men,Apparel,Topwear,Tshirts,Grey,Summer,2011.0,Casual,Lee Men's Hand Grey T-shirt,6157.jpg
17500,Men,Apparel,Topwear,Tshirts,Navy Blue,Fall,2011.0,Casual,Classic Polo Men Stripes Blue Polo T-Shirt,17500.jpg
15633,Men,Apparel,Topwear,Tshirts,Black,Fall,2011.0,Sports,Nike Men AS Manu Authantic Black Tshirts,15633.jpg
21406,Men,Apparel,Topwear,Tshirts,Navy Blue,Fall,2011.0,Casual,Locomotive Men Printed Navy Blue T-shirt,21406.jpg
11293,Men,Apparel,Bottomwear,Jeans,,Fall,2016.0,Casual,Wrangler Men Blue Texas Jeans,11293.jpg
10341,Men,Apparel,Topwear,Tshirts,Pink,Fall,2011.0,Casual,United Colors of Benetton Men Printed Pink Tshirts,10341.jpg
2193,Men,Apparel,Bottomwear,Shorts,Navy Blue,Fall,2010.0,Sports,ADIDAS Men Navy Short,2193.jpg
30746,Men,Apparel,Topwear,Kurtas,Maroon,Summer,2012.0,Ethnic,Fabindia Men Printed Maroon Kurta,30746.jpg
17164,Men,Apparel,Topwear,Shirts,Blue,Fall,2011.0,Casual,U.S. Polo Assn. Men Checks Blue Shirt,17164.jpg
26411,Men,Apparel,Topwear,Shirts,Red,Summer,2012.0,Casual,Turtle Men Check Red Shirt,26411.jpg
12624,Men,Apparel,Topwear,Tshirts,Green,Fall,2011.0,Casual,Probase Men Printed Green Tshirts,12624.jpg
3273,Men,Apparel,Topwear,Tshirts,Green,Summer,2011.0,Casual,Guerrilla Men's God's Sent Green T-shirt,3273.jpg
23163,Men,Apparel,Topwear,Tshirts,Navy Blue,Fall,2011.0,Casual,Mark Taylor Men Navy Blue Printed T-shirt,23163.jpg
6701,Men,Apparel,Topwear,Tshirts,Navy Blue,Summer,2011.0,Casual,UCB Men's The Graphic Alien Print Navy Blue T-shirt,6701.jpg
16284,Men,Apparel,Topwear,Tshirts,Red,Fall,2011.0,Casual,Peter England Men Printed Red TShirt,16284.jpg
4056,Men,Apparel,Topwear,Tshirts,White,Summer,2011.0,Casual,Myntra Men's Yoga White T-shirt,4056.jpg
37751,Men,Apparel,Topwear,Shirts,Red,Summer,2012.0,Casual,John Players Men Check Red Shirt,37751.jpg
5184,Men,Apparel,Topwear,Tshirts,Black,Summer,2011.0,Casual,Mickey Men's Goofy Is Happy Black T-shirt,5184.jpg
30589,Men,Apparel,Topwear,Tshirts,Blue,Summer,2012.0,Casual,Nike Men Club Pique Polo Blue T-shirt,30589.jpg
5179,Men,Apparel,Topwear,Tshirts,Black,Summer,2011.0,Casual,Batman Men's Logo Dripping Black T-shirt,5179.jpg
5945,Men,Apparel,Topwear,Shirts,Blue,Summer,2011.0,Casual,Locomotive Men Blue Checked Shirt,5945.jpg
4299,Men,Apparel,Topwear,Tshirts,Green,Summer,2011.0,Casual,Tantra Men's Friends Olive Green T-shirt,4299.jpg
44850,Men,Apparel,Topwear,Tshirts,Black,Summer,2012.0,Casual,Puma Men Black Ferrari Logo T-shirt,44850.jpg
3880,Men,Apparel,Topwear,Tshirts,Grey,Summer,2011.0,Casual,Wrangler Men's Burnt Out Grey T-shirt,3880.jpg
29696,Men,Apparel,Topwear,Shirts,Purple,Summer,2012.0,Formal,John Miller Men Striped Purple Shirt,29696.jpg
27368,Men,Apparel,Topwear,Tshirts,Red,Fall,2011.0,Casual,Tantra Men Hippy Red T-shirt,27368.jpg
6996,Men,Apparel,Topwear,Tshirts,Brown,Spring,2011.0,Casual,Classic Polo Men's State Athletic Brown T-shirt,6996.jpg
8030,Men,Apparel,Bottomwear,Track Pants,Grey,Fall,2011.0,Sports,Fila Men's Basic Cotton Lower Grey Track Pant,8030.jpg
26088,Men,Apparel,Topwear,Shirts,Purple,Summer,2012.0,Formal,John Miller Men Striped Purple Shirt,26088.jpg
8202,Men,Apparel,Topwear,Tshirts,Grey,Summer,2011.0,Casual,Locomotive Men Landon Grey T-Shirts,8202.jpg
41348,Men,Apparel,Bottomwear,Jeans,Navy Blue,Summer,2016.0,Casual,Wrangler Men Navy Blue Skanders Jeans,41348.jpg
6962,Men,Apparel,Topwear,Shirts,Navy Blue,Summer,2011.0,Casual,s.Oliver Men White Red Checks Shirt,6962.jpg
17509,Men,Apparel,Topwear,Tshirts,Blue,Fall,2011.0,Casual,Classic Polo Men Stripes Blue Polo T-Shirt,17509.jpg
30119,Men,Apparel,Topwear,Tshirts,Grey,Summer,2012.0,Casual,Flying Machine Men Grey Polo T-shirt,30119.jpg
12249,Men,Apparel,Topwear,Shirts,Pink,Fall,2011.0,Formal,Genesis Men Striped Pink & Navy Shirt,12249.jpg
29808,Men,Apparel,Topwear,Shirts,Blue,Summer,2012.0,Casual,Basics Men Blue Checked Slim Fit Shirt,29808.jpg
26418,Men,Apparel,Topwear,Shirts,Purple,Summer,2012.0,Casual,Turtle Men Check Purple Shirt,26418.jpg
23956,Men,Apparel,Topwear,Shirts,Grey,Fall,2011.0,Casual,Provogue Men Grey Shirt,23956.jpg
18317,Men,Apparel,Topwear,Shirts,Maroon,Summer,2011.0,Casual,Wills Lifestyle Men Check Maroon Shirt,18317.jpg
6708,Men,Apparel,Topwear,Shirts,Yellow,Summer,2011.0,Casual,UCB Men Ben Logo At Chest Yellow Shirt,6708.jpg
37758,Men,Apparel,Topwear,Shirts,White,Summer,2012.0,Casual,John Players Men Solid White Shirt,37758.jpg
4863,Men,Apparel,Topwear,Tshirts,Red,Summer,2011.0,Sports,ADIDAS Men Ac Milan Red Black Jersey,4863.jpg
3048,Men,Apparel,Topwear,Tshirts,White,Summer,2011.0,Casual,Tantra Men's Rupee White T-shirt,3048.jpg
3874,Men,Apparel,Topwear,Tshirts,Blue,Summer,2011.0,Casual,Wrangler Men's Trademark Washed Blue T-shirt,3874.jpg
18919,Men,Apparel,Topwear,Shirts,Blue,Fall,2011.0,Casual,Levis Men Work Western Blue Shirt,18919.jpg
20340,Men,Apparel,Topwear,Tshirts,Grey,Summer,2011.0,Casual,Probase Men Printed Grey Tshirt,20340.jpg
14949,Men,Apparel,Topwear,Tshirts,Black,Fall,2011.0,Casual,Status Quo Men Solid Black Tshirts,14949.jpg
43420,Men,Apparel,Bottomwear,Jeans,Blue,Summer,2012.0,Casual,Spykar Men Blue Jeans,43420.jpg
27165,Men,Apparel,Topwear,Shirts,Blue,Summer,2012.0,Formal,Mark Taylor Men Striped Blue Shirt,27165.jpg
12282,Men,Apparel,Topwear,Shirts,Green,Fall,2011.0,Formal,Genesis Men Green & Purple Striped Shirt,12282.jpg
7275,Men,Apparel,Topwear,Tshirts,Grey,Fall,2011.0,Casual,Batman Men's Batman & Joker Dark Grey T-shirt,7275.jpg
16622,Men,Apparel,Bottomwear,Trousers,Khaki,Fall,2011.0,Casual,Probase Men Solid Khaki Trouser,16622.jpg
27357,Men,Apparel,Topwear,Tshirts,Blue,Fall,2011.0,Casual,Tantra Men Feel No Pain Blue T-shirt,27357.jpg
26285,Men,Apparel,Topwear,Tshirts,Navy Blue,Summer,2012.0,Casual,Proline Men Navy T-shirt with Printed Detail,26285.jpg
6195,Men,Apparel,Topwear,Tshirts,Cream,Summer,2011.0,Casual,Lee Men's Linen Cream T-shirt,6195.jpg
46360,Men,Apparel,Topwear,Shirts,White,Summer,2012.0,Casual,Locomotive Men Black & Grey Check Shirt,46360.jpg
20172,Men,Apparel,Topwear,Shirts,Navy Blue,Fall,2011.0,Casual,Wrangler Men Aoston Navy Blue Shirt,20172.jpg
40097,Men,Apparel,Topwear,Tshirts,Grey,Summer,2012.0,Casual,ADIDAS Men Grey T-shirt,40097.jpg
31656,Men,Apparel,Topwear,Shirts,White,Summer,2012.0,Casual,Indigo Nation Men White Shirt,31656.jpg
13506,Men,Apparel,Topwear,Tshirts,White,Fall,2011.0,Casual,Chimp Men Color me Happy White Tshirts,13506.jpg
30784,Men,Apparel,Topwear,Kurtas,White,Summer,2012.0,Ethnic,Fabindia Men Striped White Kurta,30784.jpg
2151,Men,Apparel,Topwear,Tshirts,White,Spring,2011.0,Casual,Basics Men Red & Blue Polo T-shirt,2151.jpg
19800,Men,Apparel,Topwear,Tshirts,Green,Fall,2011.0,Casual,U.S. Polo Assn. Men Solid Green Tshirt,19800.jpg
34324,Men,Apparel,Topwear,Tshirts,Red,Summer,2012.0,Casual,Myntra Men Extreme Disturbance Red T-shirt,34324.jpg
37793,Men,Apparel,Topwear,Shirts,Blue,Summer,2012.0,Formal,John Players Men Blue Striped Shirt,37793.jpg
14511,Men,Apparel,Topwear,Shirts,Blue,Fall,2011.0,Formal,Mark Taylor Men Blue Striped Shirt,14511.jpg
4094,Men,Apparel,Topwear,Tshirts,Navy Blue,Summer,2011.0,Casual,Classic Polo Men's NAvy Melange T-shirt,4094.jpg
11063,Men,Apparel,Topwear,Shirts,Purple,Fall,2011.0,Formal,John Miller Men Solid Purple Shirts,11063.jpg
43044,Men,Apparel,Bottomwear,Shorts,Charcoal,Summer,2012.0,Casual,Nike Men Charcoal Grey Shorts,43044.jpg
13734,Men,Apparel,Topwear,Shirts,Blue,Fall,2011.0,Casual,Belmonte Men Check Blue Shirts,13734.jpg
3077,Men,Apparel,Topwear,Tshirts,Blue,Summer,2011.0,Casual,Probase Men's Collage Turquoise T-shirt,3077.jpg
30770,Men,Apparel,Topwear,Kurtas,Grey,Summer,2012.0,Ethnic,Fabindia Men Grey Printed Silk Kurta,30770.jpg
18926,Men,Apparel,Topwear,Tshirts,Grey,Fall,2011.0,Casual,Levi's Men Rubber Print Grey Tshirt,18926.jpg
17152,Men,Apparel,Topwear,Jackets,Black,Fall,2011.0,Casual,U.S. Polo Assn. Men Solid Black Jacket,17152.jpg
4252,Men,Apparel,Topwear,Tshirts,Green,Summer,2011.0,Casual,Probase Men's Crack Print Ghost Buster Green T-shirt,4252.jpg
15605,Men,Apparel,Topwear,Tshirts,Navy Blue,Fall,2011.0,Sports,Nike Men Football Soccer Navy Blue T-shirt,15605.jpg
10377,Men,Apparel,Topwear,Tshirts,White,Fall,2011.0,Casual,United Colors of Benetton Men Printed White Tshirts,10377.jpg
37767,Men,Apparel,Topwear,Shirts,Red,Summer,2012.0,Casual,John Players Men Orange And Blue Check Shirt,37767.jpg
4060,Men,Apparel,Topwear,Tshirts,White,Summer,2011.0,Casual,Myntra Men's I Am Drunk White T-shirt,4060.jpg
12612,Men,Apparel,Topwear,Tshirts,Orange,Fall,2011.0,Casual,Ed Hardy Men Printed Orange Tshirts,12612.jpg
48458,Men,Apparel,Bottomwear,Shorts,Blue,Fall,2012.0,Casual,French Connection Men Blue & White Check Shorts,48458.jpg
23969,Men,Apparel,Topwear,Tshirts,White,Fall,2011.0,Casual,Peter England Men White Printed T-shirt,23969.jpg
23155,Men,Apparel,Topwear,Tshirts,White,Fall,2011.0,Casual,Mark Taylor Men White Printed T-shirt,23155.jpg
4404,Men,Apparel,Topwear,Tshirts,Black,Spring,2013.0,Casual,Nirvana Men's Guitar Image Discharge Black T-shirt,4404.jpg
26043,Men,Apparel,Topwear,Shirts,Grey,Summer,2012.0,Formal,John Miller Men Grey Shirt,26043.jpg
29837,Men,Apparel,Topwear,Shirts,Yellow,Summer,2012.0,Casual,Basics Men Yellow Checked Shirt,29837.jpg
7281,Men,Apparel,Topwear,Tshirts,Grey,Fall,2011.0,Casual,Batman Men's The Dark Knight Light Grey T-shirt,7281.jpg
30314,Men,Apparel,Topwear,Tshirts,Red,Summer,2012.0,Casual,Myntra Men Heavy Weight Red T-shirt,30314.jpg
26271,Men,Apparel,Topwear,Tshirts,Off White,Summer,2013.0,Casual,Proline Men Off-white Polo T-shirt,26271.jpg
12044,Men,Apparel,Bottomwear,Jeans,Blue,Fall,2011.0,Casual,Spykar Men Washed Blue Jeans,12044.jpg
6161,Men,Apparel,Topwear,Tshirts,Blue,Summer,2011.0,Casual,Lee Men's Medal Blue Lapis T-shirt,6161.jpg
17536,Men,Apparel,Topwear,Shirts,Blue,Fall,2011.0,Formal,Mark Taylor Men Blue & White Striped Shirt,17536.jpg
46394,Men,Apparel,Topwear,Shirts,Blue,Summer,2012.0,Casual,ADIDAS Men Blue & Black Check Shirt,46394.jpg
20186,Men,Apparel,Topwear,Shirts,Blue,Fall,2011.0,Casual,Wrangler Men Tony Check Blue Shirt,20186.jpg
37131,Men,Apparel,Topwear,Shirts,Lavender,Summer,2012.0,Formal,Wills Lifestyle Men Striped Lavender Shirt,37131.jpg
24526,Men,Apparel,Topwear,Shirts,Maroon,Fall,2011.0,Casual,Mother Earth Men Maroon Shirt,24526.jpg
21408,Men,Apparel,Topwear,Tshirts,Black,Fall,2011.0,Casual,Locomotive Men Printed Black T-shirt,21408.jpg
30748,Men,Apparel,Topwear,Kurtas,White,Summer,2012.0,Ethnic,Fabindia Men Striped White Kurta,30748.jpg
29665,Men,Apparel,Topwear,Shirts,Purple,Summer,2012.0,Casual,Indigo Nation Men Striped Purple Shirt,29665.jpg
3873,Men,Apparel,Topwear,Tshirts,Blue,Summer,2011.0,Casual,Wrangler Men's Quality Gurtd Blue T-shirt,3873.jpg
18310,Men,Apparel,Topwear,Tshirts,Black,Fall,2011.0,Casual,Wills Lifestyle Men Striped Black T-Shirt,18310.jpg
48460,Men,Apparel,Bottomwear,Shorts,Green,Summer,2012.0,Casual,French Connection Men Green & White Check Cargo Shorts,48460.jpg
4058,Men,Apparel,Topwear,Tshirts,White,Summer,2011.0,Casual,Myntra Men's Drink N Drive White T-shirt,4058.jpg
4864,Men,Apparel,Topwear,Tshirts,White,Summer,2011.0,Sports,ADIDAS Men Real Madrid White Jersey,4864.jpg
1972,Men,Apparel,Topwear,Tshirts,White,Fall,2010.0,Sports,Kalenji Mens White T-shirt,1972.jpg
32649,Men,Apparel,Bottomwear,Shorts,Black,Summer,2012.0,Sports,Nike Men Black Shorts,32649.jpg
40269,Men,Apparel,Topwear,Tshirts,Black,Summer,2012.0,Casual,Scullers Men White T-shirt,40269.jpg
14985,Men,Apparel,Topwear,Sweatshirts,Blue,Fall,2011.0,Casual,ADIDAS Men Printed Blue Sweatshirts,14985.jpg
6965,Men,Apparel,Topwear,Tshirts,Grey,Summer,2011.0,Casual,s.Oliver Men's Generous Grey T-shirt,6965.jpg
6159,Men,Apparel,Topwear,Tshirts,Black,Summer,2011.0,Casual,Lee Men's Slash Black T-shirt,6159.jpg
28929,Men,Apparel,Topwear,Tshirts,Navy Blue,Summer,2012.0,Casual,Mr. Men Printed Navy Blue T-shirt,28929.jpg
31038,Men,Apparel,Topwear,Tshirts,Blue,Summer,2012.0,Casual,Arrow Sport Men blue Printed T-shirt,31038.jpg
8205,Men,Apparel,Topwear,Tshirts,Navy Blue,Summer,2011.0,Casual,Locomotive Men Stripe Langley Navy Blue T-Shirts,8205.jpg
39067,Men,Apparel,Topwear,Tshirts,Green,Summer,2012.0,Casual,Arrow Sport Men Green T-shirt,39067.jpg
6991,Men,Apparel,Topwear,Tshirts,White,Summer,2011.0,Casual,s.Oliver Men's Polo Grey Collar White T-shirt,6991.jpg
13966,Men,Apparel,Topwear,Tshirts,White,Fall,2011.0,Casual,Ed Hardy Men Solid White Tshirts,13966.jpg
16428,Men,Apparel,Topwear,Tshirts,Charcoal,Fall,2011.0,Casual,Levi's Men Printed Charcoal Tshirts,16428.jpg
44857,Men,Apparel,Topwear,Tshirts,Black,Summer,2012.0,Casual,Puma Men Black T-shirt,44857.jpg
11269,Men,Apparel,Topwear,Tshirts,Black,Fall,2011.0,Sports,Nike Men Laced Crew Black T-Shirts,11269.jpg
2169,Men,Apparel,Topwear,Shirts,Red,Summer,2011.0,Casual,Probase Men Red & Blue Shirt,2169.jpg
19838,Men,Apparel,Topwear,Shirts,Red,Fall,2011.0,Casual,U.S. Polo Assn. Men Check Red Shirt,19838.jpg
3887,Men,Apparel,Topwear,Tshirts,Red,Summer,2011.0,Casual,Wrangler Men's Pride To Ride Washed Red T-shirt,3887.jpg
3289,Men,Apparel,Topwear,Tshirts,White,Summer,2011.0,Casual,Guerrilla Men's I Like What I See White T-shirt,3289.jpg
27539,Men,Apparel,Topwear,Shirts,Blue,Summer,2012.0,Casual,Scullers Men Check Green & Blue Shirt,27539.jpg
7629,Men,Apparel,Topwear,Tshirts,White,Fall,2011.0,Sports,Puma Men's Summer Graphic White T-shirt,7629.jpg
23199,Men,Apparel,Topwear,Shirts,Green,Fall,2011.0,Casual,Highlander Men Green Check Shirt,23199.jpg
14529,Men,Apparel,Topwear,Tshirts,Red,Fall,2011.0,Casual,Mark Taylor Men Printed Red Tshirts,14529.jpg
10189,Men,Apparel,Topwear,Shirts,Blue,Fall,2011.0,Casual,Indigo Nation Men Hot Stepper Blue Shirts,10189.jpg
30313,Men,Apparel,Topwear,Tshirts,Off White,Summer,2012.0,Casual,Myntra Men Karma Off White T-shirt,30313.jpg
12043,Men,Apparel,Topwear,Shirts,White,Fall,2011.0,Formal,Mark Taylor Men White & Blue Striped Shirt,12043.jpg
7888,Men,Apparel,Topwear,Tshirts,Grey,Fall,2011.0,Casual,Proline Men Pack of 3 T-shirts,7888.jpg
26276,Men,Apparel,Topwear,Tshirts,Charcoal,Summer,2012.0,Casual,Proline Men Charcoal Grey Polo T-shirt,26276.jpg
3414,Men,Apparel,Topwear,Tshirts,Blue,Summer,2011.0,Casual,Myntra Mens Game over T-shirt,3414.jpg
6166,Men,Apparel,Topwear,Tshirts,Grey,Summer,2011.0,Casual,Lee Men's City Stormy Grey T-shirt,6166.jpg
46393,Men,Apparel,Topwear,Shirts,Olive,Summer,2012.0,Casual,ADIDAS Men Olive Shirt,46393.jpg
20181,Men,Apparel,Topwear,Shirts,Grey,Fall,2011.0,Casual,Wrangler Men Colorado Grey Shirt,20181.jpg
32444,Men,Apparel,Bottomwear,Shorts,Navy Blue,Winter,2015.0,Sports,ADIDAS Men Navy Blue Shorts,32444.jpg
40064,Men,Apparel,Topwear,Tshirts,Black,Summer,2012.0,Casual,ADIDAS Men Black Graphic T-shirt,40064.jpg
4403,Men,Apparel,Topwear,Tshirts,Black,Summer,2011.0,Casual,Rolling Stone Men's Union Jack Black T-shirt,4403.jpg
40256,Men,Apparel,Topwear,Shirts,Blue,Summer,2012.0,Casual,Scullers Men Check Blue Shirt,40256.jpg
30121,Men,Apparel,Topwear,Tshirts,Grey,Summer,2012.0,Casual,Flying Machine Men Grey Polo T-shirt,30121.jpg
12271,Men,Apparel,Topwear,Shirts,Blue,Fall,2011.0,Formal,Genesis Men Stripes Blue Shirts,12271.jpg
19699,Men,Apparel,Topwear,Shirts,White,Fall,2011.0,Casual,United Colors of Benetton Men White Shirt,19699.jpg
26044,Men,Apparel,Topwear,Shirts,Pink,Summer,2012.0,Formal,John Miller Men Pink Shirt,26044.jpg
7286,Men,Apparel,Topwear,Tshirts,White,Fall,2011.0,Casual,Mickey Men's Big White T-shirt,7286.jpg
37760,Men,Apparel,Topwear,Shirts,Blue,Summer,2012.0,Casual,John Players Men Check Blue Shirt,37760.jpg
44292,Men,Apparel,Topwear,Shirts,Green,Summer,2012.0,Casual,Indian Terrain Men Green Check Shirt,44292.jpg
11090,Men,Apparel,Topwear,Shirts,Blue,Fall,2011.0,Casual,Scullers Men Check Blue Shirts,11090.jpg
42165,Men,Apparel,Topwear,Tshirts,Black,Summer,2012.0,Casual,Status Quo Men Black T-shirt,42165.jpg
12615,Men,Apparel,Topwear,Tshirts,Red,Fall,2011.0,Casual,Ed Hardy Men Printed Maroon Tshirts,12615.jpg
9778,Men,Apparel,Topwear,Tshirts,White,Fall,2011.0,Casual,ADIDAS Men  White Polo Tshirts,9778.jpg
23152,Men,Apparel,Topwear,Shirts,White,Winter,2011.0,Formal,Genesis White Formal Shirt,23152.jpg
30777,Men,Apparel,Topwear,Kurtas,Green,Summer,2012.0,Ethnic,Fabindia Men Striped Green Kurta,30777.jpg
17155,Men,Apparel,Topwear,Shirts,Blue,Fall,2011.0,Casual,U.S. Polo Assn. Men Stripes Blue Shirt,17155.jpg
18921,Men,Apparel,Topwear,Shirts,Red,Fall,2011.0,Casual,Levis Men Classics  Red Shirt,18921.jpg
15602,Men,Apparel,Topwear,Sweatshirts,Black,Summer,2012.0,Casual,Nike Men Casual Black Sweatshirts,15602.jpg
14516,Men,Apparel,Topwear,Shirts,White,Fall,2011.0,Formal,Mark Taylor Men White & Green Striped Shirt,14516.jpg
37794,Men,Apparel,Topwear,Shirts,Brown,Summer,2012.0,Formal,John Players Men Stripes Brown Shirt,37794.jpg
4093,Men,Apparel,Topwear,Tshirts,Navy Blue,Summer,2011.0,Casual,Classic Polo Men's Navy With Orange White Stripes T-shirt,4093.jpg
11064,Men,Apparel,Topwear,Shirts,Purple,Fall,2011.0,Formal,John Miller Men Solid Purple Shirts,11064.jpg
31463,Men,Apparel,Topwear,Tshirts,Black,Summer,2012.0,Sports,Nike Men Black Football Jersey,31463.jpg
13733,Men,Apparel,Topwear,Shirts,Blue,Fall,2011.0,Formal,Belmonte Men Check Blue Shirts,13733.jpg
43043,Men,Apparel,Topwear,Shirts,Navy Blue,Summer,2012.0,Casual,Indigo Nation Navy Blue Shirt,43043.jpg
3084,Men,Apparel,Topwear,Tshirts,Red,Summer,2011.0,Casual,Probase Men's Cartoon Red T-shirt,3084.jpg
30783,Men,Apparel,Topwear,Kurtas,Cream,Summer,2012.0,Ethnic,Fabindia Men Striped Cream Kurta,30783.jpg
2156,Men,Apparel,Topwear,Tshirts,Navy Blue,Spring,2011.0,Casual,Basics Men Navy Polo T-shirt,2156.jpg
13501,Men,Apparel,Topwear,Tshirts,White,Fall,2011.0,Casual,Chimp Men Daku Mentatry White Tshirts,13501.jpg
19807,Men,Apparel,Topwear,Tshirts,White,Winter,2016.0,Casual,U.S. Polo Assn. Men Solid White Tshirt,19807.jpg
34323,Men,Apparel,Topwear,Tshirts,Red,Summer,2012.0,Casual,Myntra Men Chase Red T-shirt,34323.jpg
44868,Men,Apparel,Topwear,Tshirts,Black,Summer,2012.0,Casual,Puma Men Black Graphic T-shirt,44868.jpg
11256,Men,Apparel,Topwear,Tshirts,Black,Summer,2013.0,Casual,Puma Men Black Printed Shield T-shirt,11256.jpg
26282,Men,Apparel,Topwear,Tshirts,Cream,Summer,2012.0,Casual,Proline Men Cream-Coloured Printed T-shirt,26282.jpg
31235,Men,Apparel,Topwear,Tshirts,Blue,Summer,2012.0,Casual,Puma Men Fine Striped Polo Blue T-shirt,31235.jpg
6192,Men,Apparel,Topwear,Tshirts,White,Summer,2011.0,Casual,UCB Men's Lion Logo White T-shirt,6192.jpg
46367,Men,Apparel,Topwear,Shirts,Blue,Summer,2012.0,Casual,Locomotive Men Blue and Grey Check Shirt,46367.jpg
16417,Men,Apparel,Topwear,Tshirts,Yellow,Fall,2011.0,Casual,Levis Men Stripes Yellow Tshirt,16417.jpg
8834,Men,Apparel,Bottomwear,Trousers,Brown,Summer,2011.0,Formal,Scullers Men Scul Brown Trousers,8834.jpg
22622,Men,Apparel,Topwear,Tshirts,Red,Fall,2011.0,Sports,Nike Men Red Polo T-shirt,22622.jpg
5717,Men,Apparel,Topwear,Tshirts,Grey,Summer,2011.0,Casual,Basics Men Grey & White Striped T-shirt,5717.jpg
20175,Men,Apparel,Topwear,Shirts,Khaki,Fall,2011.0,Casual,Wrangler Men Vintage Khaki Shirt,20175.jpg
11632,Men,Apparel,Topwear,Shirts,Black,Fall,2011.0,Casual,United Colors of Benetton Men Black Striped Shirt,11632.jpg
12285,Men,Apparel,Bottomwear,Trousers,Black,Fall,2011.0,Formal,Genesis Men Solid Black Trousers,12285.jpg
16625,Men,Apparel,Topwear,Tshirts,Red,Summer,2016.0,Casual,Facit Men Smart Red Tshirt,16625.jpg
7272,Men,Apparel,Topwear,Tshirts,Blue,Fall,2011.0,Casual,Batman Men's Pose Royal Blue Rays T-shirt,7272.jpg
43487,Men,Apparel,Topwear,Shirts,Blue,Summer,2012.0,Casual,French Connection Men Navy Blue Check Shirt,43487.jpg
9348,Men,Apparel,Bottomwear,Shorts,Navy Blue,Fall,2011.0,Casual,Puma Men Bermudas Navy Blue Shorts,9348.jpg
12225,Men,Apparel,Topwear,Tshirts,Pink,Summer,2013.0,Casual,Basics Men Pack of 3 T-shirts,12225.jpg
32622,Men,Apparel,Topwear,Tshirts,Black,Fall,2012.0,Sports,Nike Men Miler Singlet Black T-shirt,32622.jpg
21235,Men,Apparel,Topwear,Shirts,Red,Fall,2011.0,Casual,Highlander Men Red Check Shirt,21235.jpg
15000,Men,Apparel,Topwear,Tshirts,White,Fall,2011.0,Sports,ADIDAS Men Solid White Tshirts,15000.jpg
4457,Men,Apparel,Topwear,Tshirts,Black,Summer,2011.0,Sports,Nike Men's Graphic Black Blue T-shirt,4457.jpg
11692,Men,Apparel,Topwear,Shirts,Navy Blue,Fall,2011.0,Casual,Lee Men Navy Blue & Red Check Shirt,11692.jpg
40030,Men,Apparel,Topwear,Tshirts,Black,Summer,2012.0,Casual,ADIDAS Men Black T-shirt,40030.jpg
6132,Men,Apparel,Topwear,Tshirts,White,Summer,2011.0,Casual,ADIDAS Men's Stripe Polo White T-shirt,6132.jpg
17565,Men,Apparel,Topwear,Shirts,Blue,Fall,2011.0,Formal,Mark Taylor Men Blue & White Striped Shirt,17565.jpg
51370,Men,Apparel,Topwear,Tshirts,Black,Summer,2012.0,Casual,Spykar Men Black T-shirt,51370.jpg
30347,Men,Apparel,Topwear,Tshirts,Off White,Summer,2012.0,Casual,Myntra Men Made In India Off White T-shirt,30347.jpg
3440,Men,Apparel,Topwear,Tshirts,Blue,Summer,2011.0,Sports,Delhi Daredevils Mens Fan Tee,3440.jpg
12017,Men,Apparel,Topwear,Shirts,Purple,Fall,2011.0,Formal,Mark Taylor Men Purple White Striped Shirts,12017.jpg
41586,Men,Apparel,Topwear,Shirts,White,Summer,2012.0,Casual,Basics Men White Striped Shirt,41586.jpg
14784,Men,Apparel,Topwear,Shirts,Pink,Fall,2011.0,Formal,Arrow Men Stripes Pink Shirts,14784.jpg
6556,Men,Apparel,Topwear,Tshirts,Blue,Summer,2011.0,Sports,Nike Men's Club Pique Blue Polo T-shirt,6556.jpg
18975,Men,Apparel,Topwear,Tshirts,Red,Summer,2011.0,Casual,ADIDAS Originals Men Red Tshirt,18975.jpg
6764,Men,Apparel,Topwear,Tshirts,Blue,Summer,2011.0,Casual,Timberland Men Blue & White Striped Polo T-shirt,6764.jpg
12641,Men,Apparel,Topwear,Tshirts,White,Fall,2011.0,Casual,Probase Men Printed White Tshirts,12641.jpg
26474,Men,Apparel,Topwear,Tshirts,Green,Summer,2012.0,Casual,Puma Men Graphic Print Green T-shirt,26474.jpg
13793,Men,Apparel,Topwear,Tshirts,Blue,Fall,2011.0,Casual,Proline Mens Solid Blue Polo Tshirt,13793.jpg
56703,Men,Apparel,Topwear,Kurtas,Beige,Summer,2012.0,Ethnic,Fabindia Men Beige Kurta,56703.jpg
37734,Men,Apparel,Topwear,Shirts,Blue,Summer,2012.0,Casual,John Players Men Retro Beat Blue Shirt,37734.jpg
15464,Men,Apparel,Topwear,Jackets,Black,Fall,2011.0,Casual,Puma Men Frost HD Black Jackets,15464.jpg
4033,Men,Apparel,Topwear,Tshirts,Black,Summer,2011.0,Casual,Myntra Men's I am Not Paid enough To Be Nice Black T-shirt,4033.jpg
14770,Men,Apparel,Topwear,Shirts,Black,Fall,2011.0,Formal,Arrow Men Solid Black Shirts,14770.jpg
16027,Men,Apparel,Topwear,Shirts,Blue,Fall,2011.0,Casual,Highlander Men Check Blue Shirt,16027.jpg
22212,Men,Apparel,Topwear,Tshirts,Orange,Summer,2011.0,Casual,Timberland Men Striped Blue and Orange T-Shirt,22212.jpg
19853,Men,Apparel,Topwear,Shirts,Blue,Fall,2011.0,Casual,U.S. Polo Assn. Men Striped Blue Shirt,19853.jpg
7470,Men,Apparel,Topwear,Tshirts,Charcoal,Summer,2011.0,Casual,Proline Men Charcoal Grey Polo T-shirt,7470.jpg
18981,Men,Apparel,Topwear,Tshirts,Blue,Fall,2011.0,Casual,ADIDAS Originals Men Vespa Graphic Blue Tshirt,18981.jpg
34377,Men,Apparel,Topwear,Tshirts,Orange,Summer,2012.0,Casual,Myntra Men Orange Extreme-Diet T-shirt,34377.jpg
2102,Men,Apparel,Topwear,Shirts,White,Winter,2010.0,Casual,Lee Men Checks Parker Blue Shirt,2102.jpg
7642,Men,Apparel,Topwear,Tshirts,Grey,Fall,2011.0,Sports,Puma Men's Record Grey T-shirt,7642.jpg
16215,Men,Apparel,Topwear,Tshirts,Red,Fall,2011.0,Casual,Puma Men Polo Red TShirt,16215.jpg
6790,Men,Apparel,Topwear,Tshirts,Blue,Summer,2011.0,Casual,Timberland Men's Rugby Stripe Pique Light Blue T-shirt,6790.jpg
26480,Men,Apparel,Topwear,Tshirts,Red,Summer,2012.0,Casual,Puma Men Ferrari Red Polo T-shirt,26480.jpg
2330,Men,Apparel,Topwear,Tshirts,Black,Fall,2010.0,Casual,Reebok Men Run Black T-shirt,2330.jpg
27552,Men,Apparel,Topwear,Shirts,Black,Summer,2012.0,Casual,Scullers Men Black Shirt,27552.jpg
13767,Men,Apparel,Topwear,Shirts,Green,Fall,2011.0,Casual,Belmonte Men Check Green Shirts,13767.jpg
11454,Men,Apparel,Topwear,Tshirts,Green,Fall,2011.0,Casual,United Colors of Benetton Men Summer Green Tshirts,11454.jpg
20313,Men,Apparel,Topwear,Shirts,White,Summer,2011.0,Casual,Locomotive Men Check White Shirt,20313.jpg
14314,Men,Apparel,Topwear,Tshirts,White,Fall,2011.0,Sports,ADIDAS Men Solid White Jerseys,14314.jpg
5743,Men,Apparel,Topwear,Tshirts,Cream,Summer,2011.0,Casual,Basics Men Orange & White Striped Hooded T-shirt,5743.jpg
8860,Men,Apparel,Topwear,Shirts,Brown,Fall,2011.0,Casual,Mark Taylor Men Brown Striped Shirt,8860.jpg
16443,Men,Apparel,Topwear,Sweatshirts,Black,Fall,2011.0,Casual,Levis Men Printed Black Sweatshirts,16443.jpg
31261,Men,Apparel,Topwear,Tshirts,Green,Summer,2012.0,Casual,Puma Men Munchen Green T-shirt,31261.jpg
4830,Men,Apparel,Bottomwear,Track Pants,Navy Blue,Summer,2011.0,Sports,ADIDAS Men's Navy White Track Pant,4830.jpg
7689,Men,Apparel,Topwear,Tshirts,Black,Fall,2011.0,Sports,Puma Men's Black Polo Neck T-shirt,7689.jpg
23139,Men,Apparel,Topwear,Sweatshirts,Olive,Fall,2011.0,Casual,Quechua Men Fleece Olive Sweatshirt,23139.jpg
9713,Men,Apparel,Topwear,Tshirts,Maroon,Fall,2011.0,Casual,Classic Polo Men Ikon Maroon Polo Tshirts,9713.jpg
48434,Men,Apparel,Topwear,Tshirts,Charcoal,Summer,2012.0,Casual,French Connection Men Charcoal Printed T-shirt,48434.jpg
6569,Men,Apparel,Topwear,Tshirts,White,Summer,2011.0,Sports,Nike Men's Challenger Logo White T-shirt,6569.jpg
17902,Men,Apparel,Bottomwear,Track Pants,Navy Blue,Fall,2011.0,Sports,Nike Men Trainng Navy Blue Track Pant,17902.jpg
9521,Men,Apparel,Topwear,Shirts,Blue,Fall,2011.0,Formal,John Miller Men Blue Striped Shirt,9521.jpg
16488,Men,Apparel,Topwear,Tshirts,Blue,Fall,2011.0,Casual,Locomotive Men Printed Navy Blue TShirt,16488.jpg
6931,Men,Apparel,Topwear,Tshirts,Red,Summer,2011.0,Casual,s.Oliver Men's Eastern State University Red T-shirt,6931.jpg
18512,Men,Apparel,Topwear,Jackets,Red,Fall,2011.0,Casual,C Vox Men Red Jacket,18512.jpg
12028,Men,Apparel,Topwear,Shirts,Grey,Fall,2011.0,Formal,Mark Taylor Men Grey Striped Shirt,12028.jpg
59122,Men,Apparel,Topwear,Jackets,Grey,Summer,2012.0,Casual,Just Natural Men Grey Jacket,59122.jpg
1926,Men,Apparel,Topwear,Tshirts,Blue,Fall,2010.0,Casual,Puma Mens Ocean Racing Blues T-shirt,1926.jpg
26813,Men,Apparel,Topwear,Shirts,Grey,Summer,2012.0,Formal,Arrow Men Grey Striped Shirt,26813.jpg
13932,Men,Apparel,Topwear,Shirts,Red,Summer,2011.0,Casual,United Colors of Benetton Men Check Red Shirts,13932.jpg
2559,Men,Apparel,Topwear,Tshirts,Black,Fall,2010.0,Casual,Decathlon Men's Comp Black T-shirt,2559.jpg
7817,Men,Apparel,Topwear,Tshirts,Purple,Fall,2011.0,Casual,Proline Men Purple Striped Polo T-shirt,7817.jpg
14925,Men,Apparel,Topwear,Tshirts,Charcoal,Fall,2011.0,Casual,Mr. Men Men Keen Charcoal Tshirts,14925.jpg
28525,Men,Apparel,Topwear,Tshirts,Black,Summer,2012.0,Casual,Nike Men Man U Core Black T-shirt,28525.jpg
13758,Men,Apparel,Topwear,Shirts,Green,Fall,2011.0,Formal,Belmonte Men Check Green Shirts,13758.jpg
26960,Women,Apparel,Topwear,Shirts,Purple,Summer,2012.0,Casual,Jealous 21 Women Purple Shirt,26960.jpg
20099,Women,Apparel,Topwear,Kurtas,Green,Fall,2011.0,Ethnic,Diva Women Embroided Green Kurta,20099.jpg
3954,Women,Apparel,Topwear,Tshirts,Pink,Summer,2011.0,Casual,Jealous 21 Women's Pink T-shirt,3954.jpg
28690,Women,Apparel,Topwear,Kurtas,Beige,Summer,2012.0,Ethnic,W Women Printed Beige Kurta,28690.jpg
45856,Women,Apparel,Topwear,Kurtas,Brown,Summer,2012.0,Ethnic,Vishudh Women Brown Kurta,45856.jpg
38630,Women,Apparel,Topwear,Tshirts,Purple,Summer,2012.0,Casual,Nike Women Purple Polo T-shirt,38630.jpg
2288,Women,Apparel,Topwear,Tshirts,Black,Fall,2010.0,Sports,Nike Women Black T-shirt,2288.jpg
49653,Women,Apparel,Topwear,Tops,Green,Summer,2012.0,Casual,Mineral Women Green Top,49653.jpg
58513,Women,Apparel,Topwear,Tops,Off White,Summer,2012.0,Casual,Tonga Women Maroon Top,58513.jpg
39716,Women,Apparel,Dress,Dresses,Blue,Summer,2012.0,Casual,Arrow Woman Women Blue Dress,39716.jpg
28456,Women,Apparel,Bottomwear,Skirts,Blue,Summer,2012.0,Sports,Urban Yoga Women Blue Skirt With Leggings,28456.jpg
27846,Women,Apparel,Topwear,Blazers,Charcoal,Summer,2012.0,Formal,Scullers For Her Charcoal Blazer,27846.jpg
26994,Women,Apparel,Bottomwear,Jeans,Black,Summer,2012.0,Casual,Jealous 21 Women Black Jeans,26994.jpg
54588,Women,Apparel,Topwear,Kurtas,Green,Summer,2012.0,Ethnic,Sushilas Women Printed Green Kurta,54588.jpg
39140,Women,Apparel,Apparel Set,Kurta Sets,Black,Summer,2012.0,Ethnic,Aneri Women Black & Maroon Salwar Suit,39140.jpg
11385,Women,Apparel,Topwear,Sweatshirts,Black,Fall,2011.0,Casual,United Colors Of Benetton Women Light Winter Black Sweatshirts,11385.jpg
31782,Women,Apparel,Topwear,Tops,Blue,Summer,2012.0,Casual,Lee Women Paula Blue Top,31782.jpg
32563,Women,Apparel,Bottomwear,Trousers,Blue,Summer,2012.0,Casual,ONLY Women directoire blue Trousers,32563.jpg
24406,Women,Apparel,Topwear,Kurtas,Red,Summer,2012.0,Ethnic,Vishudh Women Red Printed Kurta,24406.jpg
21174,Women,Apparel,Topwear,Tops,Beige,Fall,2011.0,Casual,s.Oliver Women Stripes Beige Top,21174.jpg
15341,Women,Apparel,Bottomwear,Shorts,Pink,Fall,2011.0,Sports,Nike Women Solid Pink Shorts,15341.jpg
9835,Women,Apparel,Topwear,Tshirts,Grey,Fall,2011.0,Casual,Little Miss Women Printed Grey T-shirt,9835.jpg
7193,Women,Apparel,Bottomwear,Jeans,Black,Fall,2011.0,Casual,Jealous 21 Women Black Jegging,7193.jpg
27283,Women,Apparel,Topwear,Kurtas,Magenta,Fall,2011.0,Ethnic,Mother Earth Women Magenta Kurta,27283.jpg
3701,Women,Apparel,Topwear,Tshirts,Black,Summer,2011.0,Casual,Tantra Women Flower Heart Black Long T-shirt,3701.jpg
42426,Women,Apparel,Topwear,Kurtas,Sea Green,Summer,2012.0,Ethnic,Aurelia Women Sea Green Kurta,42426.jpg
10401,Women,Apparel,Topwear,Tops,Purple,Fall,2011.0,Casual,Jealous 21 Women Uaine Purple Tops,10401.jpg
40371,Women,Apparel,Bottomwear,Jeans,Navy Blue,Summer,2012.0,Casual,Tokyo Talkies Women Navy Slim Fit Jeans,40371.jpg
37223,Women,Apparel,Topwear,Tops,Blue,Summer,2012.0,Casual,United Colors of Benetton Women Blue Top,37223.jpg
32597,Women,Apparel,Topwear,Tops,Black,Summer,2012.0,Casual,ONLY Women Black Top,32597.jpg
57100,Women,Apparel,Topwear,Tops,Pink,Summer,2012.0,Casual,Elle Women Dark Pink Top,57100.jpg
50325,Women,Apparel,Topwear,Kurtas,Navy Blue,Summer,2012.0,Ethnic,Aurelia Women Navy Blue Kurta,50325.jpg
46240,Women,Apparel,Topwear,Tunics,White,Summer,2012.0,Casual,Fusion Beats Women White Printed Tunic,46240.jpg
27277,Women,Apparel,Topwear,Kurtas,Green,Fall,2011.0,Ethnic,Mother Earth Women Blue Kurta,27277.jpg
6889,Women,Apparel,Topwear,Jackets,Cream,Summer,2011.0,Casual,Forever New Women Stone Cream Jacket,6889.jpg
31312,Women,Apparel,Topwear,Kurtas,Peach,Summer,2012.0,Ethnic,W Women Peach Kurta,31312.jpg
19578,Women,Apparel,Topwear,Tops,Purple,Summer,2011.0,Casual,United Colors of Benetton Women Solid Purple Top,19578.jpg
27879,Women,Apparel,Topwear,Tops,Blue,Summer,2012.0,Casual,Scullers For Her Women Blue Top,27879.jpg
40385,Women,Apparel,Topwear,Tops,Yellow,Summer,2012.0,Casual,Tokyo Talkies Women Yellow Top,40385.jpg
28469,Women,Apparel,Topwear,Tshirts,Pink,Summer,2012.0,Casual,Urban Yoga Women Printed Pink T-shirt,28469.jpg
33213,Women,Apparel,Topwear,Tops,Magenta,Summer,2012.0,Casual,Sepia Women Printed Magenta Top,33213.jpg
39729,Women,Apparel,Topwear,Tops,Olive,Summer,2012.0,Casual,Arrow Woman Olive Top,39729.jpg
33021,Women,Apparel,Topwear,Kurtas,Cream,Summer,2012.0,Ethnic,Mother Earth Women Printed Cream Kurta,33021.jpg
41401,Women,Apparel,Topwear,Tops,White,Summer,2012.0,Casual,Wrangler Women White Smocked Top,41401.jpg
46278,Women,Apparel,Topwear,Tunics,Red,Summer,2012.0,Casual,109F Women Red & White Striped Tunic,46278.jpg
39147,Women,Apparel,Apparel Set,Kurta Sets,Purple,Fall,2012.0,Ethnic,Aneri Women Purple Salwar Suit,39147.jpg
57138,Women,Apparel,Bottomwear,Trousers,Brown,Summer,2012.0,Casual,Elle Women Brown Trousers,57138.jpg
26993,Women,Apparel,Bottomwear,Jeans,Blue,Summer,2012.0,Casual,Jealous 21 Women Washed Blue Jeans,26993.jpg
43538,Women,Apparel,Topwear,Tops,Blue,Summer,2012.0,Casual,French Connection Women Blue Top,43538.jpg
51499,Women,Apparel,Bottomwear,Jeans,Blue,Summer,2012.0,Casual,Denizen Women Blue Jeans,51499.jpg
7709,Women,Apparel,Bottomwear,Jeans,Black,Fall,2011.0,Casual,Jealous 21 Women's Aaren Black Jegging,7709.jpg
28451,Women,Apparel,Bottomwear,Track Pants,Black,Summer,2012.0,Casual,Urban Yoga Women Black Track Pants,28451.jpg
49654,Women,Apparel,Bottomwear,Skirts,Grey,Summer,2012.0,Casual,Mineral Women Grey Skirt,49654.jpg
33019,Women,Apparel,Topwear,Kurtas,Yellow,Summer,2012.0,Ethnic,Mother Earth Women Printed Yellow Kurta,33019.jpg
58514,Women,Apparel,Topwear,Tops,Grey,Summer,2012.0,Casual,Tonga Women Grey Top,58514.jpg
3953,Women,Apparel,Topwear,Tshirts,Red,Summer,2011.0,Casual,Jealous 21 Women's Red Peace T-shirt,3953.jpg
28697,Women,Apparel,Topwear,Kurtas,Black,Summer,2012.0,Ethnic,W Women Printed Black Kurta,28697.jpg
42248,Women,Apparel,Topwear,Tops,Pink,Summer,2012.0,Casual,Sepia Women Pink Top,42248.jpg
32903,Women,Apparel,Bottomwear,Shorts,Red,Summer,2012.0,Casual,Allen Solly Women Red Shorts,32903.jpg
26369,Women,Apparel,Topwear,Shirts,Blue,Summer,2012.0,Casual,Arrow Woman Blue Shirt,26369.jpg
14099,Women,Apparel,Topwear,Tops,Pink,Fall,2011.0,Casual,Flying Machine Women Solid Pink Tops,14099.jpg
26967,Women,Apparel,Topwear,Tops,Navy Blue,Summer,2012.0,Casual,Jealous 21 Women Check Navy Blue Top,26967.jpg
27089,Women,Apparel,Topwear,Kurtas,Brown,Summer,2012.0,Ethnic,Aneri Women Jazz Brown Kurta,27089.jpg
33026,Women,Apparel,Topwear,Kurtas,Pink,Fall,2012.0,Ethnic,Mother Earth Women Pink Kurta,33026.jpg
41406,Women,Apparel,Topwear,Tshirts,Pink,Summer,2012.0,Casual,Wrangler Women Pink T-shirt,41406.jpg
11376,Women,Apparel,Topwear,Tops,Grey,Fall,2011.0,Casual,United Colors Of Benetton Women Light Winter Grey Tops,11376.jpg
7504,Women,Apparel,Topwear,Tshirts,Pink,Summer,2011.0,Sports,Nike Women's Smash Pink T-shirt,7504.jpg
27426,Women,Apparel,Bottomwear,Shorts,Grey Melange,Winter,2015.0,Casual,Jockey Women Grey Melange Shorts,27426.jpg
2244,Women,Apparel,Topwear,Tshirts,Black,Fall,2010.0,Casual,ADIDAS Women's Black T-shirt,2244.jpg
33214,Women,Apparel,Topwear,Tunics,Black,Summer,2012.0,Casual,Sepia Women Printed Black & Green Tunic,33214.jpg
58719,Women,Apparel,Topwear,Kurtas,Off White,Summer,2012.0,Ethnic,ALayna Women Off White  Kurta,58719.jpg
28836,Women,Apparel,Topwear,Kurtas,Multi,Summer,2012.0,Ethnic,BIBA Women Printed Multi Coloured Kurta,28836.jpg
11520,Women,Apparel,Bottomwear,Jeans,Black,Fall,2011.0,Casual,United Colors of Benetton Women Denim Black Jeans,11520.jpg
40382,Women,Apparel,Topwear,Tops,Pink,Summer,2012.0,Casual,Tokyo Talkies Women Pink Top,40382.jpg
39178,Women,Apparel,Topwear,Kurtas,Blue,Summer,2012.0,Ethnic,Aneri Women Blue & Brown Printed Kurta,39178.jpg
32590,Women,Apparel,Bottomwear,Shorts,Brown,Summer,2012.0,Casual,ONLY Women Brown Shorts,32590.jpg
25527,Women,Apparel,Topwear,Shirts,Green,Summer,2012.0,Casual,Wrangler Women Stella Green Shirt,25527.jpg
57107,Women,Apparel,Topwear,Tops,Olive,Summer,2012.0,Casual,Elle Women Green Essentials Top,57107.jpg
50322,Women,Apparel,Topwear,Kurtas,Black,Summer,2012.0,Ethnic,Aurelia Women Black Kurta,50322.jpg
46247,Women,Apparel,Topwear,Tunics,Pink,Summer,2012.0,Casual,Fusion Beats Women Dark Pink Tunic,46247.jpg
7160,Women,Apparel,Topwear,Tunics,Purple,Fall,2011.0,Casual,Scullers For Her Women Fashion Summer Lite Aubergine Tunics,7160.jpg
27270,Women,Apparel,Topwear,Kurtas,Maroon,Fall,2011.0,Ethnic,Mother Earth Women Printed Maroon Kurta,27270.jpg
31315,Women,Apparel,Topwear,Kurtas,Brown,Summer,2012.0,Ethnic,W Women Brown Kurta,31315.jpg
6274,Women,Apparel,Topwear,Tshirts,Green,Summer,2011.0,Casual,UCB Women's Crystal Benetton Green T-shirt,6274.jpg
26958,Women,Apparel,Topwear,Shirts,Teal,Summer,2012.0,Casual,Jealous 21 Women Teal Shirt,26958.jpg
40376,Women,Apparel,Topwear,Tops,Yellow,Summer,2012.0,Casual,Tokyo Talkies Women Yellow Top,40376.jpg
10406,Women,Apparel,Dress,Dresses,Grey,Fall,2011.0,Casual,United Colors of Benetton Women Solid Grey Dresses,10406.jpg
37224,Women,Apparel,Topwear,Shirts,Purple,Summer,2012.0,Casual,United Colors of Benetton Women Purple Shirt,37224.jpg
32564,Women,Apparel,Bottomwear,Trousers,Orange,Summer,2012.0,Casual,ONLY Women Orange Trousers,32564.jpg
24401,Women,Apparel,Topwear,Kurtas,Brown,Summer,2012.0,Ethnic,Vishudh Women Brown Printed Kurta,24401.jpg
21173,Women,Apparel,Topwear,Shirts,Grey,Fall,2011.0,Casual,s.Oliver Women Grey Shirt,21173.jpg
9832,Women,Apparel,Topwear,Tshirts,Orange,Fall,2011.0,Casual,Little Miss Women Printed Rust T-shirt,9832.jpg
7194,Women,Apparel,Topwear,Tops,White,Fall,2011.0,Casual,Jealous 21 Women's BFF Printed White Top,7194.jpg
27284,Women,Apparel,Topwear,Kurtas,Brown,Fall,2011.0,Ethnic,Mother Earth Women Dark Brown Kurta,27284.jpg
12163,Women,Apparel,Bottomwear,Leggings,Purple,Fall,2011.0,Ethnic,Aurelia Women Solid Purple Leggings,12163.jpg
3534,Women,Apparel,Topwear,Tshirts,Black,Summer,2011.0,Casual,Myntra Women's I Want You Black T-shirt,3534.jpg
11382,Women,Apparel,Topwear,Tshirts,Grey,Fall,2011.0,Casual,United Colors Of Benetton Women Light Winter Grey T-Shirts,11382.jpg
22392,Women,Apparel,Topwear,Tops,White,Fall,2011.0,Casual,ADIDAS Women Whalf Striper White Top,22392.jpg
23240,Women,Apparel,Topwear,Kurtas,Blue,Fall,2011.0,Ethnic,Aneri Women Ashna Blue Kurta,23240.jpg
31785,Women,Apparel,Topwear,Tops,Navy Blue,Summer,2012.0,Casual,Lee Women Katie Navy Blue Top,31785.jpg
17849,Women,Apparel,Topwear,Tshirts,Grey,Fall,2011.0,Casual,Flying Machine Women This & That Grey Tshirt,17849.jpg
51452,Women,Apparel,Topwear,Tops,White,Summer,2012.0,Casual,Tonga Women White & Pink Top,51452.jpg
28467,Women,Apparel,Topwear,Tshirts,Rust,Summer,2012.0,Casual,Urban Yoga Women Printed Rust T-shirt,28467.jpg
39727,Women,Apparel,Topwear,Shirts,Blue,Summer,2012.0,Formal,Arrow Woman Blue Shirt,39727.jpg
32599,Women,Apparel,Topwear,Tops,Black,Summer,2012.0,Casual,ONLY Women Black Top,32599.jpg
39171,Women,Apparel,Topwear,Kurtas,Pink,Summer,2012.0,Ethnic,Aneri Women Pink & White Kurta,39171.jpg
19576,Women,Apparel,Topwear,Tops,White,Summer,2011.0,Casual,United Colors of Benetton Women White Top,19576.jpg
27279,Women,Apparel,Topwear,Kurtas,Blue,Fall,2011.0,Ethnic,Mother Earth Women Blue Kurta,27279.jpg
6887,Women,Apparel,Topwear,Jackets,Blue,Summer,2011.0,Casual,Forever New Women Indigo Wash Blue Jacket,6887.jpg
27877,Women,Apparel,Topwear,Shirts,Navy Blue,Summer,2012.0,Casual,Scullers For Her Women Printed Navy Blue Shirt,27877.jpg
39185,Women,Apparel,Topwear,Kurtas,Khaki,Summer,2012.0,Ethnic,Aneri Women Khaki Kurta,39185.jpg
59060,Women,Apparel,Topwear,Kurtas,Red,Summer,2012.0,Ethnic,Global Desi Women Multi Coloured Kurta,59060.jpg
56814,Women,Apparel,Topwear,Kurtis,Multi,Summer,2012.0,Ethnic,Aneri Women Multi Coloured Kurti,56814.jpg
6873,Women,Apparel,Dress,Dresses,Black,Summer,2011.0,Casual,Forever New Women's Top Black Dress,6873.jpg
26951,Women,Apparel,Topwear,Tshirts,Teal,Summer,2012.0,Casual,Jealous 21 Women Printed Teal T-shirt,26951.jpg
27883,Women,Apparel,Topwear,Tshirts,Pink,Summer,2012.0,Casual,Scullers For Her Women Pink Shirt,27883.jpg
30834,Women,Apparel,Topwear,Kurtas,Blue,Summer,2012.0,Ethnic,Fabindia Women Blue Kurta,30834.jpg
42428,Women,Apparel,Topwear,Kurtas,Brown,Summer,2012.0,Ethnic,Aurelia Women Brown & Orange Kurta,42428.jpg
59404,Women,Apparel,Topwear,Tops,Blue,Fall,2012.0,Casual,Tokyo Talkies Women Blue Top,59404.jpg
3965,Women,Apparel,Topwear,Tops,White,Summer,2011.0,Casual,Jealous 21 Women White Sleeveless Top,3965.jpg
27848,Women,Apparel,Topwear,Tshirts,Navy Blue,Summer,2012.0,Casual,Scullers For Her Navy Blue T-shirt,27848.jpg
54586,Women,Apparel,Topwear,Kurtas,Green,Summer,2012.0,Ethnic,Sushilas Women Printed Green Kurta,54586.jpg
43531,Women,Apparel,Topwear,Tops,Off White,Summer,2012.0,Casual,French Connection Women Off White Top,43531.jpg
46271,Women,Apparel,Dress,Dresses,Blue,Summer,2012.0,Casual,109F Blue A-Line Dress,46271.jpg
31323,Women,Apparel,Topwear,Kurtas,White,Summer,2012.0,Ethnic,Aurelia Women Printed Red Kurta,31323.jpg
57131,Women,Apparel,Topwear,Tops,Teal,Summer,2012.0,Casual,Elle Women Teal Top,57131.jpg
40186,Women,Apparel,Topwear,Kurtis,Black,Summer,2012.0,Ethnic,Mumbai Slang Women Pink & Black Kurti,40186.jpg
59897,Women,Apparel,Dress,Dresses,Yellow,Fall,2012.0,Casual,Femella Women Yellow Dress,59897.jpg
11724,Women,Apparel,Topwear,Shirts,Red,Fall,2011.0,Casual,Lee Women Check Red Shirts,11724.jpg
39718,Women,Apparel,Topwear,Tops,Beige,Summer,2012.0,Casual,Arrow Woman Beige Top,39718.jpg
33222,Women,Apparel,Topwear,Tunics,Brown,Summer,2012.0,Casual,Sepia Women Brown Tunic,33222.jpg
12531,Women,Apparel,Topwear,Sweatshirts,Pink,Fall,2011.0,Casual,Puma Women Solid Pink Sweatshirts,12531.jpg
42241,Women,Apparel,Topwear,Tops,Purple,Summer,2012.0,Casual,Sepia Women Purple Top,42241.jpg
23044,Women,Apparel,Bottomwear,Leggings,Brown,Fall,2011.0,Casual,Arrow Woman Brown Jeggings,23044.jpg
51464,Women,Apparel,Topwear,Tops,Olive,Summer,2012.0,Casual,Tonga Women Olive Top,51464.jpg
24605,Women,Apparel,Apparel Set,Kurta Sets,Pink,Fall,2011.0,Ethnic,Vishudh Women Pink Churidar Kurta with Dupatta,24605.jpg
6242,Women,Apparel,Topwear,Tshirts,Purple,Summer,2011.0,Casual,Lee Women's Rihana Purple T-shirt,6242.jpg
54572,Women,Apparel,Topwear,Kurtas,Pink,Summer,2012.0,Ethnic,Sushilas Women Multi Coloured Kurta,54572.jpg
46285,Women,Apparel,Dress,Dresses,Multi,Summer,2012.0,Casual,109F Women Multi Coloured Dress,46285.jpg
51232,Women,Apparel,Topwear,Kurtas,Green,Fall,2012.0,Ethnic,Satya Paul Women Green Printed Kaftan,51232.jpg
6070,Women,Apparel,Topwear,Tshirts,Blue,Summer,2011.0,Casual,UCB Women's Young Pigment Blue T-shirt,6070.jpg
26360,Women,Apparel,Topwear,Tshirts,Grey,Summer,2012.0,Casual,Arrow Woman Grey T-shirt,26360.jpg
12155,Women,Apparel,Bottomwear,Leggings,Beige,Fall,2011.0,Ethnic,Aurelia Women Solid Beige Leggings,12155.jpg
3502,Women,Apparel,Topwear,Tshirts,Black,Fall,2010.0,Sports,ADIDAS Women's Black T-shirt,3502.jpg
20097,Women,Apparel,Topwear,Kurtas,White,Fall,2011.0,Ethnic,Diva Women Printed White Kurta,20097.jpg
15370,Women,Apparel,Topwear,Sweatshirts,Pink,Fall,2011.0,Casual,Urban Yoga Women Solid Pink Sweatshirts,15370.jpg
21145,Women,Apparel,Topwear,Shirts,Black,Fall,2011.0,Casual,s.Oliver Women Printed Black Shirt,21145.jpg
1609,Women,Apparel,Topwear,Sweatshirts,Pink,Fall,2010.0,Sports,Reebok Women Boat-Neck Wildberry Sweatshirt,1609.jpg
59403,Women,Apparel,Topwear,Tshirts,White,Fall,2012.0,Casual,Tokyo Talkies Women White T-shirt,59403.jpg
3962,Women,Apparel,Topwear,Tops,Black,Summer,2011.0,Casual,Jealous 21 Women Black Shimmery Falling Neck Top,3962.jpg
26956,Women,Apparel,Topwear,Tops,Black,Summer,2012.0,Casual,Jealous 21 Women Black Top,26956.jpg
30833,Women,Apparel,Topwear,Kurtas,Beige,Summer,2012.0,Ethnic,Fabindia Women Beige Kurta,30833.jpg
27884,Women,Apparel,Topwear,Shirts,Blue,Summer,2012.0,Formal,Scullers For Her Blue Shirt,27884.jpg
10408,Women,Apparel,Topwear,Tops,Black,Fall,2011.0,Casual,United Colors of Benetton Women Solid Black Tops,10408.jpg
39182,Women,Apparel,Topwear,Kurtas,Magenta,Summer,2012.0,Ethnic,Aneri Women Magenta & Black Kurta,39182.jpg
41098,Women,Apparel,Topwear,Tops,Cream,Summer,2012.0,Casual,Allen Solly Woman Cream Top,41098.jpg
56813,Women,Apparel,Topwear,Kurtis,Multi,Summer,2012.0,Ethnic,Aneri Women Multi Coloured Kurti,56813.jpg
19585,Women,Apparel,Topwear,Tops,Blue,Summer,2011.0,Casual,United Colors of Benetton Women Solid Blue Top,19585.jpg
6874,Women,Apparel,Dress,Dresses,Pink,Summer,2011.0,Casual,Forever New Women Pink Sleeveless Dress,6874.jpg
43509,Women,Apparel,Dress,Dresses,Grey Melange,Summer,2012.0,Casual,French Connection Women Grey Melange Dress,43509.jpg
57109,Women,Apparel,Topwear,Tunics,Blue,Summer,2012.0,Casual,Elle Women Blue Tunic,57109.jpg
39176,Women,Apparel,Topwear,Kurtas,Purple,Summer,2012.0,Ethnic,Aneri Women Purple Kurta,39176.jpg
46249,Women,Apparel,Topwear,Tunics,Pink,Summer,2012.0,Ethnic,Fusion Beats Women Dark Pink Tunic,46249.jpg
6880,Women,Apparel,Topwear,Jackets,Black,Summer,2011.0,Casual,Forever New Women Long Black Jacket,6880.jpg
41408,Women,Apparel,Topwear,Tops,Red,Summer,2012.0,Casual,Wrangler Women Red Stay Gold Tee Top,41408.jpg
33028,Women,Apparel,Topwear,Kurtas,Blue,Summer,2012.0,Ethnic,Mother Earth Women Printed Blue Kurta,33028.jpg
25971,Women,Apparel,Dress,Dresses,Black,Summer,2012.0,Casual,Femella Women Black Dress,25971.jpg
2078,Women,Apparel,Topwear,Tshirts,Black,Fall,2010.0,Sports,ADIDAS Women Fitted Black T-shirt,2078.jpg
28460,Women,Apparel,Bottomwear,Shorts,Pink,Summer,2012.0,Sports,Urban Yoga Women Pink Shorts,28460.jpg
27428,Women,Apparel,Topwear,Tshirts,Black,Fall,2015.0,Casual,Jockey Women Black V-neck T-Shirt,27428.jpg
46282,Women,Apparel,Topwear,Tunics,Yellow,Summer,2012.0,Casual,109F Women Yellow Tunic,46282.jpg
9803,Women,Apparel,Topwear,Tunics,Navy Blue,Fall,2011.0,Casual,Scullers For Her Women Scullers Top Navy Blue Tops,9803.jpg
12152,Women,Apparel,Topwear,Kurtis,Purple,Fall,2011.0,Ethnic,Aurelia Women Printed Purple Kurti,12152.jpg
21142,Women,Apparel,Topwear,Tops,Grey,Fall,2011.0,Casual,s.Oliver Women Grey Top,21142.jpg
59058,Women,Apparel,Topwear,Kurtis,Black,Summer,2010.0,Ethnic,Global Desi Women Black Kurti,59058.jpg
24602,Women,Apparel,Topwear,Kurtas,Blue,Fall,2011.0,Ethnic,BIba Women Blue Printed Kurta,24602.jpg
53750,Women,Apparel,Bottomwear,Track Pants,Grey,Summer,2012.0,Casual,ADIDAS Women Dark Grey Track Pant,53750.jpg
26969,Women,Apparel,Topwear,Tops,White,Summer,2012.0,Casual,Jealous 21 Women Printed White & Blue Top,26969.jpg
27087,Women,Apparel,Topwear,Kurtas,Black,Summer,2012.0,Ethnic,Aneri Women Egyptian Black Kurta,27087.jpg
54575,Women,Apparel,Topwear,Kurtas,Maroon,Summer,2012.0,Ethnic,Sushilas Women Printed Maroon Kurta,54575.jpg
56646,Women,Apparel,Topwear,Kurtis,White,Fall,2012.0,Ethnic,Mumbai Slang Women White Kurti,56646.jpg
23043,Women,Apparel,Bottomwear,Leggings,Blue,Fall,2011.0,Casual,Arrow Woman Blue Jeggings,23043.jpg
51463,Women,Apparel,Topwear,Tops,Black,Summer,2012.0,Casual,Tonga Women Black Top,51463.jpg
28699,Women,Apparel,Topwear,Kurtas,Pink,Summer,2012.0,Ethnic,W Women Printed  Light Pink Kurta,28699.jpg
12536,Women,Apparel,Topwear,Sweatshirts,Black,Fall,2011.0,Casual,Puma Women Solid Black Sweatshirts,12536.jpg
33225,Women,Apparel,Dress,Dresses,Pink,Summer,2012.0,Casual,Sepia Women Pink Dress,33225.jpg
58728,Women,Apparel,Topwear,Tshirts,Pink,Summer,2012.0,Casual,Puma Women Pink T-shirt,58728.jpg
34000,Women,Apparel,Topwear,Tops,Black,Summer,2012.0,Casual,Femella Women Black Top,34000.jpg
7707,Women,Apparel,Bottomwear,Jeans,Black,Fall,2011.0,Casual,Jealous 21 Women's Abbie Black Jegging,7707.jpg
51497,Women,Apparel,Bottomwear,Jeans,Navy Blue,Summer,2012.0,Casual,Denizen Women Navy Blue Jeans,51497.jpg
33017,Women,Apparel,Topwear,Kurtas,Green,Summer,2012.0,Ethnic,Mother Earth Women Striped Green Kurta,33017.jpg
7151,Women,Apparel,Topwear,Shirts,Black,Fall,2011.0,Casual,Scullers For Her Women Rivited Check Black Shirts,7151.jpg
46276,Women,Apparel,Topwear,Tops,Cream,Summer,2012.0,Casual,109F Women Cream Printed Top,46276.jpg
6083,Women,Apparel,Topwear,Tshirts,Pink,Summer,2011.0,Casual,UCB Women's Halftone Print Pink T-shirt,6083.jpg
31324,Women,Apparel,Topwear,Kurtas,Blue,Summer,2012.0,Ethnic,Aurelia Women Printed Blue Kurta,31324.jpg
57136,Women,Apparel,Bottomwear,Trousers,Black,Summer,2012.0,Casual,Elle Women Black Trousers,57136.jpg
39149,Women,Apparel,Topwear,Kurtas,Red,Summer,2012.0,Ethnic,Aneri Women Red Kurtas,39149.jpg
59890,Women,Apparel,Topwear,Tunics,Multi,Fall,2012.0,Casual,Femella Women Multi Coloured Tunic,59890.jpg
43536,Women,Apparel,Topwear,Tops,Peach,Summer,2012.0,Casual,French Connection Women Peach Top,43536.jpg
54581,Women,Apparel,Topwear,Kurtas,Green,Summer,2012.0,Ethnic,Sushilas Women Printed Green Kurta,54581.jpg
6211,Women,Apparel,Topwear,Tshirts,Blue,Summer,2011.0,Casual,UCB Women's Print Boat Blue Top,6211.jpg
30858,Women,Apparel,Topwear,Kurtas,Black,Summer,2012.0,Ethnic,Fabindia Women Striped Black Kurta,30858.jpg
21116,Women,Apparel,Topwear,Tops,Lavender,Fall,2011.0,Casual,s.Oliver Women Faded Lilac Top,21116.jpg
4774,Women,Apparel,Bottomwear,Track Pants,Pink,Summer,2011.0,Sports,ADIDAS Women 3S Pink Track Pants,4774.jpg
57196,Women,Apparel,Topwear,Tunics,Red,Summer,2012.0,Casual,Elle Women Red Tunic,57196.jpg
12106,Women,Apparel,Topwear,Kurtis,White,Fall,2011.0,Ethnic,W Women Printed White Kurtis,12106.jpg
42676,Women,Apparel,Topwear,Kurtas,Black,Summer,2012.0,Ethnic,Alma Women Black Kurta,42676.jpg
2483,Women,Apparel,Topwear,Tops,Purple,Fall,2011.0,Casual,Puma Women Spagetti Dahlia Purple Top,2483.jpg
54713,Women,Apparel,Apparel Set,Kurta Sets,Cream,Fall,2012.0,Ethnic,Shree Women Cream-Coloured & Pink Printed Salwar Suit with Dupatta,54713.jpg
42212,Women,Apparel,Topwear,Tunics,Pink,Summer,2012.0,Casual,Sepia Women Pink Tunic,42212.jpg
23225,Women,Apparel,Topwear,Kurtas,Pink,Fall,2011.0,Ethnic,Aneri Women Tibett Pink Kurta,23225.jpg
51605,Women,Apparel,Bottomwear,Trousers,Black,Fall,2012.0,Casual,Kraus Jeans Women Black Trousers,51605.jpg
54979,Women,Apparel,Topwear,Shirts,White,Summer,2012.0,Casual,Femella Women White Printed Shirt,54979.jpg
51437,Women,Apparel,Topwear,Tops,Peach,Summer,2012.0,Casual,Myntra Women Multi Coloured Printed Top,51437.jpg
10007,Women,Apparel,Topwear,Tshirts,White,Fall,2011.0,Sports,Nike Women As Trophy Swo White T-Shirts,10007.jpg
33043,Women,Apparel,Topwear,Kurtas,Blue,Summer,2012.0,Ethnic,Mother Earth Women Printed Blue Kurta,33043.jpg
13444,Women,Apparel,Topwear,Tops,Yellow,Summer,2011.0,Casual,United Colors of Benetton Women Printed Yellow Tops,13444.jpg
18890,Women,Apparel,Topwear,Shirts,Purple,Fall,2011.0,Casual,Arrow Woman Tyra Purple Shirt,18890.jpg
16136,Women,Apparel,Topwear,Tops,Blue,Fall,2011.0,Casual,Tokyo Talkies Women Printed Blue Top,16136.jpg
27443,Women,Apparel,Topwear,Tshirts,Pink,Winter,2015.0,Casual,Jockey Women Pink T-Shirt,27443.jpg
53394,Women,Apparel,Topwear,Kurtas,Blue,Fall,2012.0,Ethnic,Alma Women Blue and Sea Green Printed Kurta,53394.jpg
19728,Women,Apparel,Topwear,Shirts,Purple,Summer,2011.0,Casual,United Colors of Benetton Women Solid Purple Shirt,19728.jpg
27027,Women,Apparel,Bottomwear,Shorts,Blue,Summer,2012.0,Casual,Jealous 21 Women Blue Shorts,27027.jpg
50949,Women,Apparel,Bottomwear,Jeans,Navy Blue,Summer,2013.0,Casual,Lee Women Navy Blue Roxy Fit Jeans,50949.jpg
34430,Women,Apparel,Topwear,Tshirts,Blue,Summer,2012.0,Casual,Myntra Women Face Blue T-shirt,34430.jpg
10497,Women,Apparel,Topwear,Tshirts,White,Fall,2011.0,Casual,Flying Machine Women RN HS White Tshirts,10497.jpg
11545,Women,Apparel,Topwear,Kurtas,Green,Summer,2011.0,Ethnic,W Women Printed Green Kurtas,11545.jpg
4780,Women,Apparel,Topwear,Tshirts,Pink,Summer,2011.0,Sports,ADIDAS Women's Balance Pink T-shirt,4780.jpg
57162,Women,Apparel,Topwear,Tshirts,Teal,Summer,2012.0,Casual,Elle Women Teal T-shirt,57162.jpg
25542,Women,Apparel,Topwear,Tops,Yellow,Summer,2012.0,Casual,Wrangler Women Striper Tank Yellow Top,25542.jpg
42682,Women,Apparel,Topwear,Kurtas,Cream,Summer,2012.0,Ethnic,Alma Women Cream & Blue Kurta,42682.jpg
22767,Women,Apparel,Topwear,Kurtas,Green,Fall,2011.0,Ethnic,BIBA Women Solid Green Kurta,22767.jpg
50347,Women,Apparel,Topwear,Kurtas,Red,Summer,2012.0,Ethnic,Aurelia Women Red Kurta,50347.jpg
18255,Women,Apparel,Topwear,Kurtas,Off White,Summer,2012.0,Ethnic,Aneri Women Multi Coloured Kurta,18255.jpg
48525,Women,Apparel,Dress,Dresses,White,Summer,2012.0,Casual,French Connection Women White & Blue  Striped Dress,48525.jpg
19989,Women,Apparel,Topwear,Tshirts,White,Fall,2011.0,Casual,United Colors of Benetton Women Printed White T-shirt,19989.jpg
3936,Women,Apparel,Topwear,Tshirts,Black,Summer,2011.0,Casual,Jealous 21 Women's Black Miss T-shirt,3936.jpg
45834,Women,Apparel,Topwear,Kurtas,Red,Summer,2012.0,Ethnic,Vishudh Women Red Kurta,45834.jpg
12139,Women,Apparel,Topwear,Kurtas,Purple,Fall,2011.0,Ethnic,Aurelia Women Solid Purple Kurtas,12139.jpg
42649,Women,Apparel,Topwear,Kurtas,Black,Summer,2012.0,Ethnic,Alma Women Black Kurta,42649.jpg
57995,Women,Apparel,Dress,Dresses,Black,Fall,2012.0,Casual,Latin Quarters Women & White Black Dress,57995.jpg
38838,Women,Apparel,Dress,Dresses,Pink,Fall,2012.0,Casual,Latin Quarters Women Pink & Black Printed Dress,38838.jpg
21129,Women,Apparel,Topwear,Tops,Red,Fall,2011.0,Casual,s.Oliver Women Printed Red Top,21129.jpg
21915,Women,Apparel,Apparel Set,Kurta Sets,Orange,Fall,2011.0,Ethnic,Biba Women Orange & Purple Printed Churidar Kurta with Dupatta,21915.jpg
25589,Women,Apparel,Apparel Set,Kurta Sets,Green,Fall,2011.0,Ethnic,Vishudh Women Green Churidar Kurta with Dupatta,25589.jpg
26902,Women,Apparel,Topwear,Tops,Lavender,Summer,2012.0,Casual,Jealous 21 Women Printed Lavender Top,26902.jpg
30867,Women,Apparel,Topwear,Kurtas,Blue,Summer,2012.0,Ethnic,Fabindia Women Blue Kurta,30867.jpg
22758,Women,Apparel,Topwear,Kurtas,Blue,Fall,2011.0,Ethnic,BIBA Women Printed Blue Kurta,22758.jpg
39122,Women,Apparel,Bottomwear,Leggings,Blue,Fall,2012.0,Casual,Aneri Women Blue Leggings,39122.jpg
27018,Women,Apparel,Bottomwear,Jeans,Blue,Summer,2012.0,Casual,Jealous 21 Women Washed Blue Jeans,27018.jpg
29182,Women,Apparel,Topwear,Tunics,White,Summer,2012.0,Casual,United Colors of Benetton Women White Tunics,29182.jpg
7308,Women,Apparel,Topwear,Tops,Blue,Summer,2011.0,Casual,UCB Women's Sleeveless Light Blue Top,7308.jpg
5807,Women,Apparel,Topwear,Tshirts,Blue,Summer,2011.0,Casual,ADIDAS Women's Tunic Blue T-shirt,5807.jpg
35985,Women,Apparel,Topwear,Tshirts,Red,Summer,2012.0,Casual,Flying Machine Women Poppy Red T-shirt,35985.jpg
49631,Women,Apparel,Dress,Dresses,Cream,Summer,2012.0,Casual,Mineral Cream Dress,49631.jpg
25925,Women,Apparel,Topwear,Tshirts,Purple,Summer,2012.0,Casual,Femella Women Purple T-Shirt,25925.jpg
24497,Women,Apparel,Topwear,Kurtas,Black,Fall,2011.0,Ethnic,Mother Earth Women Black Printed Kurta,24497.jpg
57165,Women,Apparel,Topwear,Tops,Magenta,Summer,2012.0,Casual,Elle Women Magenta Clash Top,57165.jpg
42685,Women,Apparel,Topwear,Kurtas,White,Summer,2012.0,Ethnic,Alma Women White Printed Kurta,42685.jpg
22760,Women,Apparel,Topwear,Kurtas,Blue,Fall,2011.0,Ethnic,BIBA Women Solid Navy Blue Kurta,22760.jpg
50340,Women,Apparel,Topwear,Kurtis,Brown,Summer,2012.0,Ethnic,Aurelia Women Brown Printed Kurti,50340.jpg
27020,Women,Apparel,Bottomwear,Jeans,Navy Blue,Summer,2012.0,Casual,Jealous 21 Women Navy Blue Jeans,27020.jpg
46017,Women,Apparel,Topwear,Kurtas,Orange,Summer,2012.0,Ethnic,Fabindia Women Orange Printed Kurta,46017.jpg
14030,Women,Apparel,Topwear,Tshirts,White,Fall,2011.0,Casual,Nike Women Printed White Tshirts,14030.jpg
11542,Women,Apparel,Topwear,Kurtas,Beige,Summer,2011.0,Ethnic,W Women Printed  Beige Kurtas,11542.jpg
2226,Women,Apparel,Bottomwear,Track Pants,Black,Fall,2010.0,Sports,ADIDAS Women Black Tracksuit,2226.jpg
18299,Women,Apparel,Topwear,Kurtas,Black,Fall,2011.0,Ethnic,Aneri Women Zeenat Black Kurta,18299.jpg
27444,Women,Apparel,Topwear,Tshirts,Black,Fall,2015.0,Casual,Jockey Women Black T-shirt,27444.jpg
53393,Women,Apparel,Topwear,Kurtas,Beige,Fall,2012.0,Ethnic,Alma Women Printed Beige Kurta,53393.jpg
11126,Women,Apparel,Bottomwear,Track Pants,Blue,Fall,2011.0,Sports,Urban Yoga Women Solid Blue Track Pants,11126.jpg
33044,Women,Apparel,Topwear,Kurtas,Blue,Summer,2012.0,Ethnic,Mother Earth Women Printed Blue Kurta,33044.jpg
13443,Women,Apparel,Topwear,Tops,White,Summer,2011.0,Casual,United Colors of Benetton Women Solid White Tops,13443.jpg
18897,Women,Apparel,Dress,Dresses,Green,Fall,2011.0,Casual,Arrow Woman Solid Green Dress,18897.jpg
16131,Women,Apparel,Topwear,Tshirts,Red,Fall,2011.0,Casual,Tokyo Talkies Women Printed Red T-shirt,16131.jpg
52087,Women,Apparel,Topwear,Tshirts,Yellow,Summer,2012.0,Casual,Myntra Women Yellow T-shirt,52087.jpg
42215,Women,Apparel,Topwear,Tops,Green,Summer,2012.0,Casual,Sepia Women Teal Top,42215.jpg
23222,Women,Apparel,Topwear,Kurtas,Red,Fall,2011.0,Ethnic,Aneri Women Freya Red Kurta,23222.jpg
51602,Women,Apparel,Bottomwear,Jeans,Blue,Fall,2012.0,Casual,Wrangler Women Blue Molly Jeans,51602.jpg
21111,Women,Apparel,Topwear,Tops,Purple,Fall,2011.0,Casual,s.Oliver Women Check Purple Top,21111.jpg
10656,Women,Apparel,Topwear,Tops,Pink,Fall,2011.0,Casual,Doodle Girl Little frock Pink Tops,10656.jpg
57191,Women,Apparel,Topwear,Tops,White,Summer,2012.0,Casual,Elle Women White Top,57191.jpg
11784,Women,Apparel,Topwear,Tshirts,Black,Summer,2011.0,Casual,Lee Women Solid Black Tshirts,11784.jpg
42671,Women,Apparel,Topwear,Kurtas,Green,Summer,2012.0,Ethnic,Alma Women Green Kurta,42671.jpg
12101,Women,Apparel,Topwear,Kurtas,Pink,Fall,2011.0,Ethnic,W Women Printed Pink Kurtas,12101.jpg
54714,Women,Apparel,Apparel Set,Kurta Sets,Charcoal,Summer,2012.0,Ethnic,Shree Women Charcoal Grey & Sea Green Printed Salwar Suit with Dupatta,54714.jpg
2484,Women,Apparel,Topwear,Tshirts,White,Fall,2010.0,Sports,Puma Women Spagetti White Top,2484.jpg
6024,Women,Apparel,Topwear,Tshirts,Green,Summer,2011.0,Casual,UCB Women's Boat Neck Chest Print Green T-shirt,6024.jpg
12333,Women,Apparel,Bottomwear,Jeans,Blue,Fall,2011.0,Casual,Spykar Women Ep Jeans Blue Jeans,12333.jpg
49636,Women,Apparel,Bottomwear,Skirts,Blue,Summer,2012.0,Casual,Mineral Blue & White Skirt,49636.jpg
25922,Women,Apparel,Topwear,Tshirts,Navy Blue,Summer,2012.0,Casual,Femella Women Navy Blue T-shirt,25922.jpg
58576,Women,Apparel,Topwear,Tshirts,Yellow,Summer,2012.0,Casual,Puma Women Yellow T-shirt,58576.jpg
40589,Women,Apparel,Topwear,Kurtas,White,Summer,2012.0,Ethnic,Aurelia Women Printed White Kurta,40589.jpg
35982,Women,Apparel,Topwear,Tshirts,Grey,Summer,2012.0,Casual,Flying Machine Women Grey T-shirt,35982.jpg
39125,Women,Apparel,Bottomwear,Leggings,Purple,Fall,2012.0,Casual,Aneri Women Purple Leggings,39125.jpg
37279,Women,Apparel,Topwear,Tshirts,Pink,Summer,2012.0,Casual,Tantra Women Pink Curly Heart T-shirt,37279.jpg
11589,Women,Apparel,Topwear,Kurtas,Red,Summer,2011.0,Ethnic,W Women Printed Red Kurta,11589.jpg
2689,Women,Apparel,Topwear,Tshirts,Purple,Summer,2011.0,Casual,Inkfruit Women Happy Dolphin Purple T-shirt,2689.jpg
26905,Women,Apparel,Topwear,Tops,Off White,Summer,2012.0,Casual,Jealous 21 Women Off White Top,26905.jpg
22599,Women,Apparel,Topwear,Tshirts,Yellow,Fall,2011.0,Sports,Nike Women Yellow T-shirt,22599.jpg
30860,Women,Apparel,Topwear,Kurtas,Maroon,Summer,2012.0,Ethnic,Fabindia Women Printed Maroon Kurta,30860.jpg
57992,Women,Apparel,Topwear,Shirts,Purple,Fall,2012.0,Casual,Latin Quarters Women Purple Shirt,57992.jpg
40119,Women,Apparel,Topwear,Tshirts,Orange,Summer,2012.0,Casual,ADIDAS Women Orange T-shirt,40119.jpg
21912,Women,Apparel,Apparel Set,Kurta Sets,Orange,Fall,2011.0,Ethnic,Biba Women Orange & Purple Churidar Kurta with Dupatta,21912.jpg
3931,Women,Apparel,Topwear,Tshirts,Black,Summer,2011.0,Casual,Jealous 21 Women's Black Butterfly T-shirt,3931.jpg
12768,Women,Apparel,Topwear,Tunics,Green,Fall,2011.0,Ethnic,Mother Earth Women Plain Mangalgiri Green Tunics,12768.jpg
54941,Women,Apparel,Topwear,Tops,Teal,Summer,2012.0,Casual,Do u speak green Women Teal Top,54941.jpg
36732,Women,Apparel,Bottomwear,Jeans,Blue,Summer,2012.0,Casual,Spykar Women Liana Blue Jeans,36732.jpg
32392,Women,Apparel,Topwear,Shirts,Grey,Summer,2012.0,Formal,Arrow Woman Grey Shirt,32392.jpg
22100,Women,Apparel,Topwear,Kurtas,Blue,Fall,2011.0,Ethnic,Vishudh Women Printed Blue Kurta,22100.jpg
43305,Women,Apparel,Topwear,Shirts,Pink,Summer,2012.0,Casual,United Colors of Benetton Women Pink Shirt,43305.jpg
36500,Women,Apparel,Topwear,Kurtas,Brown,Summer,2012.0,Ethnic,Folklore Women Brown Kurta,36500.jpg
40580,Women,Apparel,Topwear,Tops,White,Summer,2012.0,Casual,W Women White Top,40580.jpg
22756,Women,Apparel,Topwear,Kurtas,Red,Fall,2011.0,Ethnic,BIBA Women Solid Red Kurta,22756.jpg
10694,Women,Apparel,Topwear,Tops,Pink,Fall,2011.0,Casual,Doodle Girl Be Born Pink Tops,10694.jpg
57153,Women,Apparel,Topwear,Tshirts,Peach,Summer,2012.0,Casual,Elle Women Peach T-shirt,57153.jpg
37284,Women,Apparel,Topwear,Tshirts,Purple,Summer,2012.0,Casual,Tantra Women Purple Shopping T-shirt,37284.jpg
11574,Women,Apparel,Topwear,Kurtas,Grey,Summer,2011.0,Ethnic,W Women Printed Grey Kurtas,11574.jpg
27016,Women,Apparel,Bottomwear,Jeans,Blue,Summer,2012.0,Casual,Jealous 21 Women Washed Blue Jeans,27016.jpg
46021,Women,Apparel,Topwear,Kurtis,Orange,Summer,2012.0,Ethnic,Fabindia Women Orange Kurti,46021.jpg
7306,Women,Apparel,Dress,Dresses,White,Summer,2011.0,Casual,UCB Women's Sleeveless Off White Dress,7306.jpg
54722,Women,Apparel,Apparel Set,Kurta Sets,Yellow,Fall,2012.0,Ethnic,Shree Women Yellow & Red Printed Salwar Suit with Dupatta,54722.jpg
42647,Women,Apparel,Topwear,Kurtas,Purple,Summer,2012.0,Ethnic,Alma Women Purple Printed Kurta,42647.jpg
12137,Women,Apparel,Topwear,Kurtas,Navy Blue,Fall,2011.0,Ethnic,Aurelia Women Solid Navy Blue Kurtas,12137.jpg
21127,Women,Apparel,Topwear,Tops,Navy Blue,Fall,2011.0,Casual,s.Oliver Women Printed Navy Blue Top,21127.jpg
38836,Women,Apparel,Dress,Dresses,Blue,Summer,2012.0,Casual,Latin Quarters Women Blue Dress,38836.jpg
25587,Women,Apparel,Apparel Set,Kurta Sets,Black,Fall,2011.0,Ethnic,Vishudh Women Black & Purple Printed Churidar Kurta with Dupatta,25587.jpg
10660,Women,Apparel,Bottomwear,Shorts,Blue,Fall,2011.0,Casual,Doodle Girl Hot shorts ice wash Blue Shorts,10660.jpg
11580,Women,Apparel,Topwear,Kurtas,White,Summer,2011.0,Ethnic,W Women Printed White Kurtas,11580.jpg
30869,Women,Apparel,Topwear,Kurtas,Beige,Summer,2012.0,Ethnic,Fabindia Women Printed Beige Kurta,30869.jpg
23442,Women,Apparel,Topwear,Tunics,Orange,Fall,2011.0,Casual,Satya Paul Women Orange Printed Tunic,23442.jpg
29178,Women,Apparel,Bottomwear,Jeans,Blue,Summer,2012.0,Casual,United Colors of Benetton Women Washed Blue Jeans,29178.jpg
42223,Women,Apparel,Topwear,Tops,Blue,Summer,2012.0,Casual,Sepia Women Blue Striped Top,42223.jpg
3938,Women,Apparel,Topwear,Tshirts,White,Summer,2011.0,Casual,Jealous 21 Women's White Blue T-shirt,3938.jpg
19987,Women,Apparel,Topwear,Tops,Blue,Summer,2011.0,Casual,United Colors of Benetton Women Solid Blue Top,19987.jpg
23214,Women,Apparel,Topwear,Kurtas,Cream,Fall,2011.0,Ethnic,Aneri Women Sagar Cream Kurta,23214.jpg
40574,Women,Apparel,Topwear,Kurtas,White,Summer,2012.0,Ethnic,W Women White Kurta,40574.jpg
50947,Women,Apparel,Bottomwear,Jeans,Blue,Summer,2013.0,Casual,Lee Womens Blue Jeggings,50947.jpg
19726,Women,Apparel,Topwear,Shirts,Black,Summer,2011.0,Casual,United Colors of Benetton Women Solid Black Shirt,19726.jpg
10499,Women,Apparel,Topwear,Tshirts,Yellow,Fall,2011.0,Casual,Flying Machine Women Aspen Yellow Tshirts,10499.jpg
50349,Women,Apparel,Topwear,Kurtas,Red,Summer,2012.0,Ethnic,Aurelia Women Red Kurta,50349.jpg
22769,Women,Apparel,Topwear,Kurtas,Maroon,Fall,2011.0,Ethnic,BIBA Women Printed Maroon Kurta,22769.jpg
25914,Women,Apparel,Bottomwear,Leggings,Olive,Summer,2012.0,Casual,Femella Women Olive Leggings,25914.jpg
16138,Women,Apparel,Topwear,Tshirts,Grey,Fall,2011.0,Casual,Tokyo Talkies Women Printed Grey Top,16138.jpg
19342,Women,Apparel,Topwear,Jackets,Black,Fall,2011.0,Casual,United Colors of Benetton Women Solid Black Jacket,19342.jpg
18290,Women,Apparel,Topwear,Kurtas,Orange,Fall,2011.0,Ethnic,Aneri Women Shabarana Orange Kurta,18290.jpg
3907,Women,Apparel,Bottomwear,Track Pants,Cream,Summer,2011.0,Casual,Urban Yoga Women's Fitted Yoga Cream Track Pant,3907.jpg
48514,Women,Apparel,Topwear,Tops,Grey,Summer,2012.0,Casual,French Connection Women Grey Top,48514.jpg
51439,Women,Apparel,Topwear,Tops,Grey,Summer,2012.0,Casual,Myntra Women Grey Top,51439.jpg
30856,Women,Apparel,Topwear,Kurtas,Green,Summer,2012.0,Ethnic,Fabindia Women Green Bijli Print Khadi Kurta,30856.jpg
26933,Women,Apparel,Topwear,Tops,Black,Summer,2012.0,Casual,Jealous 21 Women Black Top,26933.jpg
21924,Women,Apparel,Apparel Set,Kurta Sets,Black,Fall,2011.0,Ethnic,Biba Women Black Printed Churidar Kurta with Dupatta,21924.jpg
57198,Women,Apparel,Topwear,Tops,Multi,Summer,2012.0,Casual,Elle Women Multi Coloured Top,57198.jpg
42678,Women,Apparel,Topwear,Kurtas,Navy Blue,Summer,2012.0,Ethnic,Alma Women Navy Blue Printed Kurta,42678.jpg
12108,Women,Apparel,Topwear,Kurtis,Blue,Fall,2011.0,Ethnic,W Women Printed Pink Kurtis,12108.jpg
42224,Women,Apparel,Topwear,Tops,White,Summer,2012.0,Casual,Sepia Women White Top,42224.jpg
23213,Women,Apparel,Topwear,Kurtas,White,Fall,2011.0,Ethnic,Aneri Women Gauri White Kurta,23213.jpg
6471,Women,Apparel,Topwear,Tshirts,Grey,Summer,2011.0,Casual,ADIDAS Women's Polo Grey T-shirt,6471.jpg
40573,Women,Apparel,Topwear,Kurtas,Cream,Summer,2012.0,Ethnic,W Women Cream Kurta,40573.jpg
11587,Women,Apparel,Topwear,Kurtis,White,Summer,2011.0,Ethnic,W Women Printed White Kurtis,11587.jpg
2687,Women,Apparel,Topwear,Tshirts,Orange,Summer,2011.0,Casual,Inkfruit Women's Love Wood Orange T-shirt,2687.jpg
54725,Women,Apparel,Topwear,Kurtas,Pink,Fall,2012.0,Ethnic,Shree Women Coral Coloured Printed Kurta,54725.jpg
12130,Women,Apparel,Topwear,Kurtas,Green,Fall,2011.0,Ethnic,Aurelia Women Printed Green Kurtas,12130.jpg
42640,Women,Apparel,Topwear,Kurtas,Red,Summer,2012.0,Casual,W Women Red Dress,42640.jpg
20234,Women,Apparel,Topwear,Tshirts,Blue,Fall,2011.0,Casual,Wrangler Women Baroque Polo Turquoise T-shirt,20234.jpg
37283,Women,Apparel,Topwear,Tshirts,Brown,Summer,2012.0,Casual,Tantra Women Brown Fight Peace T-shirt,37283.jpg
11573,Women,Apparel,Topwear,Kurtas,Green,Summer,2011.0,Ethnic,W Women Printed Green Kurtas,11573.jpg
7301,Women,Apparel,Topwear,Tops,Blue,Summer,2011.0,Casual,UCB Women Stripe Short Sleeve Blue White Top,7301.jpg
22751,Women,Apparel,Topwear,Kurtas,White,Fall,2011.0,Ethnic,BIBA Women Printed White Kurta,22751.jpg
20006,Women,Apparel,Topwear,Tshirts,Green,Summer,2011.0,Casual,United Colors of Benetton Women Printed Green T-shirt,20006.jpg
10693,Women,Apparel,Topwear,Tops,Purple,Fall,2011.0,Casual,Doodle Girl Cute Purple Tops,10693.jpg
57154,Women,Apparel,Topwear,Tshirts,Grey Melange,Summer,2012.0,Casual,Elle Women Grey Melange T-shirt,57154.jpg
49638,Women,Apparel,Topwear,Tops,Pink,Summer,2012.0,Casual,Mineral Women Pink Top,49638.jpg
43302,Women,Apparel,Dress,Dresses,Purple,Summer,2012.0,Casual,United Colors of Benetton Women Purple Dress,43302.jpg
13472,Women,Apparel,Dress,Dresses,White,Summer,2011.0,Casual,United Colors of Benetton Women Solid White Dress,13472.jpg
19974,Women,Apparel,Topwear,Tshirts,Yellow,Summer,2011.0,Casual,United Colors of Benetton Women Yellow T-shirt,19974.jpg
40587,Women,Apparel,Topwear,Kurtas,Brown,Summer,2012.0,Ethnic,Aurelia Women Brown Kurta,40587.jpg
36735,Women,Apparel,Topwear,Tshirts,Multi,Summer,2012.0,Casual,Spykar Women Cult Multi T-shirt,36735.jpg
32395,Women,Apparel,Topwear,Shirts,Grey,Summer,2012.0,Formal,Arrow Woman Grey Shirt,32395.jpg
21923,Women,Apparel,Topwear,Kurtas,Black,Fall,2011.0,Ethnic,BIBA Women Printed Black Kurta,21923.jpg
10658,Women,Apparel,Topwear,Tops,White,Fall,2011.0,Casual,Doodle Girl Little frock White Tops,10658.jpg
30851,Women,Apparel,Topwear,Kurtas,Green,Summer,2012.0,Ethnic,Fabindia Women Printed Green Kurta,30851.jpg
26934,Women,Apparel,Dress,Dresses,Black,Summer,2012.0,Casual,Jealous 21 Women Black Dress,26934.jpg
12759,Women,Apparel,Bottomwear,Jeans,Blue,Fall,2011.0,Casual,Spykar Women Washed Blue Jeans,12759.jpg
18263,Women,Apparel,Topwear,Kurtas,Yellow,Fall,2011.0,Ethnic,Aneri Women Nancy Yellow Kurta,18263.jpg
48513,Women,Apparel,Topwear,Tops,Black,Summer,2012.0,Casual,French Connection Women Black Top,48513.jpg
52089,Women,Apparel,Topwear,Tshirts,Black,Summer,2012.0,Casual,Myntra Women Black T-shirt,52089.jpg
18297,Women,Apparel,Topwear,Kurtas,Multi,Fall,2011.0,Ethnic,Aneri Women Kaalki Multi Coloured Kurta,18297.jpg
6688,Women,Apparel,Topwear,Tshirts,Black,Summer,2011.0,Casual,UCB Women's V Neck Black T-shirt,6688.jpg
25913,Women,Apparel,Bottomwear,Leggings,Blue,Summer,2012.0,Casual,Femella Women Blue Leggings,25913.jpg
18899,Women,Apparel,Topwear,Tops,Maroon,Fall,2011.0,Casual,Arrow Woman Igor Maroon Top,18899.jpg
24499,Women,Apparel,Topwear,Kurtas,Green,Fall,2011.0,Ethnic,Mother Earth Women Green Printed Kurta,24499.jpg
34439,Women,Apparel,Topwear,Tshirts,White,Summer,2012.0,Casual,Myntra Women Explorer White T-shirt,34439.jpg
46019,Women,Apparel,Topwear,Kurtas,White,Summer,2012.0,Ethnic,Fabindia Women White Printed Kurta,46019.jpg
57108,Women,Apparel,Topwear,Tops,White,Summer,2012.0,Casual,Elle Women White Top,57108.jpg
39177,Women,Apparel,Topwear,Kurtas,Purple,Summer,2012.0,Ethnic,Aneri Women Purple Printed Kurta,39177.jpg
25528,Women,Apparel,Topwear,Shirts,Navy Blue,Summer,2012.0,Casual,Wrangler Women Salena Navy Blue Check Shirt,25528.jpg
6881,Women,Apparel,Topwear,Tops,Peach,Summer,2011.0,Casual,Forever New Women Sleeveless Peach Top,6881.jpg
46248,Women,Apparel,Topwear,Tops,Teal,Summer,2012.0,Casual,Fusion Beats Women Teal Top,46248.jpg
43508,Women,Apparel,Dress,Dresses,White,Summer,2012.0,Casual,French Connection Women Navy Blue Striped Dress,43508.jpg
27871,Women,Apparel,Topwear,Shirts,White,Summer,2012.0,Casual,Scullers For Her Striped White Shirt,27871.jpg
27429,Women,Apparel,Topwear,Tshirts,Pink,Winter,2015.0,Casual,Jockey Women Pink T-shirt,27429.jpg
39721,Women,Apparel,Topwear,Tops,Grey,Summer,2012.0,Casual,Arrow Woman Grey Printed Top,39721.jpg
25970,Women,Apparel,Topwear,Tops,White,Summer,2012.0,Casual,Femella Women White Top,25970.jpg
11379,Women,Apparel,Topwear,Tops,Blue,Fall,2011.0,Casual,United Colors Of Benetton Women Winter Blue Top,11379.jpg
33029,Women,Apparel,Topwear,Kurtis,Off White,Summer,2012.0,Ethnic,Mother Earth Women Printed Off White Kurti,33029.jpg
8785,Women,Apparel,Topwear,Jackets,Pink,Fall,2011.0,Casual,Lotto Women Cathy Pink Jacket,8785.jpg
45861,Women,Apparel,Topwear,Kurtas,Maroon,Summer,2012.0,Ethnic,Vishudh Women Maroon Kurta,45861.jpg
3963,Women,Apparel,Topwear,Tops,Black,Summer,2011.0,Casual,Jealous 21 Women Black V Neck Party Top,3963.jpg
56812,Women,Apparel,Topwear,Kurtis,Multi,Summer,2012.0,Ethnic,Aneri Women Multi Coloured Kurti,56812.jpg
39183,Women,Apparel,Topwear,Kurtas,Multi,Summer,2012.0,Ethnic,Aneri Women Multi Coloured Kurta,39183.jpg
26359,Women,Apparel,Topwear,Tops,Black,Summer,2012.0,Casual,Arrow Women Black Top,26359.jpg
6875,Women,Apparel,Dress,Dresses,Black,Summer,2011.0,Casual,Forever New Women's Gold Sleeveless Black Dress,6875.jpg
26957,Women,Apparel,Topwear,Shirts,Purple,Summer,2012.0,Casual,Jealous 21 Women Purple Shirt,26957.jpg
27885,Women,Apparel,Topwear,Shirts,Blue,Summer,2012.0,Formal,Scullers For Her Blue Shirt,27885.jpg
33016,Women,Apparel,Topwear,Kurtas,Black,Summer,2012.0,Ethnic,Mother Earth Women Striped Black & Maroon Kurta,33016.jpg
58729,Women,Apparel,Topwear,Tshirts,Blue,Summer,2012.0,Casual,Puma Women Blue T-shirt,58729.jpg
33224,Women,Apparel,Topwear,Tops,Black,Summer,2012.0,Casual,Sepia Women Striped Black Top,33224.jpg
34001,Women,Apparel,Topwear,Tops,Brown,Summer,2012.0,Casual,Femella Women Brown Top,34001.jpg
7706,Women,Apparel,Topwear,Tops,Black,Fall,2011.0,Casual,Jealous 21 Women's She's Got Attitude Black Top,7706.jpg
54580,Women,Apparel,Topwear,Kurtas,Red,Summer,2012.0,Ethnic,Sushilas Women Printed Red Kurta,54580.jpg
43537,Women,Apparel,Topwear,Tops,Green,Summer,2012.0,Casual,French Connection Women Green Top,43537.jpg
7362,Women,Apparel,Topwear,Tops,Blue,Summer,2011.0,Casual,UCB Women's Graphic Print Sequins Blue Top,7362.jpg
31325,Women,Apparel,Topwear,Kurtas,Purple,Summer,2012.0,Ethnic,Aurelia Women Printed Purple Kurta,31325.jpg
7150,Women,Apparel,Topwear,Tops,Black,Fall,2011.0,Casual,Scullers For Her Women's Wow Knit Black Purple Top,7150.jpg
46277,Women,Apparel,Dress,Dresses,Red,Summer,2012.0,Casual,109F Red & White A-Line Dress,46277.jpg
57137,Women,Apparel,Bottomwear,Trousers,Khaki,Summer,2012.0,Casual,Elle Women Khaki Trousers,57137.jpg
59891,Women,Apparel,Topwear,Shirts,Multi,Fall,2012.0,Casual,Femella Women Multi Coloured Shirt,59891.jpg
53751,Women,Apparel,Bottomwear,Track Pants,Mauve,Summer,2012.0,Casual,ADIDAS Women Mauve Track Pant,53751.jpg
24603,Women,Apparel,Topwear,Kurtas,White,Fall,2011.0,Ethnic,Vishudh Women White Printed Kurta,24603.jpg
54574,Women,Apparel,Topwear,Kurtas,Green,Summer,2012.0,Ethnic,Sushilas Women Printed Green Kurti,54574.jpg
26968,Women,Apparel,Topwear,Tops,Purple,Summer,2012.0,Casual,Jealous 21 Women Check Purple Top,26968.jpg
6244,Women,Apparel,Topwear,Tshirts,Black,Summer,2011.0,Casual,Lee Women's Rihana Black T-shirt,6244.jpg
12153,Women,Apparel,Topwear,Kurtas,Green,Fall,2011.0,Ethnic,Aurelia Women Solid Green Kurtas,12153.jpg
26366,Women,Apparel,Topwear,Shirts,Pink,Summer,2012.0,Formal,Arrow Woman Pink Shirt,26366.jpg
46283,Women,Apparel,Topwear,Tunics,White,Summer,2012.0,Casual,109F Women White Tunic,46283.jpg
9802,Women,Apparel,Topwear,Tops,Navy Blue,Fall,2011.0,Casual,Scullers For Her Women Scullers Top Navy Blue Tops,9802.jpg
21143,Women,Apparel,Topwear,Tops,Purple,Fall,2011.0,Casual,s.Oliver Women Solid Purple Top,21143.jpg
59059,Women,Apparel,Topwear,Kurtas,Green,Summer,2012.0,Ethnic,Global Desi Women Green Kurta,59059.jpg
42247,Women,Apparel,Topwear,Tops,Green,Summer,2012.0,Casual,Sepia Women Green Top,42247.jpg
28698,Women,Apparel,Topwear,Kurtas,Brown,Summer,2012.0,Ethnic,W Women Printed Brown Kurta,28698.jpg
56647,Women,Apparel,Topwear,Kurtis,Pink,Fall,2012.0,Ethnic,Mumbai Slang Women Pink Kurti,56647.jpg
2280,Women,Apparel,Topwear,Tshirts,Pink,Fall,2010.0,Sports,Nike Womens Sphere Pink T-shirt,2280.jpg
51462,Women,Apparel,Topwear,Tops,Brown,Summer,2012.0,Casual,Tonga Women Brown Top,51462.jpg
42429,Women,Apparel,Topwear,Kurtas,Orange,Summer,2012.0,Ethnic,Aurelia  Women Orange Kurta,42429.jpg
26950,Women,Apparel,Topwear,Tshirts,Maroon,Summer,2012.0,Casual,Jealous 21 Women Printed Maroon T-shirt,26950.jpg
30835,Women,Apparel,Topwear,Kurtas,Pink,Summer,2012.0,Ethnic,Fabindia Women Fushsia Pink Kurta,30835.jpg
27882,Women,Apparel,Topwear,Shirts,Olive,Summer,2012.0,Casual,Scullers For Her Olive Shirt,27882.jpg
56815,Women,Apparel,Topwear,Tunics,Multi,Summer,2012.0,Casual,Aneri Women Brown Tunic,56815.jpg
59061,Women,Apparel,Topwear,Kurtas,Green,Summer,2012.0,Ethnic,Global Desi Women Green & Purple Kurta,59061.jpg
39184,Women,Apparel,Topwear,Kurtas,Multi,Summer,2012.0,Ethnic,Aneri Women Multi Coloured Kurta,39184.jpg
6872,Women,Apparel,Dress,Dresses,Black,Summer,2011.0,Casual,Forever New Women's Lacy Black Dress,6872.jpg
59405,Women,Apparel,Topwear,Tops,Green,Fall,2012.0,Casual,Tokyo Talkies Women Green Top,59405.jpg
3964,Women,Apparel,Topwear,Tops,Blue,Summer,2011.0,Casual,Jealous 21 Women Blue V Neck Party Top,3964.jpg
54914,Women,Apparel,Topwear,Tshirts,Cream,Summer,2012.0,Casual,Do u speak green Women Printed Cream T-shirt,54914.jpg
39726,Women,Apparel,Topwear,Shirts,White,Summer,2012.0,Formal,Arrow Woman White Shirt,39726.jpg
27876,Women,Apparel,Topwear,Shirts,White,Summer,2012.0,Casual,Scullers For Her Printed White Shirt,27876.jpg
39170,Women,Apparel,Topwear,Kurtas,Black,Summer,2012.0,Ethnic,Aneri Women Black Kurta,39170.jpg
32598,Women,Apparel,Topwear,Tops,Orange,Summer,2012.0,Casual,ONLY Women Orange Top,32598.jpg
19577,Women,Apparel,Topwear,Tops,Olive,Summer,2011.0,Casual,United Colors of Benetton Women Solid Olive Top,19577.jpg
27278,Women,Apparel,Topwear,Kurtas,Brown,Fall,2011.0,Ethnic,Mother Earth Women Beige Kurta,27278.jpg
6886,Women,Apparel,Topwear,Jackets,Black,Summer,2011.0,Casual,Forever New Women Puff Sleeve Tux Black Jacket,6886.jpg
56640,Women,Apparel,Topwear,Tunics,Blue,Summer,2012.0,Casual,Mumbai Slang Women Multi Coloured Tunic,56640.jpg
23045,Women,Apparel,Bottomwear,Leggings,Black,Fall,2011.0,Casual,Arrow Woman Black Printed Jeggings,23045.jpg
51465,Women,Apparel,Dress,Dresses,Teal,Summer,2012.0,Casual,Tonga Women Teal Dress,51465.jpg
42240,Women,Apparel,Topwear,Tops,Purple,Summer,2012.0,Casual,Sepia Women Purple Top,42240.jpg
12530,Women,Apparel,Topwear,Tshirts,Blue,Fall,2011.0,Casual,Puma Women Stripes Blue Tshirts,12530.jpg
45859,Women,Apparel,Topwear,Kurtas,Multi,Summer,2012.0,Ethnic,Vishudh Women Multi Coloured Kurta,45859.jpg
26361,Women,Apparel,Topwear,Tops,Blue,Summer,2012.0,Casual,Arrow Woman Blue Top,26361.jpg
12154,Women,Apparel,Bottomwear,Leggings,Black,Fall,2011.0,Ethnic,Aurelia Women Solid Black Leggings,12154.jpg
46284,Women,Apparel,Topwear,Tops,Black,Summer,2012.0,Casual,109F Women Black & White Top,46284.jpg
6071,Women,Apparel,Topwear,Tshirts,Pink,Summer,2011.0,Casual,UCB Women's Epaulettes Pink T-shirt,6071.jpg
20096,Women,Apparel,Topwear,Kurtas,White,Fall,2011.0,Ethnic,Diva Women Printed White Kurta,20096.jpg
15371,Women,Apparel,Topwear,Sweatshirts,Purple,Fall,2011.0,Casual,Urban Yoga Women Solid Purple Sweatshirts,15371.jpg
21144,Women,Apparel,Topwear,Tops,White,Fall,2011.0,Casual,s.Oliver Women Solid White Top,21144.jpg
24604,Women,Apparel,Topwear,Kurtas,Brown,Fall,2011.0,Ethnic,Vishudh Women Brown Printed Kurta,24604.jpg
42416,Women,Apparel,Topwear,Kurtas,Pink,Summer,2012.0,Ethnic,W Women Pink Kurta,42416.jpg
54573,Women,Apparel,Topwear,Kurtas,Coffee Brown,Summer,2012.0,Ethnic,Sushilas Women Coffee Brown Kurta,54573.jpg
34496,Women,Apparel,Topwear,Shirts,Blue,Summer,2012.0,Formal,Van Heusen Woman Blue Shirt,34496.jpg
31322,Women,Apparel,Topwear,Kurtas,Blue,Summer,2012.0,Ethnic,Aurelia Women Printed Blue Kurta,31322.jpg
43702,Women,Apparel,Topwear,Tops,Black,Summer,2012.0,Casual,Remanika Women Black Top,43702.jpg
46270,Women,Apparel,Topwear,Tops,Purple,Summer,2012.0,Casual,109F Women Purple Layered Top,46270.jpg
7157,Women,Apparel,Topwear,Tunics,Black,Fall,2011.0,Casual,Scullers For Her Women Fashion Summer Black Tunics,7157.jpg
6085,Women,Apparel,Topwear,Tshirts,White,Summer,2011.0,Casual,UCB Women's Halftone Print White T-shirt,6085.jpg
40187,Women,Apparel,Topwear,Kurtis,Blue,Summer,2012.0,Ethnic,Mumbai Slang Women Blue Kurti,40187.jpg
57130,Women,Apparel,Topwear,Tops,White,Summer,2012.0,Casual,Elle Women Printed White Top,57130.jpg
59896,Women,Apparel,Dress,Dresses,Multi,Fall,2012.0,Casual,Femella Women Multi Coloured Dress,59896.jpg
43530,Women,Apparel,Topwear,Tops,Orange,Summer,2012.0,Casual,French Connection Women Orange Top,43530.jpg
54587,Women,Apparel,Topwear,Kurtas,White,Summer,2012.0,Ethnic,Sushilas Women Printed White Kurta,54587.jpg
27849,Women,Apparel,Topwear,Tshirts,Red,Summer,2012.0,Casual,Scullers For Her Red Polo T-shirt,27849.jpg
39719,Women,Apparel,Topwear,Tops,Beige,Summer,2012.0,Casual,Arrow Woman Beige Top,39719.jpg
28459,Women,Apparel,Bottomwear,Shorts,Purple,Summer,2012.0,Sports,Urban Yoga Women Purple Shorts,28459.jpg
7701,Women,Apparel,Topwear,Tshirts,Pink,Fall,2011.0,Casual,Jealous 21 Women's She's Attitude Scarlet Pink T-shirt,7701.jpg
14633,Women,Apparel,Topwear,Tops,Green,Fall,2011.0,Casual,United Colors of Benetton Women Printed Green Tops,14633.jpg
42249,Women,Apparel,Topwear,Tunics,Blue,Summer,2012.0,Casual,Sepia Women Blue Tunic,42249.jpg
12539,Women,Apparel,Topwear,Tshirts,Black,Fall,2011.0,Casual,Tantra Women Black Printed T-shirt,12539.jpg
3952,Women,Apparel,Topwear,Tops,Purple,Summer,2011.0,Casual,Jealous 21 Women Purple Top With Purple Flower Top,3952.jpg
28696,Women,Apparel,Topwear,Kurtas,Rust,Summer,2012.0,Ethnic,W Women Printed Rust Kurta,28696.jpg
45850,Women,Apparel,Topwear,Kurtas,Blue,Summer,2012.0,Ethnic,Vishudh Women Blue Kurta,45850.jpg
56649,Women,Apparel,Topwear,Kurtis,Cream,Fall,2012.0,Ethnic,Mumbai Slang Women Cream Kurti,56649.jpg
27088,Women,Apparel,Topwear,Kurtas,Black,Summer,2012.0,Ethnic,Aneri Women Aaliya Black Kurta,27088.jpg
26966,Women,Apparel,Topwear,Shirts,Purple,Summer,2012.0,Casual,Jealous 21 Women Check Purple Shirt,26966.jpg
26368,Women,Apparel,Topwear,Shirts,Red,Summer,2012.0,Casual,Arrow Woman Red Shirt,26368.jpg
43539,Women,Apparel,Topwear,Tops,White,Summer,2012.0,Casual,French Connection Women Multicoloured Striped Top,43539.jpg
26992,Women,Apparel,Bottomwear,Jeans,Blue,Summer,2012.0,Casual,Jealous 21 Women Washed Light Blue Jeans,26992.jpg
13847,Women,Apparel,Topwear,Tops,White,Fall,2011.0,Casual,United Colors of Benetton Women Printed White Top,13847.jpg
46279,Women,Apparel,Topwear,Tunics,Blue,Summer,2012.0,Casual,109F Women Blue & Green Polka Dot Print Tunic,46279.jpg
39146,Women,Apparel,Apparel Set,Kurta Sets,Purple,Fall,2012.0,Ethnic,Aneri Women Purple Ombre Churidar Kurta & Dupatta Set,39146.jpg
57139,Women,Apparel,Bottomwear,Trousers,Black,Summer,2012.0,Casual,Elle Women Black Etra Slim Fit Trousers,57139.jpg
49655,Women,Apparel,Bottomwear,Skirts,Pink,Summer,2012.0,Casual,Mineral Pink & Green Skirt,49655.jpg
58515,Women,Apparel,Topwear,Tops,White,Summer,2012.0,Casual,Tonga Women White Top,58515.jpg
33018,Women,Apparel,Topwear,Kurtas,Green,Summer,2012.0,Ethnic,Mother Earth Women Striped Green Kurta,33018.jpg
58727,Women,Apparel,Topwear,Tshirts,Purple,Summer,2012.0,Casual,Puma Women Purple T-shirt,58727.jpg
7708,Women,Apparel,Bottomwear,Jeans,Blue,Fall,2011.0,Casual,Jealous 21 Women Aliah Blue Jegging,7708.jpg
51498,Women,Apparel,Bottomwear,Jeans,Blue,Summer,2012.0,Casual,Denizen Women Blue Jeans,51498.jpg
28450,Women,Apparel,Bottomwear,Track Pants,Grey,Summer,2012.0,Casual,Urban Yoga Women Grey Track Pants,28450.jpg
21172,Women,Apparel,Topwear,Tunics,Blue,Fall,2011.0,Casual,s.Oliver Women Powder Blue Tunic,21172.jpg
38863,Women,Apparel,Topwear,Tops,Blue,Summer,2012.0,Casual,Latin Quarters Women Blue Printed Top,38863.jpg
32565,Women,Apparel,Topwear,Tops,Blue,Summer,2012.0,Casual,ONLY Women Smock Blue Top,32565.jpg
24400,Women,Apparel,Topwear,Kurtas,Black,Summer,2012.0,Ethnic,Vishudh Women Black Printed Kurta,24400.jpg
27285,Women,Apparel,Topwear,Kurtas,Brown,Fall,2011.0,Ethnic,Mother Earth Women Brown Kurta,27285.jpg
26357,Women,Apparel,Topwear,Tshirts,Pink,Summer,2012.0,Casual,Arrow Woman Striped Pink T-shirt,26357.jpg
12162,Women,Apparel,Bottomwear,Leggings,Green,Fall,2011.0,Ethnic,Aurelia Women Solid Blue Leggings,12162.jpg
9833,Women,Apparel,Topwear,Tshirts,Green,Fall,2011.0,Casual,Little Miss Women Printed Olive Green T-shirt,9833.jpg
7195,Women,Apparel,Topwear,Tops,White,Fall,2011.0,Casual,Jealous 21 Women Knit Butterfly Print White Top,7195.jpg
6275,Women,Apparel,Topwear,Tshirts,Pink,Summer,2011.0,Casual,UCB Women's Crystal Benetton Pink T-shirt,6275.jpg
26959,Women,Apparel,Topwear,Shirts,Pink,Summer,2012.0,Casual,Jealous 21 Women Pink Shirt,26959.jpg
3363,Women,Apparel,Topwear,Tshirts,Black,Summer,2011.0,Casual,Myntra Women Creative designs Black T-shirt,3363.jpg
51453,Women,Apparel,Topwear,Tops,Multi,Summer,2012.0,Casual,Tonga Women Multicoloured Top,51453.jpg
11383,Women,Apparel,Topwear,Tops,Black,Fall,2011.0,Casual,United Colors Of Benetton Women Light Winter Black Tops,11383.jpg
31784,Women,Apparel,Topwear,Tops,Red,Summer,2012.0,Casual,Lee Women Katie Red Top,31784.jpg
17848,Women,Apparel,Topwear,Tshirts,White,Fall,2011.0,Casual,Flying Machine Women Mind Your White Tshirt,17848.jpg
22393,Women,Apparel,Topwear,Tshirts,Grey,Fall,2011.0,Casual,ADIDAS Women Verve Tee Grey T-shirt,22393.jpg
23241,Women,Apparel,Topwear,Kurtis,Blue,Fall,2011.0,Ethnic,Aneri Women Juhi Blue Kurti,23241.jpg
2245,Women,Apparel,Topwear,Tshirts,White,Fall,2010.0,Sports,ADIDAS Women White Polo T-shirt,2245.jpg
58718,Women,Apparel,Topwear,Kurtas,Green,Fall,2012.0,Ethnic,ALayna Women Green Kurta,58718.jpg
33215,Women,Apparel,Topwear,Tops,Off White,Summer,2012.0,Casual,Sepia Women Off White Top,33215.jpg
33027,Women,Apparel,Topwear,Kurtas,Blue,Summer,2012.0,Ethnic,Mother Earth Women Printed Blue Kurta,33027.jpg
41407,Women,Apparel,Topwear,Tops,Blue,Summer,2012.0,Casual,Wrangler Women Cowgirl Blue Top,41407.jpg
11713,Women,Apparel,Topwear,Tunics,Green,Summer,2011.0,Casual,Lee Women Check Green Tunics,11713.jpg
25526,Women,Apparel,Topwear,Tops,Red,Summer,2012.0,Casual,Wrangler Women Poppins Red Top,25526.jpg
32591,Women,Apparel,Bottomwear,Skirts,Pink,Summer,2012.0,Casual,ONLY Women Pink Skirt,32591.jpg
39179,Women,Apparel,Topwear,Kurtas,Blue,Summer,2012.0,Ethnic,Aneri Women Blue Kurtas,39179.jpg
57106,Women,Apparel,Topwear,Tops,White,Summer,2012.0,Casual,Elle Women White Top,57106.jpg
27271,Women,Apparel,Topwear,Tunics,Red,Fall,2011.0,Ethnic,Mother Earth Women Printed Red Tunic,27271.jpg
31314,Women,Apparel,Topwear,Kurtas,Red,Summer,2012.0,Ethnic,W Women Red & Blue Printed Kurta,31314.jpg
50323,Women,Apparel,Topwear,Kurtas,Red,Summer,2012.0,Ethnic,Aurelia Women Red Kurta,50323.jpg
46246,Women,Apparel,Topwear,Tunics,Green,Summer,2012.0,Casual,Fusion Beats Women Green Printed Tunic,46246.jpg
40383,Women,Apparel,Topwear,Tops,Pink,Summer,2012.0,Casual,Tokyo Talkies Women Pink Top,40383.jpg
39717,Women,Apparel,Topwear,Tops,Red,Summer,2012.0,Casual,Arrow Woman Red Top,39717.jpg
49652,Women,Apparel,Topwear,Tops,Blue,Summer,2012.0,Casual,Mineral Women Blue Top,49652.jpg
58512,Women,Apparel,Topwear,Tops,Cream,Summer,2012.0,Casual,Tonga Women Printed Black Top,58512.jpg
19546,Women,Apparel,Topwear,Sweatshirts,Black,Fall,2011.0,Casual,United Colors of Benetton Women Solid Black Sweatshirt,19546.jpg
39141,Women,Apparel,Apparel Set,Kurta Sets,Magenta,Summer,2012.0,Ethnic,Aneri Women Magenta Salwar Suit,39141.jpg
59898,Women,Apparel,Topwear,Tops,Black,Fall,2012.0,Casual,Femella Women Black Top,59898.jpg
54589,Women,Apparel,Topwear,Kurtas,Green,Summer,2012.0,Ethnic,Sushilas Women Printed Green Kurta,54589.jpg
27847,Women,Apparel,Topwear,Tshirts,Off White,Summer,2012.0,Casual,Scullers For Her Off White T-shirt,27847.jpg
26995,Women,Apparel,Bottomwear,Jeans,Blue,Summer,2012.0,Casual,Jealous 21 Women Washed Light Blue Jeans,26995.jpg
20098,Women,Apparel,Topwear,Kurtas,Pink,Fall,2011.0,Ethnic,Diva Women Printed Pink Kurta,20098.jpg
34498,Women,Apparel,Topwear,Tops,Blue,Summer,2012.0,Formal,Van Heusen Woman Striped Blue Top,34498.jpg
38631,Women,Apparel,Topwear,Tshirts,Pink,Summer,2012.0,Casual,Nike Women Pink Polo T-shirt,38631.jpg
2289,Women,Apparel,Topwear,Tshirts,Blue,Fall,2010.0,Sports,Nike Women Blue T-shirt,2289.jpg
3955,Women,Apparel,Topwear,Tops,Red,Summer,2011.0,Casual,Jealous 21 Women Printed Red Top,3955.jpg
28691,Women,Apparel,Topwear,Kurtas,Black,Summer,2012.0,Ethnic,W Women Printed Black Kurta,28691.jpg
27878,Women,Apparel,Topwear,Shirts,Blue,Summer,2012.0,Casual,Scullers For Her Women White Printed Shirt,27878.jpg
11526,Women,Apparel,Topwear,Tops,Black,Fall,2011.0,Casual,United Colors of Benetton Women Light Winter Black Tops,11526.jpg
32596,Women,Apparel,Topwear,Tops,Peach,Summer,2012.0,Casual,ONLY Women Peach Long Tank Top,32596.jpg
11714,Women,Apparel,Topwear,Shirts,Blue,Summer,2011.0,Casual,Lee Women Check Blue Shirts,11714.jpg
57101,Women,Apparel,Topwear,Tops,Cream,Summer,2012.0,Casual,Elle Women Cream Top,57101.jpg
27276,Women,Apparel,Topwear,Kurtas,Beige,Fall,2011.0,Ethnic,Mother Earth Women Beige Kurta,27276.jpg
6888,Women,Apparel,Topwear,Tops,Cream,Summer,2011.0,Casual,Forever New Women's Cream Floral Print Top,6888.jpg
19579,Women,Apparel,Topwear,Tops,Green,Summer,2011.0,Casual,United Colors of Benetton Women Green Top,19579.jpg
31313,Women,Apparel,Topwear,Kurtas,Blue,Summer,2012.0,Ethnic,W Women Blue Kurta,31313.jpg
50324,Women,Apparel,Topwear,Kurtas,Peach,Summer,2012.0,Ethnic,Aurelia Women Peach Kurta,50324.jpg
46241,Women,Apparel,Topwear,Kurtas,Cream,Summer,2012.0,Ethnic,Fusion Beats Women Cream Kurta,46241.jpg
33020,Women,Apparel,Topwear,Kurtas,Yellow,Summer,2012.0,Ethnic,Mother Earth Women Printed Yellow Kurta,33020.jpg
41400,Women,Apparel,Topwear,Tshirts,Navy Blue,Summer,2012.0,Casual,Wrangler Women Navy Blue T-shirt,41400.jpg
11370,Women,Apparel,Topwear,Sweatshirts,Green,Fall,2011.0,Casual,United Colors Of Benetton Women Light Wintersweat Green Sweatshirts,11370.jpg
28468,Women,Apparel,Topwear,Tshirts,Lavender,Summer,2012.0,Casual,Urban Yoga Women Printed Lavender T-shirt,28468.jpg
33212,Women,Apparel,Topwear,Tops,Black,Summer,2012.0,Casual,Sepia Women Black Top,33212.jpg
39728,Women,Apparel,Topwear,Shirts,Pink,Summer,2012.0,Formal,Arrow Woman Women Pink Shirt,39728.jpg
31783,Women,Apparel,Topwear,Tops,Purple,Summer,2012.0,Casual,Lee Women Purple Paula Pansy Top,31783.jpg
22394,Women,Apparel,Bottomwear,Track Pants,Black,Fall,2011.0,Casual,ADIDAS Women Ess MF3S  Black Track Pant,22394.jpg
51454,Women,Apparel,Topwear,Tops,Multi,Summer,2012.0,Casual,Tonga Women Multicoloured Top,51454.jpg
3700,Women,Apparel,Topwear,Tshirts,Purple,Summer,2011.0,Casual,Tantra Women's Flower Heart Lavender Long T-shirt,3700.jpg
42427,Women,Apparel,Topwear,Kurtas,Green,Summer,2012.0,Ethnic,Aurelia Women Green Kurta,42427.jpg
15340,Women,Apparel,Bottomwear,Shorts,Black,Fall,2011.0,Sports,Nike Women Solid Black Shorts,15340.jpg
38864,Women,Apparel,Topwear,Tops,Purple,Summer,2012.0,Casual,Latin Quarters Women Purple & White Top,38864.jpg
32562,Women,Apparel,Bottomwear,Trousers,Olive,Summer,2012.0,Casual,ONLY Women Olive Trousers,32562.jpg
24407,Women,Apparel,Topwear,Kurtas,Pink,Summer,2012.0,Ethnic,Vishudh Women Pink Printed Kurta,24407.jpg
27282,Women,Apparel,Topwear,Kurtas,Blue,Fall,2011.0,Ethnic,Mother Earth Women Blue Kurta,27282.jpg
3532,Women,Apparel,Topwear,Tshirts,Black,Summer,2011.0,Casual,Myntra Women's Hard Work Never Black T-shirt,3532.jpg
9834,Women,Apparel,Topwear,Tshirts,Blue,Fall,2011.0,Casual,Little Miss Women Printed Blue T-shirt,9834.jpg
7192,Women,Apparel,Bottomwear,Jeans,Brown,Fall,2011.0,Casual,Jealous 21 Women Brown Jeggings,7192.jpg
22750,Women,Apparel,Topwear,Kurtas,White,Fall,2011.0,Ethnic,BIBA Women Printed White Kurta,22750.jpg
7132,Women,Apparel,Topwear,Tshirts,Green,Fall,2011.0,Casual,Urban Yoga Women's Green T-shirt,7132.jpg
57155,Women,Apparel,Topwear,Tops,Pink,Summer,2012.0,Casual,Elle Women Pink Top,57155.jpg
11572,Women,Apparel,Topwear,Kurtas,White,Summer,2011.0,Ethnic,W Women Printed White Kurtas,11572.jpg
37282,Women,Apparel,Topwear,Tshirts,Purple,Summer,2012.0,Casual,Tantra Women Purple Prima Donna T-shirt,37282.jpg
20235,Women,Apparel,Topwear,Tshirts,Black,Fall,2011.0,Casual,Wrangler Women Baroque Black T-shirt,20235.jpg
32394,Women,Apparel,Topwear,Shirts,Lavender,Summer,2012.0,Formal,Arrow Woman Lavender Shirt,32394.jpg
36734,Women,Apparel,Topwear,Tshirts,White,Summer,2012.0,Casual,Spykar Women Cult White T-shirt,36734.jpg
12793,Women,Apparel,Topwear,Tshirts,Maroon,Fall,2011.0,Casual,Nike Women Blue Grafitti Maroon Tshirts,12793.jpg
49639,Women,Apparel,Topwear,Tops,Green,Summer,2012.0,Casual,Mineral Women Lime Green Top,49639.jpg
43303,Women,Apparel,Dress,Dresses,Black,Summer,2012.0,Casual,United Colors of Benetton Women Black Dress,43303.jpg
40586,Women,Apparel,Topwear,Kurtas,White,Summer,2012.0,Ethnic,Aurelia Women White Kurta,40586.jpg
10030,Women,Apparel,Topwear,Tshirts,Black,Fall,2011.0,Sports,Nike Women As See The Win Black T-Shirts,10030.jpg
23212,Women,Apparel,Topwear,Kurtis,Black,Fall,2011.0,Ethnic,Aneri Women Silver Moon Black Kurti,23212.jpg
42225,Women,Apparel,Topwear,Tops,Blue,Summer,2012.0,Casual,Sepia Women Blue Top,42225.jpg
40572,Women,Apparel,Topwear,Kurtas,Blue,Summer,2012.0,Ethnic,W Women Blue Kurta,40572.jpg
54724,Women,Apparel,Apparel Set,Kurta Sets,Black,Fall,2012.0,Ethnic,Shree Women Black and Yellow Printed Patiala Kurta Set,54724.jpg
42641,Women,Apparel,Topwear,Kurtas,Blue,Summer,2012.0,Ethnic,W Women Blue Kurta,42641.jpg
12131,Women,Apparel,Topwear,Kurtas,Purple,Fall,2011.0,Ethnic,Aurelia Women Solid Purple Kurtas,12131.jpg
38830,Women,Apparel,Dress,Dresses,Navy Blue,Summer,2012.0,Casual,Latin Quarters Women Navy Blue Printed Dress,38830.jpg
11586,Women,Apparel,Topwear,Kurtas,Beige,Summer,2011.0,Ethnic,W Women Printed Beige Kurtas,11586.jpg
2686,Women,Apparel,Topwear,Tshirts,Black,Summer,2011.0,Casual,Inkfruit Women's Chirfhy Black T-shirt,2686.jpg
25912,Women,Apparel,Bottomwear,Leggings,Cream,Summer,2012.0,Casual,Femella Women Cream Leggings,25912.jpg
18898,Women,Apparel,Topwear,Shirts,White,Fall,2011.0,Casual,Arrow Woman Solid White Shirt,18898.jpg
18296,Women,Apparel,Topwear,Kurtas,Pink,Fall,2011.0,Ethnic,Aneri Women Ekta Pink Kurta,18296.jpg
34438,Women,Apparel,Topwear,Tshirts,White,Summer,2012.0,Casual,Myntra Women Cute Dog White T-shirt,34438.jpg
46018,Women,Apparel,Topwear,Kurtas,Green,Summer,2012.0,Ethnic,Fabindia Women Green Kurta,46018.jpg
24498,Women,Apparel,Topwear,Kurtas,Brown,Fall,2011.0,Ethnic,Mother Earth Women Brown Printed Kurta,24498.jpg
30850,Women,Apparel,Topwear,Kurtas,Multi,Summer,2012.0,Ethnic,Fabindia Women Printed Multi Coloured Kurta,30850.jpg
26935,Women,Apparel,Dress,Dresses,Black,Summer,2012.0,Casual,Jealous 21 Women Black Dress,26935.jpg
21922,Women,Apparel,Apparel Set,Kurta Sets,Purple,Fall,2011.0,Ethnic,Biba Women Purple Printed Churidar Kurta with Dupatta,21922.jpg
52088,Women,Apparel,Topwear,Tshirts,Grey,Summer,2012.0,Casual,Myntra Women Grey T-shirt,52088.jpg
54971,Women,Apparel,Dress,Dresses,Grey,Summer,2012.0,Casual,Femella Women Grey Dress,54971.jpg
48512,Women,Apparel,Topwear,Tops,Grey,Summer,2012.0,Casual,French Connection Women Grey Top,48512.jpg
18262,Women,Apparel,Topwear,Kurtas,Brown,Fall,2011.0,Ethnic,Aneri Women Himani Brown Kurta,18262.jpg
11581,Women,Apparel,Topwear,Kurtas,Yellow,Summer,2011.0,Ethnic,W Women Printed Yellow Kurtas,11581.jpg
30868,Women,Apparel,Topwear,Kurtas,Off White,Summer,2012.0,Ethnic,Fabindia Women Off White Kurta,30868.jpg
54723,Women,Apparel,Apparel Set,Kurta Sets,Magenta,Summer,2012.0,Ethnic,Shree Women Magenta and Yellow Printed Patiala Kurta Set,54723.jpg
12136,Women,Apparel,Topwear,Kurtas,Black,Fall,2011.0,Ethnic,Aurelia Women Solid Black Kurtas,12136.jpg
42646,Women,Apparel,Topwear,Kurtas,Cream,Summer,2012.0,Ethnic,Alma Women Cream Printed Kurta,42646.jpg
10661,Women,Apparel,Bottomwear,Shorts,Blue,Fall,2011.0,Casual,Doodle Girl Hot  Ice Wash Blue Shorts,10661.jpg
21126,Women,Apparel,Topwear,Shirts,White,Fall,2011.0,Casual,s.Oliver Women White Shirt,21126.jpg
38837,Women,Apparel,Dress,Dresses,Pink,Fall,2012.0,Casual,Latin Quarters Women Pink Printed Dress,38837.jpg
3939,Women,Apparel,Topwear,Tshirts,Purple,Summer,2011.0,Casual,Jealous 21 Women's Lavender Trendy T-shirt,3939.jpg
23215,Women,Apparel,Topwear,Kurtas,Black,Fall,2011.0,Ethnic,Aneri Women Nivedita Black Kurta,23215.jpg
42222,Women,Apparel,Topwear,Tunics,Grey,Summer,2012.0,Casual,Sepia Women Grey Tunic,42222.jpg
40575,Women,Apparel,Topwear,Kurtas,White,Summer,2012.0,Ethnic,W Women White Kurta,40575.jpg
12760,Women,Apparel,Bottomwear,Jeans,Blue,Summer,2011.0,Casual,Spykar Women Blue Washed Jeans,12760.jpg
43304,Women,Apparel,Topwear,Shirts,White,Summer,2012.0,Casual,United Colors of Benetton Women White Shirt,43304.jpg
40581,Women,Apparel,Topwear,Kurtas,Black,Summer,2012.0,Ethnic,Aurelia Women Black Kurta,40581.jpg
36501,Women,Apparel,Topwear,Kurtas,White,Summer,2012.0,Ethnic,Folklore Women White Printed Kurta,36501.jpg
5808,Women,Apparel,Topwear,Tops,Navy Blue,Summer,2011.0,Casual,Jealous 21 Women Navy Blue Top,5808.jpg
32393,Women,Apparel,Topwear,Shirts,Blue,Summer,2012.0,Formal,Arrow Woman Blue Shirt,32393.jpg
36733,Women,Apparel,Topwear,Tshirts,White,Summer,2012.0,Casual,Skypar Women White Printed T-shirt,36733.jpg
12794,Women,Apparel,Topwear,Tshirts,Pink,Fall,2011.0,Casual,Nike Women White Print Pink Tshirts,12794.jpg
11575,Women,Apparel,Topwear,Kurtas,White,Summer,2011.0,Ethnic,W Women Printed White Kurtas,11575.jpg
37285,Women,Apparel,Topwear,Tshirts,Blue,Summer,2012.0,Casual,Tantra Women Blue Shopping T-shirt,37285.jpg
46020,Women,Apparel,Topwear,Kurtis,Orange,Summer,2012.0,Ethnic,Fabindia Women Orange Kurti,46020.jpg
7307,Women,Apparel,Topwear,Tops,White,Summer,2011.0,Casual,UCB Women Sleeveless White Top,7307.jpg
27017,Women,Apparel,Bottomwear,Jeans,Blue,Summer,2012.0,Casual,Jealous 21 Women Blue Jeans,27017.jpg
7135,Women,Apparel,Topwear,Tshirts,White,Fall,2011.0,Casual,Urban Yoga Women's White T-shirt,7135.jpg
22757,Women,Apparel,Topwear,Kurtas,Blue,Fall,2011.0,Ethnic,BIBA Women Solid Blue Kurta,22757.jpg
57152,Women,Apparel,Topwear,Tshirts,Sea Green,Summer,2012.0,Casual,Elle Women Sea Green T-shirt,57152.jpg
51438,Women,Apparel,Topwear,Tops,Off White,Summer,2012.0,Casual,Myntra Women Printed White Top,51438.jpg
54976,Women,Apparel,Dress,Dresses,Pink,Summer,2012.0,Casual,Femella Women Pink Dress,54976.jpg
18265,Women,Apparel,Topwear,Kurtas,Pink,Fall,2011.0,Ethnic,Aneri Women Swara Pink Kurta,18265.jpg
48515,Women,Apparel,Topwear,Tops,Orange,Summer,2012.0,Casual,French Connection Women Coral Top,48515.jpg
3906,Women,Apparel,Bottomwear,Track Pants,Black,Summer,2011.0,Casual,Urban Yoga Women's Fitted Yoga Black Track Pant,3906.jpg
21925,Women,Apparel,Topwear,Kurtas,Blue,Fall,2011.0,Ethnic,BIBA Women Printed Multi Kurta,21925.jpg
57199,Women,Apparel,Topwear,Tunics,Red,Summer,2012.0,Casual,Elle Women Red Tunic,57199.jpg
12109,Women,Apparel,Topwear,Kurtis,White,Fall,2011.0,Ethnic,W Women Printed White Kurtis,12109.jpg
42679,Women,Apparel,Topwear,Kurtas,Beige,Summer,2012.0,Ethnic,Alma Women Beige Printed Kurta,42679.jpg
30857,Women,Apparel,Topwear,Kurtas,Red,Summer,2012.0,Ethnic,Fabindia Women Red Khadi Bijli Kurta,30857.jpg
26932,Women,Apparel,Topwear,Tops,Off White,Summer,2012.0,Casual,Jealous 21 Women Off White Top,26932.jpg
50348,Women,Apparel,Topwear,Kurtas,Blue,Summer,2012.0,Ethnic,Aurelia Women Blue Kurta,50348.jpg
22768,Women,Apparel,Topwear,Kurtas,Grey,Summer,2011.0,Ethnic,BIBA Women Printed Grey Kurta,22768.jpg
50946,Women,Apparel,Bottomwear,Jeans,Blue,Winter,2011.0,Casual,Lee Womens Blue Roxy Fit Jeans,50946.jpg
19727,Women,Apparel,Topwear,Shirts,White,Summer,2011.0,Casual,United Colors of Benetton Women Solid White Shirt,19727.jpg
10498,Women,Apparel,Topwear,Tops,Navy Blue,Fall,2011.0,Casual,Flying Machine Women RN Blue Tops,10498.jpg
18291,Women,Apparel,Topwear,Kurtas,Multi,Fall,2011.0,Ethnic,Aneri Women Shabana Multi Kurta,18291.jpg
25915,Women,Apparel,Bottomwear,Leggings,Grey,Summer,2012.0,Casual,Femella Women Grey Leggings,25915.jpg
16139,Women,Apparel,Topwear,Tops,White,Fall,2011.0,Casual,Tokyo Talkies Women Printed White Top,16139.jpg
52086,Women,Apparel,Topwear,Tshirts,Red,Summer,2012.0,Casual,Myntra Women Red T-shirt,52086.jpg
23223,Women,Apparel,Topwear,Kurtas,Rust,Fall,2011.0,Ethnic,Aneri Women Jwala Rust Kurta,23223.jpg
51603,Women,Apparel,Bottomwear,Trousers,Beige,Fall,2012.0,Casual,Kraus Jeans Women Beige Trousers,51603.jpg
42214,Women,Apparel,Topwear,Tops,White,Summer,2012.0,Casual,Sepia Women White Top,42214.jpg
24234,Women,Apparel,Topwear,Kurtas,Brown,Fall,2011.0,Ethnic,La-Emotio Women Brown Kurta,24234.jpg
6217,Women,Apparel,Topwear,Tops,Pink,Summer,2011.0,Casual,UCB Women's Graphic Print Pink Top,6217.jpg
57190,Women,Apparel,Topwear,Tunics,Pink,Summer,2012.0,Casual,Elle Women Pink Tunic,57190.jpg
11785,Women,Apparel,Topwear,Tshirts,Black,Summer,2011.0,Casual,Lee Women Solid Black Tshirts,11785.jpg
4772,Women,Apparel,Topwear,Tshirts,Green,Summer,2011.0,Sports,ADIDAS Women's Blue Polo T-shirt,4772.jpg
6025,Women,Apparel,Topwear,Tshirts,Blue,Summer,2011.0,Casual,UCB Women's Epaulettes Sleeve Blue T-shirt,6025.jpg
12100,Women,Apparel,Topwear,Kurtas,Multi,Fall,2011.0,Ethnic,W Women Multi Colour Printed Kurta,12100.jpg
42670,Women,Apparel,Topwear,Kurtas,Black,Summer,2012.0,Ethnic,Alma Women Black Kurta,42670.jpg
2485,Women,Apparel,Topwear,Tshirts,Purple,Fall,2010.0,Sports,Puma Women Purple Blouson Top,2485.jpg
54715,Women,Apparel,Apparel Set,Kurta Sets,Beige,Fall,2012.0,Ethnic,Shree Women Beige & Red Salwar Suit with Dupatta,54715.jpg
46016,Women,Apparel,Topwear,Kurtas,White,Summer,2012.0,Ethnic,Fabindia Women White Printed Kurta,46016.jpg
34436,Women,Apparel,Topwear,Tshirts,White,Summer,2012.0,Casual,Myntra Women Dont Think White T-shirt,34436.jpg
27021,Women,Apparel,Bottomwear,Jeans,Blue,Summer,2012.0,Casual,Jealous 21 Women Blue Jeans,27021.jpg
10491,Women,Apparel,Topwear,Tshirts,White,Fall,2011.0,Casual,Flying Machine Women HS White Tshirts,10491.jpg
11543,Women,Apparel,Topwear,Kurtas,Grey,Summer,2011.0,Ethnic,W Women Solid Grey Kurtas,11543.jpg
14031,Women,Apparel,Topwear,Tshirts,Black,Fall,2011.0,Casual,Nike Women Printed Black Tshirts,14031.jpg
24496,Women,Apparel,Topwear,Kurtas,Red,Fall,2011.0,Ethnic,Mother Earth Women Red Printed Kurta,24496.jpg
57164,Women,Apparel,Topwear,Tshirts,Black,Summer,2012.0,Casual,Elle Women Black T-shirt,57164.jpg
25544,Women,Apparel,Topwear,Tshirts,Navy Blue,Summer,2012.0,Casual,Wrangler Women Sunrise Navy Blue T-shirt,25544.jpg
22761,Women,Apparel,Topwear,Kurtas,Red,Fall,2011.0,Ethnic,BIBA Women Printed Red Kurta,22761.jpg
50341,Women,Apparel,Topwear,Kurtas,Rust,Summer,2012.0,Ethnic,Aurelia Women Rust Kurta,50341.jpg
42684,Women,Apparel,Topwear,Kurtas,White,Summer,2012.0,Ethnic,Alma Women White Printed Kurta,42684.jpg
11315,Women,Apparel,Bottomwear,Jeans,Blue,Fall,2011.0,Casual,United Colors of Benetton Women Washed Blue Jeans,11315.jpg
33045,Women,Apparel,Topwear,Kurtas,Multi,Summer,2012.0,Ethnic,Mother Earth Women Printed Multi Coloured Kurta,33045.jpg
18896,Women,Apparel,Dress,Dresses,Cream,Fall,2011.0,Casual,Arrow Woman Solid Cream Dress,18896.jpg
16130,Women,Apparel,Topwear,Tops,Pink,Fall,2011.0,Casual,Tokyo Talkies Women Printed Pink Top,16130.jpg
43332,Women,Apparel,Topwear,Tunics,Grey,Summer,2012.0,Casual,United Colors of Benetton Women Grey Tunic,43332.jpg
13442,Women,Apparel,Topwear,Tops,White,Summer,2011.0,Casual,United Colors of Benetton Women Solid White Tops,13442.jpg
6687,Women,Apparel,Topwear,Tshirts,White,Summer,2011.0,Casual,UCB Women's Basic Round Neck White T-shirt,6687.jpg
18298,Women,Apparel,Topwear,Kurtas,Multi,Fall,2011.0,Ethnic,Aneri Women Multi Printed Kurta,18298.jpg
27445,Women,Apparel,Topwear,Tshirts,Coffee Brown,Winter,2015.0,Casual,Jockey Women Coffee Brown T-shirt,27445.jpg
53392,Women,Apparel,Topwear,Kurtis,Cream,Summer,2012.0,Ethnic,Aurelia Women Cream Printed Kurti,53392.jpg
3568,Women,Apparel,Topwear,Tshirts,Black,Summer,2011.0,Casual,ADIDAS Women Black Training T-shirt,3568.jpg
21913,Women,Apparel,Topwear,Kurtas,Red,Fall,2011.0,Ethnic,BIBA Women Printed Red Kurta,21913.jpg
57993,Women,Apparel,Dress,Dresses,Beige,Fall,2012.0,Casual,Latin Quarters Women Beige Dress,57993.jpg
11588,Women,Apparel,Topwear,Kurtis,Green,Summer,2011.0,Ethnic,W Women Printed Green Kurtis,11588.jpg
37278,Women,Apparel,Topwear,Tshirts,Navy Blue,Summer,2012.0,Casual,Tantra Women Navy Blue Curly Heart T-shirt,37278.jpg
22598,Women,Apparel,Topwear,Tshirts,Purple,Fall,2011.0,Sports,Nike Women Purple T-shirt,22598.jpg
29170,Women,Apparel,Topwear,Tshirts,Blue,Summer,2012.0,Casual,United Colors of Benetton Women Blue T-shirt,29170.jpg
26904,Women,Apparel,Topwear,Tops,Lavender,Summer,2012.0,Casual,Jealous 21 Women Lavender Top,26904.jpg
6228,Women,Apparel,Topwear,Tshirts,Pink,Summer,2011.0,Casual,UCB Women's Basic Round Pink T-shirt,6228.jpg
30861,Women,Apparel,Topwear,Kurtas,Mustard,Summer,2012.0,Ethnic,Fabindia Women Mustard Kurta,30861.jpg
2688,Women,Apparel,Topwear,Tshirts,Green,Summer,2011.0,Casual,Inkfruit Women's Confession Green T-shirt,2688.jpg
54940,Women,Apparel,Topwear,Tshirts,Burgundy,Summer,2012.0,Casual,Do u speak green Women Burgundy T-shirt,54940.jpg
12769,Women,Apparel,Topwear,Tops,Red,Fall,2011.0,Ethnic,Mother Earth Women Checks Red Shirts,12769.jpg
3930,Women,Apparel,Topwear,Tshirts,Green,Summer,2011.0,Casual,Jealous 21 Women's Green Owl T-shirt,3930.jpg
45832,Women,Apparel,Topwear,Kurtas,White,Summer,2012.0,Ethnic,Vishudh Women White Kurta,45832.jpg
35983,Women,Apparel,Topwear,Tshirts,Red,Summer,2012.0,Casual,Flying Machine Women Poopy Red T-shirt,35983.jpg
49637,Women,Apparel,Topwear,Tops,Pink,Summer,2012.0,Casual,Mineral Women Dark Pink Top,49637.jpg
40588,Women,Apparel,Topwear,Kurtas,Maroon,Summer,2012.0,Ethnic,Aurelia Women Maroon Kurta,40588.jpg
25923,Women,Apparel,Topwear,Tshirts,Pink,Summer,2012.0,Casual,Femella Women Pink T-shirt,25923.jpg
39124,Women,Apparel,Bottomwear,Leggings,Beige,Fall,2012.0,Casual,Aneri Women Beige Leggings,39124.jpg
27442,Women,Apparel,Topwear,Tshirts,Blue,Winter,2015.0,Casual,Jockey Women Blue T-Shirt,27442.jpg
53395,Women,Apparel,Topwear,Kurtas,White,Fall,2012.0,Ethnic,Alma Women White Printed Kurta,53395.jpg
33042,Women,Apparel,Topwear,Kurtas,Beige,Summer,2012.0,Ethnic,Mother Earth Women Printed Beige Kurta,33042.jpg
18891,Women,Apparel,Topwear,Shirts,Black,Fall,2011.0,Formal,Arrow Woman Tyra Black & White Striped Shirt,18891.jpg
16137,Women,Apparel,Topwear,Tops,Pink,Fall,2011.0,Casual,Tokyo Talkies Women Printed Pink Top,16137.jpg
7560,Women,Apparel,Bottomwear,Track Pants,Grey,Summer,2011.0,Sports,Nike Women's Be Strong Grey Track Pant,7560.jpg
13445,Women,Apparel,Topwear,Tops,White,Summer,2011.0,Casual,United Colors of Benetton Women Printed White Tops,13445.jpg
57163,Women,Apparel,Topwear,Tshirts,Pink,Summer,2012.0,Casual,Elle Women Dark Pink Essentials T-shirt,57163.jpg
25543,Women,Apparel,Topwear,Tops,Pink,Summer,2012.0,Casual,Wrangler Women Striper Tank Pink Top,25543.jpg
4781,Women,Apparel,Topwear,Tshirts,Brown,Summer,2011.0,Sports,ADIDAS Women's Balance Brown T-shirt,4781.jpg
22766,Women,Apparel,Topwear,Kurtas,Red,Fall,2011.0,Ethnic,BIBA Women Solid Red Kurta,22766.jpg
50346,Women,Apparel,Topwear,Kurtas,Pink,Summer,2012.0,Ethnic,Aurelia Women Pink Kurta,50346.jpg
42683,Women,Apparel,Topwear,Kurtas,White,Summer,2012.0,Ethnic,Alma Women White Printed Kurta,42683.jpg
50948,Women,Apparel,Bottomwear,Jeans,Black,Winter,2011.0,Casual,Lee Women Black Jeans,50948.jpg
27026,Women,Apparel,Bottomwear,Shorts,Blue,Summer,2012.0,Casual,Jealous 21 Women Blue Cropped Denim Shorts,27026.jpg
10496,Women,Apparel,Topwear,Tshirts,White,Fall,2011.0,Casual,Flying Machine Women RN White Tshirts,10496.jpg
11544,Women,Apparel,Topwear,Kurtas,Green,Summer,2011.0,Ethnic,W Women Printed Green Kurtas,11544.jpg
40120,Women,Apparel,Topwear,Tshirts,Green,Summer,2012.0,Casual,ADIDAS Women Green T-shirt,40120.jpg
57197,Women,Apparel,Topwear,Tunics,Blue,Summer,2012.0,Casual,Elle Women BlueTunic,57197.jpg
4775,Women,Apparel,Bottomwear,Track Pants,Black,Summer,2011.0,Sports,ADIDAS Women 3S Black Track Pants,4775.jpg
42677,Women,Apparel,Topwear,Kurtas,Green,Summer,2012.0,Ethnic,Alma Women Green Kurta,42677.jpg
12107,Women,Apparel,Topwear,Kurtis,Cream,Fall,2011.0,Ethnic,W Women Cream Kurtis,12107.jpg
54712,Women,Apparel,Apparel Set,Kurta Sets,Black,Fall,2012.0,Ethnic,Shree Women Black & White Printed Salwar Suit with Dupatta,54712.jpg
2482,Women,Apparel,Topwear,Tops,Black,Fall,2011.0,Casual,Puma Women Black Spagetti Top,2482.jpg
30859,Women,Apparel,Topwear,Kurtas,Pink,Summer,2012.0,Ethnic,Fabindia Women Pink Kurta,30859.jpg
1809,Women,Apparel,Topwear,Tshirts,Blue,Fall,2010.0,Sports,Decathlon Profilter Women Blue T-shirt,1809.jpg
51436,Women,Apparel,Topwear,Tops,White,Summer,2012.0,Casual,Myntra Women White & Pink Top,51436.jpg
24233,Women,Apparel,Topwear,Kurtas,Brown,Fall,2012.0,Ethnic,La-Emotio Women Caramel Brown Kurta,24233.jpg
23224,Women,Apparel,Topwear,Kurtas,Cream,Fall,2011.0,Ethnic,Aneri Women Desire Cream Kurta,23224.jpg
51604,Women,Apparel,Bottomwear,Jeans,Navy Blue,Fall,2012.0,Casual,Kraus Jeans Women Navy Blue Jeans,51604.jpg
3908,Women,Apparel,Bottomwear,Track Pants,Blue,Summer,2011.0,Casual,Urban Yoga Women's Fitted Yoga Blue Track Pant,3908.jpg
42213,Women,Apparel,Topwear,Tops,Orange,Summer,2012.0,Casual,Sepia Women Orange Top,42213.jpg
7309,Women,Apparel,Topwear,Tops,Pink,Summer,2011.0,Casual,UCB Women Quarter Sleeve Pink Top,7309.jpg
27019,Women,Apparel,Bottomwear,Jeans,Blue,Summer,2012.0,Casual,Jealous 21 Women Washed Light Blue Jeans,27019.jpg
22759,Women,Apparel,Topwear,Kurtas,White,Fall,2011.0,Ethnic,BIBA Women Printed White Kurta,22759.jpg
39123,Women,Apparel,Bottomwear,Leggings,White,Fall,2012.0,Casual,Aneri Women White Leggings,39123.jpg
49630,Women,Apparel,Dress,Dresses,Blue,Summer,2012.0,Casual,Mineral Blue Dress,49630.jpg
25924,Women,Apparel,Topwear,Tshirts,Orange,Summer,2012.0,Casual,Femella Women Orange T-shirt,25924.jpg
5806,Women,Apparel,Topwear,Tshirts,Red,Summer,2011.0,Casual,ADIDAS Women's Graphic Red T-shirt,5806.jpg
35984,Women,Apparel,Topwear,Tops,Blue,Summer,2012.0,Casual,Flying Machine Women Printed Cobalt Blue Top,35984.jpg
3937,Women,Apparel,Topwear,Tshirts,Pink,Summer,2011.0,Casual,Jealous 21 Women's Pink Miss T-shirt,3937.jpg
19988,Women,Apparel,Topwear,Tops,Grey,Fall,2011.0,Casual,United Colors of Benetton Women Solid Grey Top,19988.jpg
45835,Women,Apparel,Topwear,Kurtas,Blue,Summer,2012.0,Ethnic,Vishudh Women Blue Kurta,45835.jpg
48524,Women,Apparel,Dress,Dresses,White,Summer,2012.0,Casual,French Connection Women White Dress,48524.jpg
18254,Women,Apparel,Topwear,Kurtas,Green,Fall,2011.0,Ethnic,Aneri Women Protima Green Kurta,18254.jpg
26903,Women,Apparel,Topwear,Tops,Pink,Summer,2012.0,Casual,Jealous 21 Women Pink Top,26903.jpg
30866,Women,Apparel,Topwear,Kurtas,Red,Summer,2012.0,Ethnic,Fabindia Women Red Kurta,30866.jpg
42648,Women,Apparel,Topwear,Kurtas,Black,Summer,2012.0,Ethnic,Alma Women Black Printed Kurta,42648.jpg
12138,Women,Apparel,Topwear,Kurtas,Green,Fall,2011.0,Ethnic,Aurelia Women Solid Green Kurtas,12138.jpg
25588,Women,Apparel,Apparel Set,Kurta Sets,Green,Fall,2011.0,Ethnic,Vishudh Women Green & Purple Printed Churidar Kurta with Dupatta,25588.jpg
21914,Women,Apparel,Apparel Set,Kurta Sets,Off White,Fall,2011.0,Ethnic,Biba Women Off-White & Brown Printed Churidar Kurta with Dupatta,21914.jpg
38839,Women,Apparel,Dress,Dresses,Olive,Summer,2012.0,Casual,Latin Quarters Women Black Printed Dress,38839.jpg
57994,Women,Apparel,Dress,Dresses,Brown,Fall,2012.0,Casual,Latin Quarters Women Brown Printed Dress,57994.jpg
21128,Women,Apparel,Topwear,Tops,Blue,Fall,2011.0,Casual,s.Oliver Women Printed Blue Top,21128.jpg
59372,Women,Apparel,Topwear,Kurtas,Grey,Summer,2012.0,Ethnic,Vishudh Women Grey Printed Kurta,59372.jpg
18742,Women,Apparel,Topwear,Tops,Brown,Fall,2011.0,Casual,Arrow Woman Boho Brown Top,18742.jpg
26871,Women,Apparel,Topwear,Tops,White,Summer,2012.0,Casual,Jealous 21 Women Printed White Top,26871.jpg
34588,Women,Apparel,Dress,Dresses,Cream,Summer,2012.0,Casual,Tonga Women Cream Dress,34588.jpg
30914,Women,Apparel,Topwear,Kurtis,Purple,Summer,2012.0,Ethnic,Fabindia Women Purple Kurti,30914.jpg
6953,Women,Apparel,Topwear,Tops,Blue,Summer,2011.0,Casual,s.Oliver Women's Striped Light Blue Top,6953.jpg
8491,Women,Apparel,Topwear,Tops,White,Fall,2011.0,Casual,Forever New Women Porcelain White Top,8491.jpg
45947,Women,Apparel,Topwear,Tops,Blue,Summer,2012.0,Casual,Tokyo Talkies Women Blue Top,45947.jpg
10379,Women,Apparel,Topwear,Tshirts,Red,Fall,2011.0,Casual,United Colors of Benetton Women Solid Red T-shirt,10379.jpg
40409,Women,Apparel,Topwear,Tops,Black,Summer,2012.0,Casual,Tonga Women Black & Cream-Coloured Striped Top,40409.jpg
53822,Women,Apparel,Topwear,Tunics,Black,Fall,2012.0,Casual,Ayaanay_Women_New_2013_Tunics_Size_Chart.jpg,53822.jpg
11099,Women,Apparel,Bottomwear,Leggings,Black,Fall,2011.0,Ethnic,Scullers Women Solid Black Leggings,11099.jpg
17994,Women,Apparel,Bottomwear,Track Pants,Navy Blue,Fall,2009.0,Sports,Puma Women Essential Skinny Navy Blue Track Pant,17994.jpg
28775,Women,Apparel,Topwear,Kurtis,Red,Summer,2012.0,Ethnic,Aurelia Women Printed Red Kurti,28775.jpg
52138,Women,Apparel,Topwear,Tshirts,Red,Summer,2012.0,Casual,Femella Women Pale Red Polo T-Shirt,52138.jpg
25856,Women,Apparel,Topwear,Kurtas,Black,Summer,2012.0,Ethnic,Diva Women Black Floral Print Kurti,25856.jpg
5148,Women,Apparel,Topwear,Tshirts,Yellow,Summer,2011.0,Casual,Wrangler Women's Sequin Butter Cup T-shirt,5148.jpg
9785,Women,Apparel,Bottomwear,Track Pants,Navy Blue,Summer,2011.0,Sports,Urban Yoga Women Summer Bottoms Navy Blue Track Pants,9785.jpg
42198,Women,Apparel,Topwear,Tunics,Beige,Summer,2012.0,Casual,Sepia Women Beige Tunic,42198.jpg
33759,Women,Apparel,Topwear,Tops,Yellow,Summer,2012.0,Casual,Vero Moda Women Viva Yellow Top,33759.jpg
41379,Women,Apparel,Topwear,Tops,Red,Summer,2012.0,Casual,Wrangler Women Red Rosy Top,41379.jpg
26885,Women,Apparel,Topwear,Tops,Purple,Summer,2012.0,Casual,Jealous 21 Women Printed Mauve Top,26885.jpg
13950,Women,Apparel,Topwear,Tops,White,Summer,2011.0,Casual,United Colors of Benetton Women Printed White Tops,13950.jpg
59988,Women,Apparel,Dress,Dresses,Black,Fall,2012.0,Party,Avirate Black & Silvery Grey Dress,59988.jpg
21892,Women,Apparel,Topwear,Kurtas,Purple,Fall,2011.0,Ethnic,BIBA Women Printed Purple Kurta,21892.jpg
36825,Women,Apparel,Topwear,Kurtas,Purple,Summer,2012.0,Ethnic,Vishudh Women Purple Kurta,36825.jpg
48469,Women,Apparel,Dress,Dresses,Black,Summer,2012.0,Casual,French Connection Black Dress,48469.jpg
43081,Women,Apparel,Bottomwear,Track Pants,Navy Blue,Summer,2012.0,Casual,Nike Women Navy Blue Track Pant,43081.jpg
6706,Women,Apparel,Topwear,Tshirts,Pink,Summer,2011.0,Casual,UCB Women's Epaulettes On Sleeve Pink T-shirt,6706.jpg
32224,Women,Apparel,Topwear,Kurtas,Blue,Summer,2012.0,Ethnic,Fabindia Women Striped Blue Kurta,32224.jpg
40604,Women,Apparel,Topwear,Kurtas,Green,Summer,2012.0,Ethnic,Span Women Green Kurta,40604.jpg
4263,Women,Apparel,Topwear,Tshirts,Red,Summer,2011.0,Casual,Jealous 21 Women's I am Cute When I am Angry Red T-shirt,4263.jpg
10346,Women,Apparel,Topwear,Tshirts,Purple,Fall,2011.0,Casual,United Colors of Benetton Women Printed Purple Tshirts,10346.jpg
24173,Women,Apparel,Topwear,Kurtis,Green,Fall,2011.0,Ethnic,Aurelia Women Printed Green Kurti,24173.jpg
40436,Women,Apparel,Topwear,Tops,Black,Summer,2012.0,Casual,Tonga Women Black & White Printed Top,40436.jpg
6534,Women,Apparel,Topwear,Tshirts,Blue,Summer,2011.0,Sports,Nike Women's Border Blue T-shirt,6534.jpg
24517,Women,Apparel,Topwear,Kurtas,Brown,Fall,2011.0,Ethnic,Mother Earth Women Brown Printed Kurta,24517.jpg
41180,Women,Apparel,Topwear,Tshirts,Orange,Summer,2012.0,Casual,Allen Solly Woman Check Brown Shirt,41180.jpg
12075,Women,Apparel,Topwear,Kurtas,Cream,Fall,2011.0,Ethnic,W Women Printed Cream Kurtas,12075.jpg
42537,Women,Apparel,Topwear,Kurtas,Black,Summer,2012.0,Ethnic,Mother Earth Women Black Kurta,42537.jpg
10510,Women,Apparel,Topwear,Tshirts,Grey,Fall,2011.0,Casual,Flying Machine Women RN HS Grey Tshirts,10510.jpg
11604,Women,Apparel,Topwear,Kurtas,Blue,Summer,2011.0,Ethnic,W Women Solid Blue Kurtas,11604.jpg
12081,Women,Apparel,Topwear,Kurtas,Purple,Fall,2011.0,Ethnic,W Women Printed Purple Kurtas,12081.jpg
43623,Women,Apparel,Topwear,Tops,Green,Summer,2012.0,Casual,Vero Moda Women Green Top,43623.jpg
54694,Women,Apparel,Topwear,Kurtas,Purple,Fall,2012.0,Casual,Shree Women Purple Printed Kurta,54694.jpg
15096,Women,Apparel,Topwear,Kurtas,Orange,Fall,2011.0,Ethnic,Mother Earth Women Stripes Orange Kurtas,15096.jpg
11436,Women,Apparel,Topwear,Tshirts,Peach,Fall,2011.0,Casual,United Colors of Benetton Women Light Winter Peach T-shirt,11436.jpg
22042,Women,Apparel,Topwear,Kurtas,Blue,Fall,2011.0,Ethnic,Vishudh Women Printed Blue Kurta,22042.jpg
52107,Women,Apparel,Topwear,Kurtas,White,Summer,2012.0,Ethnic,Myntra Women Orange Printed Kurta,52107.jpg
42395,Women,Apparel,Topwear,Tshirts,Black,Summer,2012.0,Casual,Flying Machine Women Black T-shirt,42395.jpg
7412,Women,Apparel,Topwear,Kurtas,Pink,Summer,2011.0,Ethnic,W Women V Neck Short Sleeve Pink Kurta,7412.jpg
13957,Women,Apparel,Topwear,Tops,Purple,Summer,2011.0,Casual,United Colors of Benetton Women Solid Purple Tops,13957.jpg
57815,Women,Apparel,Topwear,Tops,Brown,Fall,2012.0,Casual,United Colors of Benetton Women Dark Brown Top,57815.jpg
57029,Women,Apparel,Topwear,Tops,Pink,Summer,2012.0,Casual,Forever New Women Pink Top,57029.jpg
21895,Women,Apparel,Topwear,Kurtas,Olive,Fall,2011.0,Ethnic,BIBA Women Printed Olive Green Kurta,21895.jpg
20349,Women,Apparel,Topwear,Tunics,Black,Fall,2011.0,Casual,Scullers For Her Women Solid Black Tunic,20349.jpg
59381,Women,Apparel,Topwear,Kurtas,Brown,Summer,2012.0,Ethnic,Vishudh Women Brown Printed Kurta,59381.jpg
19663,Women,Apparel,Topwear,Tops,White,Summer,2011.0,Casual,United Colors of Benetton Women White Top,19663.jpg
26882,Women,Apparel,Topwear,Tshirts,White,Summer,2012.0,Casual,Jealous 21 Women Printed White T-shirt,26882.jpg
17993,Women,Apparel,Bottomwear,Track Pants,Grey,Fall,2009.0,Sports,Puma Women Essential Skinny Grey Track Pant,17993.jpg
8462,Women,Apparel,Topwear,Tops,White,Fall,2011.0,Casual,Jealous 21 Women Jealous Cailyn White Top White Tops,8462.jpg
28772,Women,Apparel,Topwear,Kurtis,Red,Summer,2012.0,Ethnic,Aurelia Women Printed Red Kurti,28772.jpg
25851,Women,Apparel,Topwear,Kurtas,Maroon,Summer,2012.0,Ethnic,Diva Women Printed Maroon Kurta,25851.jpg
11258,Women,Apparel,Topwear,Tops,Black,Fall,2011.0,Sports,Puma Women Black Essential Racerback Tank Top,11258.jpg
24379,Women,Apparel,Topwear,Kurtas,Green,Fall,2011.0,Ethnic,Folklore Women Green Printed Kurta,24379.jpg
35039,Women,Apparel,Topwear,Kurtas,Pink,Summer,2012.0,Ethnic,Fabindia Women Printed Pink Kurta,35039.jpg
8496,Women,Apparel,Bottomwear,Skirts,Cream,Fall,2011.0,Casual,Forever New Women Cappuccino Cream Skirts,8496.jpg
53825,Women,Apparel,Apparel Set,Kurta Sets,Teal,Fall,2012.0,Ethnic,Ayaany Women Teal & Purple Embroidered Churidar Kurta with Dupatta,53825.jpg
18577,Women,Apparel,Topwear,Tshirts,Purple,Fall,2011.0,Casual,Puma Women Riddim Purple Tshirt,18577.jpg
6954,Women,Apparel,Topwear,Tops,Pink,Summer,2011.0,Casual,s.Oliver Women Striped Pink Top,6954.jpg
59375,Women,Apparel,Topwear,Kurtas,White,Summer,2012.0,Ethnic,Vishudh Women White Printed Kurta,59375.jpg
18745,Women,Apparel,Topwear,Tops,Purple,Fall,2011.0,Casual,Arrow Woman Cola Purple Top,18745.jpg
26876,Women,Apparel,Topwear,Tops,White,Summer,2012.0,Casual,Jealous 21 Women White Top,26876.jpg
30913,Women,Apparel,Topwear,Kurtis,Blue,Summer,2012.0,Ethnic,Fabindia Women Blue Kurti,30913.jpg
52100,Women,Apparel,Topwear,Kurtas,Red,Summer,2012.0,Ethnic,Myntra Women Red Printed Kurta,52100.jpg
42392,Women,Apparel,Topwear,Tshirts,Black,Summer,2012.0,Casual,Flying Machine Women Black T-shirt,42392.jpg
7415,Women,Apparel,Topwear,Kurtas,Black,Summer,2011.0,Ethnic,W Women Sqaure Neck Yarn Dyed Short Sleeve Black Kurta,7415.jpg
22045,Women,Apparel,Topwear,Kurtas,Green,Fall,2011.0,Ethnic,Vishudh Women Printed Green Kurta,22045.jpg
44633,Women,Apparel,Topwear,Tshirts,Magenta,Summer,2012.0,Sports,Nike Women Magenta T-shirt,44633.jpg
20376,Women,Apparel,Topwear,Jackets,Blue,Fall,2011.0,Casual,Urban Yoga Women Solid Blue Jacket,20376.jpg
1988,Women,Apparel,Topwear,Tshirts,Red,Fall,2010.0,Sports,ADIDAS Womens Red Tank T-shirt,1988.jpg
15091,Women,Apparel,Topwear,Tunics,Blue,Fall,2011.0,Casual,Mother Earth Women Printed Blue Tunics,15091.jpg
33761,Women,Apparel,Topwear,Tshirts,Green,Summer,2012.0,Casual,Vero Moda Women Viva Green T-shirt,33761.jpg
11431,Women,Apparel,Topwear,Tshirts,Purple,Fall,2011.0,Casual,United Colors of Benetton Women Purple T-shirt,11431.jpg
11603,Women,Apparel,Topwear,Kurtas,Grey,Summer,2011.0,Ethnic,W Women Solid Grey Kurtas,11603.jpg
12086,Women,Apparel,Topwear,Kurtas,Green,Fall,2011.0,Ethnic,W Women Printed Green Kurtas,12086.jpg
54693,Women,Apparel,Topwear,Kurtas,Multi,Summer,2012.0,Ethnic,Shree Women Multicoloured Printed Kurta,54693.jpg
43624,Women,Apparel,Topwear,Tops,White,Summer,2012.0,Casual,Vero Moda Women White Top,43624.jpg
47284,Women,Apparel,Topwear,Tshirts,White,Summer,2012.0,Casual,Myntra Women Pack of 3 T-shirts,47284.jpg
42530,Women,Apparel,Topwear,Kurtas,Orange,Summer,2012.0,Ethnic,Mother Earth Women Orange Kurta,42530.jpg
20382,Women,Apparel,Topwear,Kurtas,Rust,Fall,2011.0,Ethnic,Visudh Women Printed Rust Kurta,20382.jpg
24510,Women,Apparel,Topwear,Kurtas,Green,Fall,2011.0,Ethnic,Mother Earth Women Green Printed Kurta,24510.jpg
12072,Women,Apparel,Topwear,Kurtas,White,Fall,2011.0,Ethnic,W Women Printed White Kurtas,12072.jpg
4264,Women,Apparel,Topwear,Tshirts,Red,Summer,2011.0,Casual,Jealous 21 Women's Always Late But Burgundy Red T-shirt,4264.jpg
24948,Women,Apparel,Topwear,Tshirts,Black,Summer,2012.0,Casual,United Colors of Benetton Women Black T-shirt,24948.jpg
40431,Women,Apparel,Dress,Dresses,Navy Blue,Summer,2012.0,Casual,Tonga Women Navy Blue Dress,40431.jpg
24174,Women,Apparel,Topwear,Kurtis,Turquoise Blue,Fall,2011.0,Ethnic,Aurelia Women Turquoise Blue Kurti,24174.jpg
42366,Women,Apparel,Topwear,Shirts,Pink,Summer,2012.0,Casual,Flying Machine Women Multicoloured Printed Shirt,42366.jpg
31694,Women,Apparel,Topwear,Kurtas,Green,Summer,2012.0,Ethnic,Folklore Women Printed Green Kurta,31694.jpg
32223,Women,Apparel,Topwear,Kurtas,Pink,Summer,2012.0,Ethnic,Fabindia Women Pink & Orange Striped Kurta,32223.jpg
40603,Women,Apparel,Topwear,Kurtas,Maroon,Summer,2012.0,Ethnic,Span Women Maroon Kurta,40603.jpg
48493,Women,Apparel,Bottomwear,Skirts,Black,Winter,2011.0,Casual,French Connection Women Black Skirt,48493.jpg
52109,Women,Apparel,Topwear,Kurtas,Blue,Summer,2012.0,Ethnic,Myntra Women Blue Kurta,52109.jpg
45982,Women,Apparel,Topwear,Tops,Blue,Fall,2012.0,Casual,Tokyo Talkies Women Blue Top,45982.jpg
8454,Women,Apparel,Topwear,Tops,White,Fall,2011.0,Casual,Jealous 21 Women Jealous Ranae White Top White Tops,8454.jpg
49773,Women,Apparel,Topwear,Kurtas,Blue,Summer,2012.0,Ethnic,Alma Women  Light Blue Printed Kurta,49773.jpg
19003,Women,Apparel,Topwear,Sweatshirts,Red,Summer,2011.0,Casual,ADIDAS Originals Women Trefoil Hoodie Red Sweatshirt,19003.jpg
43249,Women,Apparel,Bottomwear,Jeans,Blue,Summer,2012.0,Casual,Denizen Women Blue Skinny Thunder Jeans,43249.jpg
28744,Women,Apparel,Topwear,Kurtas,Blue,Summer,2012.0,Ethnic,Aurelia Women Blue Printed Kurta,28744.jpg
57823,Women,Apparel,Topwear,Tshirts,White,Fall,2012.0,Casual,United Colors of Benetton Women White T-shirt,57823.jpg
36814,Women,Apparel,Topwear,Kurtas,Maroon,Summer,2012.0,Ethnic,Vishudh Women Maroon Kurta,36814.jpg
19655,Women,Apparel,Topwear,Tshirts,Grey,Summer,2011.0,Casual,United Colors of Benetton Women Printed Grey TShirt,19655.jpg
15098,Women,Apparel,Topwear,Kurtas,Brown,Fall,2011.0,Ethnic,Mother Earth Women Shilpi Fabric Collt Brown Kurtas,15098.jpg
1981,Women,Apparel,Bottomwear,Shorts,Green,Fall,2010.0,Casual,Puma Women's Island Green Shorts,1981.jpg
11438,Women,Apparel,Topwear,Tops,Black,Fall,2011.0,Casual,United Colors of Benetton Women  Winter Black Top,11438.jpg
37932,Women,Apparel,Topwear,Tunics,Pink,Summer,2012.0,Casual,Mineral Women Floral Pink Tunic,37932.jpg
24519,Women,Apparel,Topwear,Kurtas,Black,Fall,2011.0,Ethnic,Mother Earth Women Black Printed Kurta,24519.jpg
13995,Women,Apparel,Topwear,Jackets,Blue,Fall,2011.0,Sports,Nike Women Solid Blue Jackets,13995.jpg
42539,Women,Apparel,Topwear,Kurtas,Purple,Summer,2012.0,Ethnic,Mother Earth Women Purple Kurta,42539.jpg
30925,Women,Apparel,Bottomwear,Skirts,Black,Summer,2012.0,Ethnic,Fabindia Women Printed Black Ghera Skirt,30925.jpg
48467,Women,Apparel,Dress,Dresses,Red,Summer,2012.0,Casual,French Connection Women Red Dress,48467.jpg
25893,Women,Apparel,Topwear,Tops,Brown,Summer,2012.0,Casual,Femella Women Spaghetti Brown Top,25893.jpg
53813,Women,Apparel,Topwear,Tunics,Blue,Fall,2012.0,Casual,Ayaany Women Blue Tunic,53813.jpg
10348,Women,Apparel,Topwear,Tshirts,Yellow,Fall,2011.0,Casual,United Colors of Benetton Women Printed Yellow T-shirt,10348.jpg
45976,Women,Apparel,Topwear,Tops,Grey Melange,Summer,2012.0,Casual,Tokyo Talkies Women Grey Melange Printed Top,45976.jpg
41377,Women,Apparel,Topwear,Tops,Yellow,Summer,2012.0,Casual,Wrangler Women Yellow Maria Top,41377.jpg
11407,Women,Apparel,Topwear,Shirts,Purple,Fall,2011.0,Casual,United Colors of Benetton Women  Winter Purple Shirt,11407.jpg
33757,Women,Apparel,Topwear,Tops,Sea Green,Summer,2012.0,Casual,Vero Moda Women Sea Green Top,33757.jpg
13350,Women,Apparel,Bottomwear,Jeans,Blue,Fall,2011.0,Casual,Spykar Blue Washed Jeans,13350.jpg
34572,Women,Apparel,Dress,Dresses,Black,Summer,2012.0,Casual,Tonga Women Printed Black Dress,34572.jpg
33565,Women,Apparel,Topwear,Tshirts,Yellow,Summer,2012.0,Casual,Wrangler Women Sunset Beach Yellow T-shirt,33565.jpg
7423,Women,Apparel,Topwear,Kurtas,Pink,Summer,2011.0,Ethnic,W Women U Neck Sleeveless Red Kurta,7423.jpg
14723,Women,Apparel,Topwear,Shirts,Maroon,Fall,2011.0,Casual,Scullers For Her Women Casual Shirt Maroon Shirts,14723.jpg
36473,Women,Apparel,Topwear,Kurtas,Pink,Summer,2012.0,Ethnic,Aurelia Women Dobby Pink Kurta,36473.jpg
52136,Women,Apparel,Topwear,Tshirts,Black,Summer,2012.0,Casual,Femella Women Black Polo T-Shirt,52136.jpg
57444,Women,Apparel,Topwear,Tshirts,Yellow,Summer,2012.0,Casual,Angry Birds Women Yellow T-shirt,57444.jpg
5146,Women,Apparel,Topwear,Tshirts,White,Summer,2011.0,Casual,Wrangler Women's Photo Print White T-shirt,5146.jpg
24384,Women,Apparel,Topwear,Kurtas,Black,Fall,2011.0,Ethnic,Folklore Women Black Printed Kurta,24384.jpg
42196,Women,Apparel,Topwear,Tops,Blue,Summer,2012.0,Casual,Sepia Women Blue Top,42196.jpg
22073,Women,Apparel,Topwear,Kurtas,Green,Fall,2011.0,Ethnic,Vishudh Women Printed Green Kurta,22073.jpg
28549,Women,Apparel,Topwear,Tshirts,Blue,Spring,2012.0,Casual,Nike Women Blue Printed T-shirt,28549.jpg
42350,Women,Apparel,Bottomwear,Leggings,Black,Summer,2012.0,Casual,Flying Machine Women Black Leggings,42350.jpg
60000,Women,Apparel,Topwear,Kurtas,Blue,Fall,2012.0,Ethnic,Alma Women Blue Kurta,60000.jpg
40407,Women,Apparel,Topwear,Tops,Black,Summer,2012.0,Casual,Tonga Women Black Top,40407.jpg
45949,Women,Apparel,Topwear,Tops,White,Summer,2012.0,Casual,Tokyo Talkies Women White Top,45949.jpg
24370,Women,Apparel,Topwear,Kurtas,Green,Fall,2011.0,Ethnic,Folklore Women Green Printed Kurta,24370.jpg
32215,Women,Apparel,Topwear,Kurtas,Brown,Summer,2012.0,Ethnic,Fabindia Women Printed Brown Kurta,32215.jpg
11097,Women,Apparel,Topwear,Tops,Black,Fall,2011.0,Casual,Scullers Women Solid Black Tops,11097.jpg
45723,Women,Apparel,Topwear,Kurtas,Yellow,Summer,2012.0,Ethnic,Folklore Women Yellow Kurta,45723.jpg
41383,Women,Apparel,Topwear,Tops,Navy Blue,Summer,2012.0,Casual,Wrangler Women Blossom Navy Blue Top,41383.jpg
27191,Women,Apparel,Topwear,Kurtas,Pink,Fall,2011.0,Ethnic,Mother Earth Women Pink Printed Kurta,27191.jpg
34586,Women,Apparel,Dress,Dresses,Black,Summer,2012.0,Casual,Tonga Women Printed Black Dress,34586.jpg
59972,Women,Apparel,Dress,Dresses,Black,Fall,2012.0,Party,Avirate Black Dress,59972.jpg
25894,Women,Apparel,Topwear,Tops,Olive,Summer,2012.0,Casual,Femella Women Olive Green Spaghetti Top,25894.jpg
53814,Women,Apparel,Apparel Set,Kurta Sets,Blue,Fall,2012.0,Ethnic,Ayaany Women Blue & Grey Patiala Kurta Set,53814.jpg
38717,Women,Apparel,Topwear,Tunics,White,Summer,2012.0,Casual,Global Desi Women White Tunic,38717.jpg
30922,Women,Apparel,Bottomwear,Skirts,Rust,Summer,2012.0,Ethnic,Fabindia Women Printed Rust Skirt,30922.jpg
37935,Women,Apparel,Topwear,Tops,Teal,Summer,2012.0,Casual,Mineral Women Teal Top,37935.jpg
19652,Women,Apparel,Topwear,Tops,White,Fall,2011.0,Casual,United Colors of Benetton Women White Printed Top,19652.jpg
20378,Women,Apparel,Topwear,Sweatshirts,Black,Fall,2011.0,Sports,Urban Yoga Women Printed Black Sweatshirt,20378.jpg
1986,Women,Apparel,Topwear,Tshirts,Blue,Fall,2010.0,Sports,ADIDAS Womens Blue V Neck T-shirt,1986.jpg
57824,Women,Apparel,Bottomwear,Trousers,Green,Fall,2012.0,Casual,United Colors of Benetton Green Trouser,57824.jpg
12088,Women,Apparel,Topwear,Kurtas,Brown,Fall,2011.0,Ethnic,W Women Printed Brown Kurtas,12088.jpg
19004,Women,Apparel,Topwear,Jackets,Red,Summer,2011.0,Casual,ADIDAS Originals Women Firebird Red Jacket,19004.jpg
49774,Women,Apparel,Topwear,Kurtas,Blue,Summer,2012.0,Ethnic,Alma Women Blue Printed Kurta,49774.jpg
8453,Women,Apparel,Topwear,Tops,Black,Fall,2011.0,Casual,Jealous 21 Women Jealous Randa Black Top Black Tops,8453.jpg
28743,Women,Apparel,Topwear,Kurtis,Green,Summer,2012.0,Ethnic,W Women Printed Green Top,28743.jpg
48494,Women,Apparel,Bottomwear,Jeans,Black,Winter,2011.0,Casual,French Connection Women Black Jeans,48494.jpg
28571,Women,Apparel,Topwear,Tshirts,Blue,Summer,2012.0,Casual,Nike Women You Wish Blue T-shirt,28571.jpg
59975,Women,Apparel,Dress,Dresses,Black,Fall,2012.0,Casual,Avirate Black & Purple Dress,59975.jpg
10714,Women,Apparel,Bottomwear,Track Pants,Black,Summer,2011.0,Sports,Nike Women Trainng track pants Black Track Pants,10714.jpg
24521,Women,Apparel,Topwear,Kurtas,Green,Fall,2011.0,Ethnic,Mother Earth Women Green Printed Kurta,24521.jpg
45724,Women,Apparel,Topwear,Kurtas,Maroon,Summer,2012.0,Ethnic,Folklore Women Maroon Kurta,45724.jpg
41384,Women,Apparel,Topwear,Shirts,Pink,Summer,2012.0,Casual,Wrangler Women Pink Shirt,41384.jpg
34581,Women,Apparel,Dress,Dresses,Maroon,Summer,2012.0,Casual,Tonga Women Maroon Dress,34581.jpg
26878,Women,Apparel,Topwear,Tops,Yellow,Summer,2012.0,Casual,Jealous 21 Women Printed Yellow Top,26878.jpg
40632,Women,Apparel,Topwear,Kurtas,Magenta,Summer,2012.0,Ethnic,Span Women Magenta Kurta,40632.jpg
24377,Women,Apparel,Topwear,Kurtas,Green,Fall,2011.0,Ethnic,Folklore Women Green  Kurta,24377.jpg
32212,Women,Apparel,Topwear,Kurtas,White,Summer,2012.0,Ethnic,Fabindia Women White Kurta,32212.jpg
22080,Women,Apparel,Topwear,Kurtas,Black,Fall,2011.0,Ethnic,Vishudh Women Printed Black Kurta,22080.jpg
8498,Women,Apparel,Bottomwear,Skirts,Grey,Fall,2011.0,Casual,Forever New Women Coral Check Grey Skirts,8498.jpg
3070,Women,Apparel,Topwear,Tshirts,Green,Summer,2011.0,Casual,Tantra Women's Shlokas Green T-shirt,3070.jpg
10370,Women,Apparel,Topwear,Tshirts,White,Fall,2011.0,Casual,United Colors of Benetton Women White T-shirt,10370.jpg
40400,Women,Apparel,Topwear,Tops,Red,Summer,2012.0,Casual,Tonga Women Red & White Top,40400.jpg
5141,Women,Apparel,Topwear,Tshirts,Orange,Summer,2011.0,Casual,Wrangler Women Orange T-shirt,5141.jpg
24383,Women,Apparel,Topwear,Kurtas,Turquoise Blue,Fall,2011.0,Ethnic,Folklore Women Turquoise Blue Printed Kurta,24383.jpg
51586,Women,Apparel,Bottomwear,Jeans,Blue,Summer,2012.0,Casual,Wrangler Women Blue Giselle Jeans,51586.jpg
22074,Women,Apparel,Topwear,Kurtas,Black,Fall,2011.0,Ethnic,Vishudh Women Printed Black Kurta,22074.jpg
7424,Women,Apparel,Topwear,Kurtas,Green,Summer,2011.0,Ethnic,W Women U Neck Short Sleeve Lavender Green Kurta,7424.jpg
36474,Women,Apparel,Topwear,Kurtas,Red,Summer,2012.0,Ethnic,Aurelia Women Dobby Red Kurta,36474.jpg
57443,Women,Apparel,Topwear,Tshirts,Blue,Summer,2015.0,Casual,Angry Birds Women Blue T-shirt,57443.jpg
43615,Women,Apparel,Topwear,Tunics,White,Summer,2012.0,Casual,Vero Moda Women White Tunic,43615.jpg
27350,Women,Apparel,Topwear,Tshirts,Purple,Fall,2011.0,Casual,Tantra Women Hippy Purple T-shirt,27350.jpg
13959,Women,Apparel,Topwear,Tops,Grey,Fall,2011.0,Casual,Jealous 21 Women Stripes Grey Tops,13959.jpg
52555,Women,Apparel,Bottomwear,Jeans,Blue,Summer,2012.0,Casual,Pepe Jeans Women Blue Jeans,52555.jpg
59981,Women,Apparel,Dress,Dresses,Black,Fall,2012.0,Party,Avirate  Black & Purple Women Dress,59981.jpg
33562,Women,Apparel,Topwear,Tshirts,Pink,Summer,2012.0,Casual,Wrangler Women Big Rodeo Pink T-shirt,33562.jpg
33750,Women,Apparel,Topwear,Tunics,Red,Summer,2012.0,Casual,Vero Moda Women Red Tunic,33750.jpg
57215,Women,Apparel,Bottomwear,Shorts,Beige,Fall,2012.0,Casual,Kraus Jeans Women Beige Shorts,57215.jpg
34575,Women,Apparel,Topwear,Tops,Cream,Summer,2012.0,Casual,Tonga Women Cream-Coloured Top,34575.jpg
30949,Women,Apparel,Topwear,Tops,Purple,Summer,2012.0,Ethnic,Fabindia Women Purple Cambric Top,30949.jpg
47027,Women,Apparel,Topwear,Kurtas,Purple,Fall,2012.0,Ethnic,Shree Women Blue Printed Kurta,47027.jpg
6300,Women,Apparel,Topwear,Tshirts,Green,Summer,2011.0,Casual,UCB Women's Epaulettes Sleeve Green T-shirt,6300.jpg
42555,Women,Apparel,Topwear,Kurtas,Purple,Summer,2012.0,Ethnic,Mother Earth Women Purple Kurta,42555.jpg
32410,Women,Apparel,Bottomwear,Leggings,Blue,Summer,2012.0,Sports,ADIDAS Women Blue Leggings,32410.jpg
59921,Women,Apparel,Topwear,Kurtas,Multi,Summer,2012.0,Ethnic,Diva Women Multi Coloured Kurta,59921.jpg
57087,Women,Apparel,Bottomwear,Skirts,Yellow,Summer,2012.0,Casual,Elle Women Yellow Skirt,57087.jpg
53427,Women,Apparel,Topwear,Kurtas,White,Fall,2012.0,Ethnic,Alma Women White Printed Kurta,53427.jpg
31295,Women,Apparel,Topwear,Tshirts,White,Summer,2012.0,Casual,Puma Women Jane White T-shirt,31295.jpg
10324,Women,Apparel,Topwear,Tops,Black,Fall,2011.0,Casual,Puma Women Heather USP Black Tshirts,10324.jpg
7484,Women,Apparel,Topwear,Tshirts,Pink,Summer,2011.0,Sports,Nike Women's As Cruise Pink T-shirt,7484.jpg
23334,Women,Apparel,Topwear,Tunics,Maroon,Fall,2011.0,Ethnic,W Women Maroon Printed Tunic,23334.jpg
54054,Women,Apparel,Bottomwear,Leggings,Green,Summer,2012.0,Casual,Myntra Women Green Leggings,54054.jpg
40666,Women,Apparel,Topwear,Tops,Navy Blue,Summer,2012.0,Casual,Lee Women Rosa Navy Blue Top,40666.jpg
25037,Women,Apparel,Bottomwear,Leggings,Purple,Fall,2011.0,Casual,Nike Women Long Purple Leggings,25037.jpg
39468,Women,Apparel,Topwear,Kurtis,Pink,Summer,2012.0,Ethnic,Diva Women Pink Kurti,39468.jpg
28728,Women,Apparel,Topwear,Kurtas,White,Summer,2012.0,Ethnic,W Women Printed White Kurta,28728.jpg
8438,Women,Apparel,Topwear,Tops,Yellow,Fall,2011.0,Casual,Jealous 21 Women Jealous Mabon Yellow Top Yellow Tops,8438.jpg
31605,Women,Apparel,Bottomwear,Skirts,Black,Summer,2012.0,Sports,Nike Women Running Black Skirt with Capris,31605.jpg
22020,Women,Apparel,Topwear,Kurtas,Green,Fall,2011.0,Ethnic,Vishudh Women Printed Green Kurta,22020.jpg
11030,Women,Apparel,Topwear,Shirts,Blue,Fall,2011.0,Casual,Jealous 21 Women Check Blue Shirt,11030.jpg
5115,Women,Apparel,Topwear,Tops,Grey,Summer,2011.0,Casual,Wrangler Women Blouson Tank Dark Grey Top,5115.jpg
14542,Women,Apparel,Topwear,Kurtas,Pink,Fall,2011.0,Ethnic,Vishudh Women Embroidary Pink Kurtas,14542.jpg
28942,Women,Apparel,Topwear,Kurtas,Yellow,Summer,2012.0,Ethnic,BIBA Women Yellow Kurta,28942.jpg
19639,Women,Apparel,Topwear,Sweatshirts,Olive,Fall,2011.0,Casual,United Colors of Benetton Women Solid Olive Sweatshirt,19639.jpg
3686,Women,Apparel,Topwear,Tshirts,Black,Summer,2011.0,Casual,Inkfruit Women's Born Free Black T-shirt,3686.jpg
44656,Women,Apparel,Topwear,Shirts,Blue,Winter,2012.0,Casual,Lee Women Blue Shirt,44656.jpg
14126,Women,Apparel,Bottomwear,Jeans,Blue,Fall,2011.0,Casual,Flying Machine Women Washed Blue Jeans,14126.jpg
57073,Women,Apparel,Bottomwear,Jeans,Blue,Summer,2012.0,Casual,Elle Women Blue Jeans,57073.jpg
20121,Women,Apparel,Topwear,Tops,Blue,Fall,2011.0,Casual,Wrangler Women Lace Blue Top,20121.jpg
43641,Women,Apparel,Topwear,Tops,Black,Summer,2012.0,Casual,Vero Moda Women Black Top,43641.jpg
40659,Women,Apparel,Topwear,Kurtas,Multi,Summer,2012.0,Ethnic,Span Women Multi Coloured Kurta,40659.jpg
32279,Women,Apparel,Topwear,Kurtas,Purple,Summer,2012.0,Ethnic,Fabindia Women Printed Purple Kurta,32279.jpg
33199,Women,Apparel,Dress,Dresses,Red,Summer,2012.0,Casual,Sepia Women Printed Red Dress,33199.jpg
53840,Women,Apparel,Topwear,Kurtas,Purple,Summer,2012.0,Ethnic,Vishudh Women Purple Kurta,53840.jpg
58494,Women,Apparel,Dress,Dresses,Purple,Fall,2012.0,Casual,Tonga Women Purple Dress,58494.jpg
9145,Women,Apparel,Bottomwear,Jeans,Blue,Summer,2013.0,Casual,Lee Women Rinsed Blue Roxy Fit Jeans,9145.jpg
53418,Women,Apparel,Topwear,Kurtas,Green,Fall,2012.0,Ethnic,Alma Women Green Printed Kurta,53418.jpg
5788,Women,Apparel,Bottomwear,Shorts,White,Summer,2011.0,Casual,Jealous 21 Women's Checkered Pink White Short,5788.jpg
47018,Women,Apparel,Topwear,Kurtas,Mustard,Summer,2012.0,Ethnic,Shree Women Mustard & Black Kurta,47018.jpg
28989,Women,Apparel,Apparel Set,Kurta Sets,Blue,Summer,2012.0,Ethnic,Biba Outlet Women Blue & Green Printed Churidar Kurta with Dupatta,28989.jpg
11659,Women,Apparel,Topwear,Tshirts,White,Fall,2011.0,Casual,Lee Women Printed White Tshirts,11659.jpg
58004,Women,Apparel,Topwear,Tops,Pink,Fall,2012.0,Casual,Latin Quarters Women Pink & Black Top,58004.jpg
44669,Women,Apparel,Topwear,Shirts,White,Summer,2012.0,Casual,Wills Lifestyle Women White Shirt,44669.jpg
14119,Women,Apparel,Topwear,Tshirts,Grey,Fall,2011.0,Casual,Flying Machine Women Printed Grey Tshirts,14119.jpg
27935,Women,Apparel,Bottomwear,Jeans,Lavender,Summer,2012.0,Casual,Jealous 21 Women Lavender Magic Colour Jeans,27935.jpg
27109,Women,Apparel,Topwear,Kurtas,Orange,Summer,2012.0,Ethnic,Aneri Women Chanchal Orange Kurta,27109.jpg
19606,Women,Apparel,Topwear,Tops,Green,Summer,2011.0,Casual,United Colors of Benetton Women Solid Green Top,19606.jpg
58652,Women,Apparel,Topwear,Kurtas,Black,Summer,2012.0,Ethnic,ALayna Women Black Kurta,58652.jpg
28717,Women,Apparel,Topwear,Kurtas,Purple,Summer,2012.0,Ethnic,W Women Printed Purple Kurta,28717.jpg
16824,Women,Apparel,Topwear,Tshirts,Purple,Fall,2011.0,Casual,Little Miss Women Printed Purple T-shirt,16824.jpg
38585,Women,Apparel,Topwear,Tshirts,Black,Summer,2012.0,Casual,Nike Women Black T-shirt,38585.jpg
44803,Women,Apparel,Topwear,Tops,Grey,Summer,2012.0,Casual,Spykar Women Grey T-shirt,44803.jpg
57428,Women,Apparel,Topwear,Tshirts,Green,Summer,2015.0,Casual,Angry Birds Women Green T-shirt,57428.jpg
39457,Women,Apparel,Topwear,Kurtas,White,Summer,2012.0,Ethnic,Diva Women Printed White Kurta,39457.jpg
25834,Women,Apparel,Topwear,Kurtas,White,Summer,2012.0,Ethnic,Diva Women Printed White Kurta,25834.jpg
57074,Women,Apparel,Bottomwear,Jeans,Black,Summer,2012.0,Casual,Elle Women Black Jeans,57074.jpg
20126,Women,Apparel,Topwear,Tops,Blue,Fall,2011.0,Casual,Wrangler Women Shadow Blue Top,20126.jpg
29299,Women,Apparel,Topwear,Tshirts,Blue,Summer,2012.0,Casual,Wrangler Women Water Flower Blue T-shirt,29299.jpg
43646,Women,Apparel,Dress,Dresses,Blue,Summer,2012.0,Casual,ONLY Women Blue Dress,43646.jpg
22027,Women,Apparel,Topwear,Kurtas,White,Fall,2011.0,Ethnic,Vishudh Women Floral Print Orange Kurta,22027.jpg
16212,Women,Apparel,Topwear,Tshirts,Black,Fall,2011.0,Casual,Puma Women Move Graphic Black TShirt,16212.jpg
11037,Women,Apparel,Topwear,Tops,Pink,Fall,2011.0,Casual,Jealous 21 Women Solid Pink Tops,11037.jpg
14545,Women,Apparel,Topwear,Kurtas,Blue,Fall,2011.0,Ethnic,Vishudh Women Circle Print Blue Kurtas,14545.jpg
5112,Women,Apparel,Topwear,Tshirts,Grey,Summer,2011.0,Casual,Wrangler Women Check Multi Color Shirt,5112.jpg
33969,Women,Apparel,Dress,Dresses,Black,Spring,2012.0,Party,Femella Women Black Dress,33969.jpg
52162,Women,Apparel,Dress,Dresses,Black,Summer,2012.0,Casual,Femella Women Black Striped Tank Dress,52162.jpg
22215,Women,Apparel,Topwear,Tshirts,Blue,Fall,2011.0,Casual,Little Miss Women Funny Blue T-shirt,22215.jpg
2939,Women,Apparel,Topwear,Tshirts,Blue,Fall,2010.0,Casual,DUSG Women's Play Lady Organic Blue T-shirt,2939.jpg
19068,Women,Apparel,Topwear,Kurtas,Navy Blue,Fall,2011.0,Ethnic,W Women Solid Navy Blue Kurta,19068.jpg
3211,Women,Apparel,Topwear,Tshirts,Yellow,Summer,2011.0,Casual,Tantra Women's Ornament Yellow T-shirt,3211.jpg
54053,Women,Apparel,Bottomwear,Leggings,White,Summer,2012.0,Casual,Myntra Women White Leggings,54053.jpg
40661,Women,Apparel,Topwear,Kurtas,Multi,Summer,2012.0,Ethnic,Span Women Multi Coloured Kurta,40661.jpg
7483,Women,Apparel,Topwear,Tshirts,Black,Summer,2011.0,Sports,Nike Women's Spher Black T-shirt,7483.jpg
23333,Women,Apparel,Topwear,Kurtis,Maroon,Fall,2011.0,Ethnic,W Women Wine Printed Kurti,23333.jpg
47676,Women,Apparel,Dress,Dresses,Black,Summer,2012.0,Casual,Femella Women Black Animal Print Dress,47676.jpg
59926,Women,Apparel,Topwear,Kurtas,White,Summer,2012.0,Ethnic,Diva Women White Kurta,59926.jpg
57080,Women,Apparel,Topwear,Shirts,Blue,Summer,2012.0,Casual,Elle Women Blue Shirt,57080.jpg
37165,Women,Apparel,Topwear,Tops,Peach,Summer,2012.0,Casual,United Colors of Benetton Women Peach Top,37165.jpg
53420,Women,Apparel,Topwear,Kurtas,Blue,Fall,2012.0,Ethnic,Alma Women Blue Printed Kurta,53420.jpg
6135,Women,Apparel,Topwear,Tshirts,Black,Summer,2011.0,Casual,ADIDAS Women Beat Black T-shirt,6135.jpg
6909,Women,Apparel,Topwear,Tshirts,Grey,Summer,2011.0,Casual,Tantra Women's Page 03 Grey T-shirt,6909.jpg
31292,Women,Apparel,Topwear,Tops,Black,Summer,2012.0,Casual,Puma Women Script Black Top,31292.jpg
6307,Women,Apparel,Topwear,Tops,Green,Summer,2011.0,Casual,UCB Women Basic Racerback Green Top,6307.jpg
47020,Women,Apparel,Topwear,Kurtas,Black,Summer,2012.0,Ethnic,Shree Women Black Embroidered  Kurta,47020.jpg
18718,Women,Apparel,Topwear,Tops,Purple,Fall,2011.0,Casual,Arrow Woman Victoria Purple Top,18718.jpg
42552,Women,Apparel,Topwear,Kurtas,Beige,Summer,2012.0,Ethnic,Mother Earth Women Beige & Black Kurta,42552.jpg
25692,Women,Apparel,Topwear,Kurtis,Orange,Summer,2012.0,Ethnic,Mumbai Slang Women Printed Orange Kurti,25692.jpg
10575,Women,Apparel,Topwear,Tshirts,Pink,Fall,2011.0,Casual,Puma Women Ess Pink Polo Tshirts,10575.jpg
45777,Women,Apparel,Dress,Dresses,Red,Summer,2012.0,Casual,Remanika Women Red Dress,45777.jpg
28710,Women,Apparel,Topwear,Kurtas,Multi,Summer,2012.0,Ethnic,W Women Printed Multi Coloured Kurta,28710.jpg
19057,Women,Apparel,Topwear,Kurtas,Green,Fall,2011.0,Ethnic,Aurelia Women Solid Green Kurta,19057.jpg
16823,Women,Apparel,Topwear,Tshirts,Blue,Fall,2011.0,Casual,Little Miss Women Printed Blue T-shirt,16823.jpg
44804,Women,Apparel,Topwear,Tops,Black,Summer,2012.0,Casual,Spykar Women Black Top,44804.jpg
39450,Women,Apparel,Topwear,Kurtas,Orange,Summer,2012.0,Ethnic,Diva Women Orange Kurta,39450.jpg
25833,Women,Apparel,Topwear,Kurtas,Pink,Summer,2012.0,Ethnic,Diva Women Printed Pink Kurta,25833.jpg
11008,Women,Apparel,Topwear,Tshirts,Cream,Fall,2011.0,Casual,Inkfruit Women Behind Cream Tshirts,11008.jpg
41778,Women,Apparel,Topwear,Tops,Blue,Summer,2012.0,Casual,Remanika Women Blue Top,41778.jpg
58655,Women,Apparel,Topwear,Kurtas,Pink,Summer,2012.0,Ethnic,ALayna Women Pink Kurta,58655.jpg
22018,Women,Apparel,Topwear,Kurtas,Red,Fall,2011.0,Ethnic,Vishudh Women Printed Rust Red Kurta,22018.jpg
27932,Women,Apparel,Topwear,Shirts,Blue,Summer,2012.0,Casual,Jealous 21 Women Blue Shirt,27932.jpg
19601,Women,Apparel,Topwear,Tops,Peach,Fall,2011.0,Casual,United Colors of Benetton Women Printed Peach Top,19601.jpg
13935,Women,Apparel,Topwear,Tshirts,Pink,Summer,2011.0,Casual,United Colors of Benetton Women Pink Polo Tshirts,13935.jpg
52539,Women,Apparel,Bottomwear,Jeans,Blue,Summer,2012.0,Casual,Pepe Jeans Women Blue Jeans,52539.jpg
58003,Women,Apparel,Dress,Dresses,Blue,Fall,2012.0,Casual,Latin Quarters Women Blue Dress,58003.jpg
20119,Women,Apparel,Topwear,Tops,Blue,Fall,2011.0,Casual,Wrangler Women Lace Blue Top,20119.jpg
45748,Women,Apparel,Topwear,Kurtas,Lavender,Summer,2012.0,Casual,Folklore Women Purple Kurta,45748.jpg
9142,Women,Apparel,Bottomwear,Jeans,Black,Summer,2013.0,Casual,Lee Women Black Eva Fit Jeans,9142.jpg
59919,Women,Apparel,Topwear,Kurtas,Multi,Summer,2012.0,Ethnic,Diva Women Multi Colour Kurta,59919.jpg
35269,Women,Apparel,Topwear,Tshirts,Green,Summer,2012.0,Casual,Lee Women Flower Mint Green Printed T-shirt,35269.jpg
58493,Women,Apparel,Dress,Dresses,Grey,Fall,2012.0,Casual,Tonga Women Grey Dress,58493.jpg
41771,Women,Apparel,Topwear,Tops,Green,Summer,2012.0,Casual,Remanika Women Striped Green Top,41771.jpg
5124,Women,Apparel,Topwear,Tshirts,Green,Summer,2011.0,Casual,Wrangler Women Short Placket Green Top,5124.jpg
28719,Women,Apparel,Topwear,Kurtas,White,Summer,2012.0,Ethnic,W Women Printed White Kurta,28719.jpg
6593,Women,Apparel,Topwear,Tops,White,Summer,2011.0,Casual,Spykar Women's Sleeveles White Top,6593.jpg
22223,Women,Apparel,Topwear,Tshirts,Yellow,Fall,2011.0,Casual,Little Miss Women Flower Yellow Tshirt,22223.jpg
39459,Women,Apparel,Topwear,Kurtas,White,Summer,2012.0,Ethnic,Diva Women White Kurta,39459.jpg
11233,Women,Apparel,Bottomwear,Jeans,Black,Fall,2011.0,Casual,Flying Machine Women Low Rise Black Jeans,11233.jpg
57426,Women,Apparel,Topwear,Tshirts,Yellow,Summer,2015.0,Casual,Angry Birds Women Yellow T-shirt,57426.jpg
33163,Women,Apparel,Topwear,Tops,Yellow,Summer,2012.0,Casual,Sepia Women Yellow Top,33163.jpg
52154,Women,Apparel,Topwear,Tops,Cream,Summer,2012.0,Casual,Femella Women Cream Top,52154.jpg
2557,Women,Apparel,Topwear,Tshirts,Black,Summer,2011.0,Casual,Domyos Women's Actizen Black T-shirt,2557.jpg
43670,Women,Apparel,Topwear,Tops,Multi,Summer,2012.0,Casual,ONLY Women Multi Coloured Top,43670.jpg
57042,Women,Apparel,Dress,Dresses,Black,Summer,2012.0,Casual,Elle Black Dress,57042.jpg
11657,Women,Apparel,Topwear,Tshirts,Grey,Fall,2011.0,Casual,Lee Women Printed Grey Tshirts,11657.jpg
5772,Women,Apparel,Topwear,Tops,Purple,Summer,2011.0,Casual,Jealous 21 Women's Purple Graphic Top,5772.jpg
20110,Women,Apparel,Topwear,Kurtas,Brown,Fall,2011.0,Ethnic,Diva Women Printed Brown Kurta,20110.jpg
14325,Women,Apparel,Topwear,Tshirts,Pink,Fall,2011.0,Casual,ADIDAS Women Printed Pink T-shirt,14325.jpg
41315,Women,Apparel,Bottomwear,Leggings,Navy Blue,Summer,2012.0,Ethnic,Aurelia Women Navy Blue Leggings,41315.jpg
14117,Women,Apparel,Bottomwear,Jeans,Blue,Fall,2011.0,Casual,Flying Machine Women Washed Blue Jeans,14117.jpg
44667,Women,Apparel,Bottomwear,Trousers,Black,Summer,2012.0,Casual,Wills Lifestyle Women Black Trousers,44667.jpg
19608,Women,Apparel,Topwear,Tops,Olive,Summer,2011.0,Casual,United Colors of Benetton Women Solid Olive Top,19608.jpg
27107,Women,Apparel,Topwear,Kurtas,Black,Summer,2012.0,Ethnic,Aneri Women Khajana Black Kurta,27107.jpg
28973,Women,Apparel,Apparel Set,Kurta Sets,Yellow,Summer,2012.0,Ethnic,Biba Women Yellow & White Printed Churidar Kurta with Dupatta,28973.jpg
24544,Women,Apparel,Topwear,Tops,Red,Fall,2011.0,Ethnic,Mother Earth Women Red Printed Top,24544.jpg
59910,Women,Apparel,Topwear,Kurtas,White,Summer,2012.0,Ethnic,Diva Women White Kurta,59910.jpg
53416,Women,Apparel,Topwear,Kurtas,Navy Blue,Fall,2012.0,Ethnic,Alma Women Navy Blue Printed Kurta,53416.jpg
44693,Women,Apparel,Topwear,Tops,White,Summer,2012.0,Casual,Wills Lifestyle Women White & Blue Top,44693.jpg
47016,Women,Apparel,Topwear,Kurtas,Beige,Summer,2012.0,Ethnic,Shree Women Beige Printed Kurta,47016.jpg
42564,Women,Apparel,Topwear,Tops,Pink,Summer,2012.0,Casual,Mother Earth Women Pink Top,42564.jpg
30144,Women,Apparel,Topwear,Tshirts,Black,Summer,2012.0,Casual,Flying Machine Women Printed Black T-shirt,30144.jpg
28987,Women,Apparel,Apparel Set,Kurta Sets,White,Summer,2012.0,Ethnic,Biba Outlet Women White Printed Churidar Kurta with Dupatta,28987.jpg
41785,Women,Apparel,Topwear,Tops,Purple,Summer,2012.0,Casual,Remanika Women Purple Top,41785.jpg
40657,Women,Apparel,Topwear,Kurtas,Green,Summer,2012.0,Ethnic,Span Women Green Kurta,40657.jpg
1570,Women,Apparel,Topwear,Tshirts,Black,Fall,2010.0,Sports,Artengo Women Tennis Singlet,1570.jpg
35052,Women,Apparel,Topwear,Kurtis,Beige,Summer,2012.0,Ethnic,Fabindia Women Printed Beige Kurtis,35052.jpg
23305,Women,Apparel,Topwear,Kurtas,Green,Fall,2011.0,Ethnic,W Women Green Printed Kurta,23305.jpg
35260,Women,Apparel,Topwear,Tops,Blue,Summer,2012.0,Casual,Lee Women Jennifer Blue Top,35260.jpg
33197,Women,Apparel,Topwear,Tunics,Cream,Summer,2012.0,Casual,Sepia Women Cream Tunic,33197.jpg
27904,Women,Apparel,Bottomwear,Trousers,Grey,Summer,2012.0,Formal,Scullers For Her Grey Trousers,27904.jpg
19637,Women,Apparel,Topwear,Tops,Grey,Summer,2011.0,Casual,United Colors of Benetton Women Solid Grey Top,19637.jpg
48095,Women,Apparel,Topwear,Tops,White,Summer,2012.0,Casual,French Connection Women White Top,48095.jpg
39230,Women,Apparel,Topwear,Tops,Green,Summer,2012.0,Casual,Femella Women Green Top,39230.jpg
14128,Women,Apparel,Bottomwear,Jeans,Blue,Fall,2011.0,Casual,Flying Machine Women Washed Blue Jeans,14128.jpg
33538,Women,Apparel,Bottomwear,Jeans,Black,Summer,2012.0,Casual,Wrangler Women Black Giselle Jeans,33538.jpg
11668,Women,Apparel,Topwear,Tshirts,Black,Fall,2011.0,Casual,Lee Women Printed Black Tshirts,11668.jpg
37198,Women,Apparel,Dress,Dresses,Red,Summer,2012.0,Casual,United Colors of Benetton Women Check Red Dress,37198.jpg
39466,Women,Apparel,Topwear,Kurtas,Pink,Summer,2012.0,Ethnic,Diva Women Pink Kurta,39466.jpg
33960,Women,Apparel,Bottomwear,Leggings,Pink,Summer,2012.0,Casual,Femella Women Pink Leggings,33960.jpg
28726,Women,Apparel,Topwear,Kurtas,Beige,Summer,2012.0,Ethnic,W Women Printed Beige Kurta,28726.jpg
19061,Women,Apparel,Topwear,Kurtis,Red,Fall,2011.0,Ethnic,Aurelia Women Printed Red Kurti,19061.jpg
8436,Women,Apparel,Topwear,Tops,Pink,Fall,2011.0,Casual,Jealous 21 Women Jealous Gaius Pink Top Pink Tops,8436.jpg
11802,Women,Apparel,Topwear,Kurtas,White,Fall,2011.0,Ethnic,Vishudh Women Cambric White Kurtas,11802.jpg
58663,Women,Apparel,Topwear,Kurtas,Red,Summer,2012.0,Ethnic,ALayna Women Red Kurta,58663.jpg
24923,Women,Apparel,Topwear,Tops,Pink,Summer,2012.0,Casual,United Colors of Benetton Women Pink Top,24923.jpg
33994,Women,Apparel,Topwear,Shirts,White,Summer,2012.0,Casual,Femella Women Off-White Shirt,33994.jpg
19095,Women,Apparel,Topwear,Kurtas,Orange,Fall,2011.0,Ethnic,Mother Earth Women Printed Orange Kurta,19095.jpg
40668,Women,Apparel,Topwear,Shirts,Grey,Summer,2012.0,Casual,Lee Women Grey Glorious Shirt,40668.jpg
29056,Women,Apparel,Bottomwear,Track Pants,Grey,Summer,2012.0,Sports,ADIDAS Women Grey Track Pants,29056.jpg
47029,Women,Apparel,Topwear,Kurtas,Maroon,Fall,2012.0,Ethnic,Shree Women Maroon Printed Kurta,47029.jpg
30947,Women,Apparel,Topwear,Tops,Green,Summer,2012.0,Ethnic,Fabindia Women Green Cambric  Top,30947.jpg
18711,Women,Apparel,Bottomwear,Skirts,Brown,Fall,2011.0,Casual,Arrow Woman Printed Brown Skirt,18711.jpg
15832,Women,Apparel,Topwear,Kurtas,Pink,Fall,2011.0,Ethnic,Visudh Pink Printed Ethnic Kurta,15832.jpg
57089,Women,Apparel,Bottomwear,Skirts,Navy Blue,Summer,2012.0,Casual,Elle Women Blue Skirt,57089.jpg
53429,Women,Apparel,Topwear,Kurtas,Red,Fall,2012.0,Ethnic,Alma Women Red Printed Kurta,53429.jpg
23302,Women,Apparel,Bottomwear,Leggings,Brown,Fall,2011.0,Ethnic,W Women Brown Leggings,23302.jpg
35267,Women,Apparel,Topwear,Tops,Black,Summer,2012.0,Casual,Lee Women Pepper Black Top,35267.jpg
33190,Women,Apparel,Topwear,Tunics,Grey,Summer,2012.0,Casual,Sepia Women Printed Grey Tunic,33190.jpg
53849,Women,Apparel,Topwear,Kurtas,Black,Summer,2012.0,Ethnic,Vishudh Women Black Printed Kurta,53849.jpg
24127,Women,Apparel,Topwear,Tshirts,Yellow,Fall,2011.0,Casual,ADIDAS Women Printed Yellow T-shirt,24127.jpg
21455,Women,Apparel,Topwear,Tshirts,Grey,Winter,2012.0,Casual,Roxy Women Grey T-shirt,21455.jpg
41782,Women,Apparel,Topwear,Tunics,Black,Summer,2012.0,Casual,Remanika Women Black Tunic,41782.jpg
32270,Women,Apparel,Topwear,Kurtas,Grey,Summer,2012.0,Ethnic,Vishudh Women Printed Grey Kurta,32270.jpg
40650,Women,Apparel,Topwear,Kurtas,Maroon,Summer,2012.0,Ethnic,Span Women Maroon & Black Kurta,40650.jpg
44694,Women,Apparel,Dress,Dresses,White,Summer,2012.0,Casual,Wills Lifestyle Women Multi Coloured Dress,44694.jpg
47011,Women,Apparel,Topwear,Kurtas,Rust,Fall,2012.0,Ethnic,Shree Women Rust Printed Kurta,47011.jpg
42563,Women,Apparel,Topwear,Kurtis,Brown,Summer,2012.0,Ethnic,Mother Earth Women Brown Kurti,42563.jpg
28980,Women,Apparel,Apparel Set,Kurta Sets,Yellow,Summer,2012.0,Ethnic,Biba Women Yellow & Green Printed Churidar Kurta with Dupatta,28980.jpg
30143,Women,Apparel,Topwear,Tshirts,Blue,Summer,2012.0,Casual,Flying Machine Women Printed Blue T-shirt,30143.jpg
6104,Women,Apparel,Topwear,Tshirts,Navy Blue,Summer,2011.0,Casual,UCB Women's Basic Round Neck Navy Blue T-shirt,6104.jpg
24543,Women,Apparel,Topwear,Tops,Beige,Fall,2011.0,Ethnic,Mother Earth Women Beige Printed Top,24543.jpg
59917,Women,Apparel,Topwear,Kurtas,Pink,Summer,2012.0,Ethnic,Diva Women Pink Kurta,59917.jpg
53411,Women,Apparel,Topwear,Kurtas,Green,Fall,2012.0,Ethnic,Alma Women Green Kurta,53411.jpg
20325,Women,Apparel,Topwear,Kurtas,Red,Summer,2011.0,Ethnic,Mother Earth Women Printed Red Kurta,20325.jpg
36240,Women,Apparel,Topwear,Tops,Tan,Summer,2012.0,Ethnic,W Women Tan Kurti,36240.jpg
7210,Women,Apparel,Topwear,Tshirts,White,Fall,2011.0,Casual,Jealous 21 Women White T-shirt,7210.jpg
28974,Women,Apparel,Apparel Set,Kurta Sets,Blue,Summer,2012.0,Ethnic,Biba Women Blue & Green Printed Churidar Kurta with Dupatta,28974.jpg
27100,Women,Apparel,Topwear,Kurtas,Blue,Summer,2012.0,Ethnic,Aneri Women Tamanna Blue Kurta,27100.jpg
43677,Women,Apparel,Dress,Dresses,Navy Blue,Summer,2012.0,Casual,French Connection Navy Blue Dress,43677.jpg
57045,Women,Apparel,Dress,Dresses,Black,Summer,2012.0,Casual,Elle Women Black Dress,57045.jpg
20117,Women,Apparel,Topwear,Kurtas,Pink,Fall,2011.0,Ethnic,Diva Women Printed Pink Kurta,20117.jpg
5775,Women,Apparel,Topwear,Tops,White,Summer,2011.0,Casual,Jealous 21 Women White Paris Top,5775.jpg
6594,Women,Apparel,Topwear,Tops,White,Summer,2011.0,Casual,Spykar Women Day Beach White Top,6594.jpg
22224,Women,Apparel,Topwear,Tshirts,Green,Fall,2011.0,Casual,Little Miss Women Flower Green T-shirt,22224.jpg
19059,Women,Apparel,Topwear,Kurtas,Black,Fall,2011.0,Ethnic,Aurelia Women Solid Black Kurta,19059.jpg
11234,Women,Apparel,Bottomwear,Jeans,Black,Fall,2011.0,Casual,Flying Machine Women Lowrise Black Jeans,11234.jpg
40496,Women,Apparel,Topwear,Tops,Olive,Fall,2012.0,Casual,Femella Women Olive Spaghetti Top,40496.jpg
57421,Women,Apparel,Topwear,Tshirts,Blue,Summer,2015.0,Casual,Angry Birds Women Blue T-shirt,57421.jpg
52153,Women,Apparel,Topwear,Tops,Sea Green,Summer,2012.0,Casual,Femella Women Green Top,52153.jpg
33958,Women,Apparel,Bottomwear,Leggings,Blue,Summer,2012.0,Casual,Femella Women Blue Leggings,33958.jpg
41776,Women,Apparel,Topwear,Tops,Green,Summer,2012.0,Casual,Remanika Women Green Top,41776.jpg
5123,Women,Apparel,Topwear,Tshirts,Green,Summer,2011.0,Casual,Wrangler Women's Photo Print Olive T-shirt,5123.jpg
22016,Women,Apparel,Topwear,Kurtas,Black,Fall,2011.0,Ethnic,BIBA Women Sequin Black Kurta,22016.jpg
59928,Women,Apparel,Topwear,Kurtas,White,Summer,2012.0,Ethnic,Diva Women White Kurta,59928.jpg
6907,Women,Apparel,Topwear,Tshirts,Cream,Summer,2011.0,Casual,Tantra Women's Re-incarnation Cream T-shirt,6907.jpg
18524,Women,Apparel,Topwear,Jackets,Black,Fall,2011.0,Casual,C Vox Women Solid 1351 Black Jacket,18524.jpg
30940,Women,Apparel,Topwear,Kurtis,Off White,Summer,2012.0,Ethnic,Fabindia Women Printed Off White Kurti,30940.jpg
18716,Women,Apparel,Topwear,Tops,Black,Fall,2011.0,Casual,Arrow Woman Shanna Black Top,18716.jpg
15835,Women,Apparel,Topwear,Kurtas,Blue,Fall,2011.0,Ethnic,Visudh Blue Printed Ethnic Kurta,15835.jpg
45779,Women,Apparel,Topwear,Tops,Black,Summer,2012.0,Casual,Remanika Women Black Top,45779.jpg
58690,Women,Apparel,Topwear,Kurtas,Green,Summer,2012.0,Ethnic,ALayna Women Green Kurta,58690.jpg
33993,Women,Apparel,Topwear,Shirts,Black,Summer,2012.0,Casual,Femella Women Black Shirt,33993.jpg
24924,Women,Apparel,Topwear,Tops,Blue,Summer,2012.0,Casual,United Colors of Benetton Women Blue Top,24924.jpg
47678,Women,Apparel,Topwear,Tops,Black,Summer,2012.0,Casual,Femella Women Black Leopard Print Top,47678.jpg
35258,Women,Apparel,Topwear,Shirts,Pink,Summer,2012.0,Casual,Lee Women Jane Pink Striped Shirt,35258.jpg
19092,Women,Apparel,Topwear,Kurtas,Pink,Fall,2011.0,Ethnic,W Women Gathered Design Pink Kurta,19092.jpg
22029,Women,Apparel,Topwear,Kurtas,Green,Fall,2011.0,Ethnic,Vishudh Women Printed Green Kurta,22029.jpg
11039,Women,Apparel,Topwear,Shirts,Red,Fall,2011.0,Casual,Jealous 21 Women Check Red Shirt,11039.jpg
11805,Women,Apparel,Topwear,Kurtas,Green,Fall,2011.0,Ethnic,Vishudh Women Cotton Silk Green Kurtas,11805.jpg
58664,Women,Apparel,Topwear,Kurtas,Black,Fall,2012.0,Ethnic,Alayna Women Black & Grey Kurta,58664.jpg
39461,Women,Apparel,Topwear,Kurtis,Beige,Summer,2012.0,Ethnic,Diva Women Printed Beige Kurta,39461.jpg
33967,Women,Apparel,Topwear,Shirts,Black,Summer,2012.0,Casual,Femella Women Black Top,33967.jpg
2937,Women,Apparel,Topwear,Tshirts,Peach,Fall,2010.0,Casual,DUSG Women's Mother & Child Bamboo Sand T-shirt,2937.jpg
28721,Women,Apparel,Topwear,Kurtas,Beige,Summer,2012.0,Ethnic,W Women Printed Beige Kurta,28721.jpg
19066,Women,Apparel,Topwear,Kurtas,Pink,Fall,2011.0,Ethnic,W Women Thread Work Pink Kurta,19066.jpg
20128,Women,Apparel,Topwear,Shirts,Blue,Fall,2011.0,Casual,Wrangler Women Checkerd Blue Shirt,20128.jpg
29297,Women,Apparel,Topwear,Tshirts,Black,Summer,2012.0,Casual,Wrangler Women Birdy Tee Black T-shirt,29297.jpg
43648,Women,Apparel,Topwear,Dresses,Cream,Summer,2012.0,Casual,ONLY Women Cream A-Line Dress,43648.jpg
27903,Women,Apparel,Bottomwear,Trousers,Beige,Summer,2012.0,Formal,Scullers For Her Beige Trousers,27903.jpg
48092,Women,Apparel,Topwear,Tops,Rust,Summer,2012.0,Casual,French Connection Women Rust Top,48092.jpg
39237,Women,Apparel,Topwear,Tops,Yellow,Summer,2012.0,Casual,Femella Women Yellow Top,39237.jpg
12089,Women,Apparel,Topwear,Kurtas,Brown,Fall,2011.0,Ethnic,W Women Brown Printed Kurta,12089.jpg
19653,Women,Apparel,Topwear,Tops,Green,Fall,2011.0,Casual,United Colors of Benetton Women Printed Green Top,19653.jpg
20379,Women,Apparel,Topwear,Sweatshirts,Grey,Fall,2011.0,Sports,Urban Yoga Women Printed Grey Sweatshirt,20379.jpg
28570,Women,Apparel,Topwear,Tshirts,Black,Summer,2012.0,Casual,Nike Women You Wish Black T-shirt,28570.jpg
48495,Women,Apparel,Bottomwear,Trousers,Olive,Winter,2011.0,Casual,French Connection Women Olive Trousers,48495.jpg
28742,Women,Apparel,Topwear,Tops,Brown,Summer,2012.0,Casual,W Women Printed Dark Brown Top,28742.jpg
49775,Women,Apparel,Topwear,Kurtas,Maroon,Summer,2012.0,Ethnic,Alma Women Maroon Printed Kurta,49775.jpg
8452,Women,Apparel,Topwear,Tops,Blue,Fall,2011.0,Casual,Jealous 21 Women Jealous Rain Blue Top Blue Tops,8452.jpg
19005,Women,Apparel,Topwear,Sweatshirts,Grey,Summer,2011.0,Casual,ADIDAS Originals Women F Sleek Trf Grey Sweatshirt,19005.jpg
53815,Women,Apparel,Topwear,Kurtas,White,Fall,2012.0,Ethnic,Ayaany Women White Printed Kurta,53815.jpg
45970,Women,Apparel,Topwear,Tops,Grey Melange,Summer,2012.0,Casual,Tokyo Talkies Women Grey Melange Printed Top,45970.jpg
37934,Women,Apparel,Topwear,Tops,Purple,Summer,2012.0,Casual,Mineral Women Purple Top,37934.jpg
30923,Women,Apparel,Bottomwear,Skirts,Mustard,Summer,2012.0,Ethnic,Fabindia Women Printed Mustard Skirt,30923.jpg
7425,Women,Apparel,Topwear,Tops,Black,Spring,2011.0,Ethnic,W Women's Deep U Neck Sleeveless White Black Top,7425.jpg
43270,Women,Apparel,Topwear,Kurtas,Red,Summer,2012.0,Ethnic,Aneri Women Red Kurta,43270.jpg
57442,Women,Apparel,Topwear,Tshirts,Pink,Summer,2012.0,Casual,Angry Birds Women Pink T-shirt,57442.jpg
36475,Women,Apparel,Topwear,Kurtas,Purple,Summer,2012.0,Ethnic,Aurelia Women Dobby Purple Kurta,36475.jpg
24382,Women,Apparel,Topwear,Kurtas,Maroon,Fall,2011.0,Ethnic,Folklore Women Maroon Printed Kurta,24382.jpg
5140,Women,Apparel,Topwear,Tshirts,Grey,Summer,2011.0,Casual,Wrangler Women's Pinstrupe Grey Melange T-shirt,5140.jpg
51587,Women,Apparel,Bottomwear,Jeans,Navy Blue,Summer,2012.0,Casual,Wrangler Women Navy Blue Molly Jeans,51587.jpg
22075,Women,Apparel,Topwear,Kurtas,Off White,Fall,2011.0,Ethnic,Vishudh Women Self Printed Off White Kurta,22075.jpg
57214,Women,Apparel,Bottomwear,Shorts,Blue,Fall,2012.0,Casual,Kraus Jeans Women Blue Shorts,57214.jpg
33751,Women,Apparel,Topwear,Tops,White,Summer,2012.0,Casual,Vero Moda Women White & Pink Top,33751.jpg
34574,Women,Apparel,Topwear,Tops,Black,Summer,2012.0,Casual,Tonga Women Printed Black Top,34574.jpg
13958,Women,Apparel,Topwear,Tops,Grey,Summer,2011.0,Casual,United Colors of Benetton Women Solid Grey Tops,13958.jpg
43614,Women,Apparel,Topwear,Tunics,Pink,Summer,2012.0,Casual,Vero Moda Women Pink Tunic,43614.jpg
59980,Women,Apparel,Dress,Dresses,Black,Fall,2012.0,Casual,Avirate Black & Cream Dress,59980.jpg
33563,Women,Apparel,Topwear,Tshirts,Yellow,Summer,2012.0,Casual,Wrangler Women Butterfly Yellow T-shirt,33563.jpg
52554,Women,Apparel,Bottomwear,Jeans,Blue,Summer,2012.0,Casual,Pepe Jeans Women Blue Jeans,52554.jpg
41385,Women,Apparel,Topwear,Shirts,Green,Summer,2012.0,Casual,Wrangler Women Green Candy Shirt,41385.jpg
45725,Women,Apparel,Topwear,Kurtas,Blue,Summer,2012.0,Ethnic,Folklore Women Blue Kurta,45725.jpg
34580,Women,Apparel,Topwear,Tops,Black,Summer,2012.0,Casual,Tonga Women Black Top,34580.jpg
26879,Women,Apparel,Topwear,Tops,Blue,Summer,2012.0,Casual,Jealous 21 Women Printed Blue Top,26879.jpg
18578,Women,Apparel,Topwear,Sweatshirts,Black,Fall,2011.0,Casual,Puma Women Black Sweatshirt,18578.jpg
59974,Women,Apparel,Dress,Dresses,Black,Fall,2012.0,Casual,Avirate Black & White Dress,59974.jpg
24520,Women,Apparel,Topwear,Kurtas,Orange,Fall,2011.0,Ethnic,Mother Earth Women Orange  Kurta,24520.jpg
3071,Women,Apparel,Topwear,Tshirts,Blue,Summer,2011.0,Casual,Tantra Women's Shlokas Blue T-shirt,3071.jpg
8499,Women,Apparel,Bottomwear,Skirts,Pink,Fall,2011.0,Casual,Forever New Women Blossom  Pink Printed Skirt,8499.jpg
24376,Women,Apparel,Topwear,Kurtas,Brown,Fall,2011.0,Ethnic,Folklore Women Brown  Kurta,24376.jpg
40633,Women,Apparel,Topwear,Kurtas,Purple,Summer,2012.0,Ethnic,Span Women Purple Kurta,40633.jpg
22081,Women,Apparel,Topwear,Kurtas,Sea Green,Fall,2011.0,Ethnic,Vishudh Women Sea Green Floral Printed Kurta,22081.jpg
30924,Women,Apparel,Bottomwear,Skirts,Beige,Summer,2012.0,Ethnic,Fabindia Women Printed Beige Ghera Skirt,30924.jpg
42538,Women,Apparel,Topwear,Kurtas,Maroon,Summer,2012.0,Ethnic,Mother Earth Women Maroon Kurta,42538.jpg
37933,Women,Apparel,Topwear,Tops,Pink,Summer,2012.0,Casual,Mineral Women Pink Top,37933.jpg
24518,Women,Apparel,Topwear,Kurtas,Purple,Fall,2011.0,Ethnic,Mother Earth Women Purple Printed Kurta,24518.jpg
53812,Women,Apparel,Apparel Set,Kurta Sets,Black,Fall,2012.0,Ethnic,Ayaany Women Black Patiala Kurta Set,53812.jpg
45977,Women,Apparel,Topwear,Tops,Yellow,Summer,2012.0,Casual,Tokyo Talkies Women Yellow Printed Top,45977.jpg
25892,Women,Apparel,Topwear,Tops,Black,Summer,2012.0,Casual,Femella Women Black Spaghetti Top,25892.jpg
48466,Women,Apparel,Dress,Dresses,Black,Winter,2011.0,Party,French Connection Women Black Dress,48466.jpg
45983,Women,Apparel,Topwear,Tops,Blue,Summer,2012.0,Casual,Tokyo Talkies Women Blue Printed Top,45983.jpg
52108,Women,Apparel,Topwear,Kurtas,White,Summer,2012.0,Ethnic,Myntra Women White Floral Printed Kurta,52108.jpg
28745,Women,Apparel,Topwear,Kurtas,Orange,Summer,2012.0,Ethnic,Aurelia Women Printed Orange Kurta,28745.jpg
8455,Women,Apparel,Topwear,Tops,Pink,Fall,2011.0,Casual,Jealous 21 Women Jealous Ran Pink Top Pink Tops,8455.jpg
49772,Women,Apparel,Topwear,Kurtas,White,Summer,2012.0,Ethnic,Alma Women White Kurta,49772.jpg
48492,Women,Apparel,Topwear,Tops,Beige,Winter,2011.0,Casual,French Connection Women Beige Top,48492.jpg
19654,Women,Apparel,Topwear,Tshirts,Black,Summer,2011.0,Casual,United Colors of Benetton Women Printed Black Tshirt,19654.jpg
11439,Women,Apparel,Topwear,Tops,Navy Blue,Fall,2011.0,Casual,United Colors of Benetton Women Solid Navy Blue Top,11439.jpg
15099,Women,Apparel,Topwear,Kurtas,Green,Fall,2011.0,Ethnic,Mother Earth Women Printed Green Kurtas,15099.jpg
36815,Women,Apparel,Topwear,Kurtas,Green,Summer,2012.0,Ethnic,Vishudh Women Olive Vishudh Kurta,36815.jpg
13960,Women,Apparel,Topwear,Tops,Grey,Fall,2011.0,Casual,Jealous 21 Women Stripes Grey Tops,13960.jpg
40634,Women,Apparel,Topwear,Kurtas,Red,Summer,2012.0,Ethnic,Span Women Red Kurta,40634.jpg
24371,Women,Apparel,Topwear,Kurtas,Maroon,Fall,2011.0,Ethnic,Folklore Women Maroon Printed Kurta,24371.jpg
32214,Women,Apparel,Topwear,Kurtas,Black,Summer,2012.0,Ethnic,Fabindia Women Printed Black Kurta,32214.jpg
40406,Women,Apparel,Topwear,Tops,Black,Summer,2012.0,Casual,Tonga Women Black & Grey Top,40406.jpg
21431,Women,Apparel,Bottomwear,Shorts,White,Winter,2012.0,Casual,Roxy Women White Shorts,21431.jpg
59973,Women,Apparel,Dress,Dresses,Navy Blue,Fall,2012.0,Casual,Avirate Women Navy Blue Dress,59973.jpg
10712,Women,Apparel,Topwear,Tshirts,Blue,Fall,2011.0,Casual,Nike Women Casual short sleeve tshirt Blue Tshirts,10712.jpg
41382,Women,Apparel,Topwear,Tops,Pink,Summer,2012.0,Casual,Wrangler Women Blossom Pink Top,41382.jpg
34587,Women,Apparel,Topwear,Tops,Pink,Summer,2012.0,Casual,Tonga Women Pink Printed Top,34587.jpg
59987,Women,Apparel,Dress,Dresses,Black,Fall,2012.0,Casual,Avirate Black Dress,59987.jpg
41144,Women,Apparel,Topwear,Tops,Pink,Summer,2012.0,Casual,Allen Solly Woman Pink Top,41144.jpg
33564,Women,Apparel,Topwear,Tshirts,White,Summer,2012.0,Casual,Wrangler Women Butterfly White T-shirt,33564.jpg
52553,Women,Apparel,Bottomwear,Jeans,Blue,Summer,2012.0,Casual,Pepe Jeans Women Blue Jeans,52553.jpg
41376,Women,Apparel,Topwear,Tops,Blue,Summer,2012.0,Casual,Wrangler Women Kelly Blue Top,41376.jpg
33756,Women,Apparel,Topwear,Tops,Black,Summer,2012.0,Casual,Vero Moda Women Black Top,33756.jpg
34573,Women,Apparel,Topwear,Tops,White,Summer,2012.0,Casual,Tonga Women White Top,34573.jpg
13351,Women,Apparel,Bottomwear,Jeans,Black,Fall,2011.0,Casual,Spykar Women Washed Black Jeans,13351.jpg
28910,Women,Apparel,Topwear,Kurtas,White,Summer,2012.0,Ethnic,BIBA Women White Kurta,28910.jpg
24385,Women,Apparel,Topwear,Kurtas,Off White,Fall,2011.0,Ethnic,Folklore Women Off White Printed Kurta,24385.jpg
5147,Women,Apparel,Topwear,Shirts,Red,Summer,2011.0,Casual,Wrangler Women Ditsy Polka Red Shirt,5147.jpg
22072,Women,Apparel,Topwear,Kurtas,Green,Fall,2011.0,Ethnic,Vishudh Women Printed Green Kurta,22072.jpg
42197,Women,Apparel,Topwear,Tunics,Navy Blue,Summer,2012.0,Casual,Sepia Women Navy Blue Tunic,42197.jpg
7422,Women,Apparel,Topwear,Tops,White,Summer,2011.0,Ethnic,W Women Mandarin Neck Full Sleeve White Top,7422.jpg
57445,Women,Apparel,Topwear,Tshirts,Pink,Summer,2012.0,Casual,Angry Birds Women Pink T-shirt,57445.jpg
10382,Women,Apparel,Topwear,Tops,Grey,Fall,2011.0,Casual,United Colors of Benetton Women Grey Top,10382.jpg
14722,Women,Apparel,Topwear,Shirts,Black,Fall,2011.0,Casual,Scullers For Her Women Casual Shirt Black Shirts,14722.jpg
52137,Women,Apparel,Topwear,Tshirts,Black,Summer,2012.0,Casual,Femella Women Black Polo T-Shirt,52137.jpg
36472,Women,Apparel,Topwear,Kurtas,Green,Summer,2012.0,Ethnic,Aurelia Women Dobby Green Kurta,36472.jpg
8497,Women,Apparel,Bottomwear,Skirts,Cream,Fall,2011.0,Casual,Forever New Women Cameo Skirt Cream Skirts,8497.jpg
45941,Women,Apparel,Topwear,Tops,Black,Summer,2012.0,Casual,Mumbai Slang Women Black Top,45941.jpg
53824,Women,Apparel,Topwear,Tunics,Black,Fall,2012.0,Casual,Ayaanay_Women_New_2013_Tunics_Size_Chart.jpg,53824.jpg
24976,Women,Apparel,Topwear,Tops,Peach,Summer,2012.0,Casual,United Colors of Benetton Women Peach Top,24976.jpg
24378,Women,Apparel,Topwear,Kurtas,Red,Fall,2011.0,Ethnic,Folklore Women Red  Kurta,24378.jpg
35038,Women,Apparel,Topwear,Kurtas,Pink,Summer,2012.0,Ethnic,Fabindia Women Printed Pink Kurta,35038.jpg
59374,Women,Apparel,Topwear,Kurtas,Green,Summer,2012.0,Ethnic,Vishudh Women Green Printed Kurta,59374.jpg
26877,Women,Apparel,Topwear,Tops,Pink,Summer,2012.0,Casual,Jealous 21 Women Printed Pink Top,26877.jpg
30912,Women,Apparel,Topwear,Kurtis,Blue,Summer,2012.0,Ethnic,Fabindia Women Blue Solid Kurti,30912.jpg
46992,Women,Apparel,Topwear,Kurtas,Multi,Summer,2012.0,Ethnic,Shree Women Multi Coloured Kurta,46992.jpg
18744,Women,Apparel,Topwear,Shirts,Blue,Fall,2011.0,Casual,Arrow Woman Cameron Blue Shirt,18744.jpg
20348,Women,Apparel,Topwear,Tunics,Purple,Fall,2011.0,Casual,Scullers For Her Women Solid Purple Tunic,20348.jpg
59380,Women,Apparel,Topwear,Kurtas,Blue,Summer,2012.0,Ethnic,Vishudh Women Blue Printed Kurta,59380.jpg
26883,Women,Apparel,Topwear,Tshirts,Green,Summer,2012.0,Casual,Jealous 21 Women Printed Green T-shirt,26883.jpg
13956,Women,Apparel,Topwear,Tops,White,Summer,2011.0,Casual,United Colors of Benetton Women Solid White Tops,13956.jpg
57028,Women,Apparel,Topwear,Tops,Red,Summer,2012.0,Casual,Forever New Women Red Top,57028.jpg
21894,Women,Apparel,Topwear,Kurtas,Purple,Fall,2011.0,Ethnic,BIBA Women sequin Purple Kurta,21894.jpg
28773,Women,Apparel,Topwear,Kurtis,Green,Summer,2012.0,Ethnic,Aurelia Women Printed Green Kurti,28773.jpg
8463,Women,Apparel,Topwear,Tops,Pink,Fall,2011.0,Casual,Jealous 21 Women Jealous Paiva Pink Tops,8463.jpg
25850,Women,Apparel,Topwear,Kurtis,Red,Summer,2012.0,Ethnic,Diva Women Printed Red Kurti,25850.jpg
24511,Women,Apparel,Topwear,Kurtas,Pink,Fall,2011.0,Ethnic,Mother Earth Women Pink Printed Kurta,24511.jpg
12073,Women,Apparel,Topwear,Kurtas,Black,Fall,2011.0,Ethnic,W Women Printed Black Kurtas,12073.jpg
42531,Women,Apparel,Topwear,Kurtis,White,Summer,2012.0,Ethnic,Mother Earth Women White Kurti,42531.jpg
32222,Women,Apparel,Topwear,Kurtas,Green,Summer,2012.0,Ethnic,Fabindia Women Striped Green Kurta,32222.jpg
40602,Women,Apparel,Topwear,Kurtas,Green,Summer,2012.0,Ethnic,Span Women Green Kurta,40602.jpg
24347,Women,Apparel,Topwear,Tshirts,Green,Fall,2011.0,Casual,ADIDAS Women Green T-shirt,24347.jpg
24175,Women,Apparel,Topwear,Kurtis,Olive,Fall,2011.0,Ethnic,Aurelia Women Olive Kurti,24175.jpg
10340,Women,Apparel,Topwear,Tshirts,Green,Fall,2011.0,Casual,United Colors of Benetton Women Green Polo T-shirt,10340.jpg
40430,Women,Apparel,Dress,Dresses,Grey,Summer,2012.0,Casual,Tonga Women Grey Dress,40430.jpg
15632,Women,Apparel,Bottomwear,Track Pants,Black,Summer,2012.0,Sports,Nike Women AS Regular DF Cotton Black Track Pants,15632.jpg
4265,Women,Apparel,Topwear,Tshirts,Pink,Summer,2011.0,Casual,Jealous 21 Women Plain Pink Top,4265.jpg
24949,Women,Apparel,Topwear,Tshirts,Peach,Summer,2012.0,Casual,United Colors of Benetton Women Peach T-shirt,24949.jpg
6532,Women,Apparel,Bottomwear,Skirts,Pink,Summer,2011.0,Sports,Nike Women's Border Pink Skirt,6532.jpg
31695,Women,Apparel,Topwear,Kurtas,Purple,Summer,2012.0,Ethnic,Folklore Women Printed Purple Kurta,31695.jpg
22044,Women,Apparel,Topwear,Kurtas,Green,Fall,2011.0,Ethnic,Vishudh Women Printed Green Kurta,22044.jpg
16271,Women,Apparel,Topwear,Tops,White,Fall,2011.0,Casual,Tokyo Talkies Women Printed White Top,16271.jpg
31453,Women,Apparel,Topwear,Tshirts,Black,Summer,2012.0,Sports,Nike Women Tennis Black T-shirt,31453.jpg
5171,Women,Apparel,Topwear,Tops,Red,Summer,2011.0,Casual,Wrangler Women's Short Placket Red Tops,5171.jpg
52101,Women,Apparel,Topwear,Kurtas,White,Summer,2012.0,Ethnic,Myntra Women White Printed Kurta,52101.jpg
7414,Women,Apparel,Topwear,Kurtas,Black,Summer,2011.0,Ethnic,W Women V Neck Sleeve Black Kurta,7414.jpg
42393,Women,Apparel,Topwear,Tshirts,White,Summer,2012.0,Casual,Flying Machine Women White T-shirt,42393.jpg
41172,Women,Apparel,Topwear,Shirts,Orange,Summer,2012.0,Casual,Allen Solly Woman Orange Shirt,41172.jpg
11602,Women,Apparel,Topwear,Kurtas,Grey,Summer,2011.0,Ethnic,W Women Solid Grey Kurtas,11602.jpg
47285,Women,Apparel,Topwear,Tshirts,Peach,Summer,2012.0,Casual,Myntra Women Pack of 3 T-shirts,47285.jpg
12087,Women,Apparel,Topwear,Kurtas,White,Fall,2011.0,Ethnic,W Women Printed White Kurtas,12087.jpg
43625,Women,Apparel,Dress,Dresses,Black,Summer,2012.0,Casual,Vero Moda Women Black Printed Shift Dress,43625.jpg
54692,Women,Apparel,Topwear,Kurtas,Multi,Fall,2012.0,Ethnic,Shree Women Multicoloured Printed Kurta,54692.jpg
33760,Women,Apparel,Topwear,Tops,White,Summer,2012.0,Casual,Vero Moda Women Viva White Top,33760.jpg
11430,Women,Apparel,Topwear,Tshirts,Brown,Fall,2011.0,Casual,United Colors of Benetton Women Brown T-shirt,11430.jpg
20377,Women,Apparel,Topwear,Jackets,Pink,Fall,2011.0,Casual,Urban Yoga Women Solid Pink Jacket,20377.jpg
1989,Women,Apparel,Topwear,Tshirts,Black,Fall,2010.0,Sports,ADIDAS Womens Black Tank Fitted T-shirt,1989.jpg
5149,Women,Apparel,Topwear,Tshirts,White,Summer,2011.0,Casual,Wrangler Women's Sequin White T-shirt,5149.jpg
42199,Women,Apparel,Topwear,Tops,Blue,Summer,2012.0,Casual,Sepia Women Blue Checked Top,42199.jpg
28774,Women,Apparel,Topwear,Kurtis,Red,Summer,2012.0,Ethnic,Aurelia Women Printed Red Kurti,28774.jpg
17995,Women,Apparel,Bottomwear,Track Pants,Grey,Summer,2010.0,Sports,Puma Women Essential Skinny Grey Track Pant,17995.jpg
52139,Women,Apparel,Topwear,Tshirts,Orange,Summer,2012.0,Casual,Femella Women Orange Polo T-Shirt,52139.jpg
59989,Women,Apparel,Dress,Dresses,Black,Fall,2012.0,Party,Avirate Women Black Dress,59989.jpg
21893,Women,Apparel,Topwear,Kurtas,Red,Fall,2011.0,Ethnic,BIBA Women Printed Red Kurta,21893.jpg
33758,Women,Apparel,Topwear,Tops,Pink,Summer,2012.0,Casual,Vero Moda Women Polly Pink Top,33758.jpg
41378,Women,Apparel,Topwear,Tops,Black,Summer,2012.0,Casual,Wrangler Women Maria Black Top,41378.jpg
59373,Women,Apparel,Topwear,Kurtas,Beige,Summer,2012.0,Ethnic,Vishudh Women Beige Printed Kurta,59373.jpg
26870,Women,Apparel,Topwear,Tshirts,Black,Summer,2012.0,Casual,Jealous 21 Women Printed Black T-shirt,26870.jpg
30915,Women,Apparel,Topwear,Kurtis,Orange,Summer,2012.0,Ethnic,Fabindia Women Orange Kurti,30915.jpg
34589,Women,Apparel,Topwear,Tops,Magenta,Summer,2012.0,Casual,Tonga Women Printed Magenta Top,34589.jpg
46995,Women,Apparel,Topwear,Kurtas,Pink,Fall,2012.0,Ethnic,Shree Women Pink & Blue Kurta,46995.jpg
42509,Women,Apparel,Topwear,Kurtas,Beige,Summer,2012.0,Ethnic,Mother Earth Women Beige Kurta,42509.jpg
18743,Women,Apparel,Topwear,Tops,Orange,Fall,2011.0,Casual,Arrow Woman Cameron Orange Top,18743.jpg
11098,Women,Apparel,Bottomwear,Leggings,Purple,Fall,2011.0,Ethnic,Scullers Women Solid Purple Leggings,11098.jpg
8490,Women,Apparel,Topwear,Tops,White,Fall,2011.0,Casual,Forever New Women White Lace  Top,8490.jpg
45946,Women,Apparel,Topwear,Tshirts,White,Summer,2012.0,Casual,Tokyo Talkies Women White & Pink T-shirt,45946.jpg
40408,Women,Apparel,Topwear,Tops,Brown,Summer,2012.0,Casual,Tonga Women Brown & Beige Top,40408.jpg
53823,Women,Apparel,Topwear,Tunics,White,Fall,2012.0,Casual,Ayaanay Women White Printed Tunic,53823.jpg
18788,Women,Apparel,Topwear,Shirts,Blue,Fall,2011.0,Casual,Arrow Woman Celesta Blue Shirt,18788.jpg
25602,Women,Apparel,Apparel Set,Kurta Sets,Green,Fall,2011.0,Ethnic,Vishudh Women Green & Purple Churidar Kurta with Dupatta,25602.jpg
11437,Women,Apparel,Topwear,Tops,Purple,Fall,2011.0,Casual,United Colors of Benetton Women Light Winter Purple Tops,11437.jpg
15097,Women,Apparel,Topwear,Kurtas,Pink,Fall,2011.0,Ethnic,Mother Earth Women Printed Pink Kurtas,15097.jpg
33555,Women,Apparel,Topwear,Tshirts,Blue,Summer,2012.0,Casual,Wrangler Women Summer of Love Blue T-shirt,33555.jpg
11605,Women,Apparel,Topwear,Kurtis,Blue,Summer,2011.0,Ethnic,W Women Solid Denim Blue Kurtis,11605.jpg
12080,Women,Apparel,Topwear,Kurtas,Yellow,Fall,2011.0,Ethnic,W Women Printed Yellow Kurtas,12080.jpg
54695,Women,Apparel,Topwear,Kurtas,Pink,Fall,2012.0,Ethnic,Shree Women Pink Printed Kurta,54695.jpg
6999,Women,Apparel,Topwear,Tshirts,Magenta,Summer,2011.0,Casual,s.Oliver Women Meganta Printed T-Shirt,6999.jpg
43622,Women,Apparel,Topwear,Tops,Grey,Summer,2012.0,Casual,Vero Moda Women Grey Top,43622.jpg
52106,Women,Apparel,Topwear,Kurtas,Grey,Summer,2012.0,Ethnic,Myntra Women Grey Printed Kurta,52106.jpg
7413,Women,Apparel,Topwear,Kurtas,Pink,Summer,2011.0,Ethnic,W Women Short Sleeve Pink Kurta,7413.jpg
42394,Women,Apparel,Topwear,Tshirts,Purple,Summer,2012.0,Casual,Flying Machine Women Purple T-shirt,42394.jpg
22043,Women,Apparel,Topwear,Kurtas,Brown,Fall,2011.0,Ethnic,Vishudh Women Printed Brown Kurta,22043.jpg
31454,Women,Apparel,Bottomwear,Skirts,Black,Summer,2012.0,Sports,Nike Women Tennis Black Skirt,31454.jpg
45979,Women,Apparel,Topwear,Tops,Peach,Summer,2012.0,Casual,Tokyo Talkies Women Peach Printed Top,45979.jpg
40437,Women,Apparel,Topwear,Kurtas,Brown,Summer,2012.0,Ethnic,La-Emotio Women Brown Kurta,40437.jpg
24172,Women,Apparel,Topwear,Kurtis,Red,Fall,2011.0,Ethnic,Aurelia Women Reddish Pink Printed Kurti,24172.jpg
43080,Women,Apparel,Topwear,Tops,Green,Summer,2012.0,Sports,Nike Womens Moss Green Top,43080.jpg
48468,Women,Apparel,Dress,Dresses,Mauve,Summer,2012.0,Casual,French Connection Mauve Dress,48468.jpg
32225,Women,Apparel,Topwear,Kurtas,Red,Summer,2012.0,Ethnic,Fabindia Women Red Striped Kurta,32225.jpg
40605,Women,Apparel,Topwear,Kurtas,Teal,Summer,2012.0,Ethnic,Span Women Teal Kurta,40605.jpg
42536,Women,Apparel,Topwear,Kurtas,Multi,Summer,2012.0,Ethnic,Mother Earth Women Multi Coloured Kurta,42536.jpg
10511,Women,Apparel,Topwear,Tops,Black,Fall,2011.0,Casual,Flying Machine Women RN Black Tshirts,10511.jpg
32641,Women,Apparel,Topwear,Tshirts,Orange,Summer,2012.0,Sports,Nike Women Orange Striped Polo T-shirt,32641.jpg
38149,Women,Apparel,Topwear,Tshirts,Green,Summer,2015.0,Casual,Wildcraft Women Printed Green T-shirt,38149.jpg
24516,Women,Apparel,Topwear,Kurtas,Black,Fall,2011.0,Ethnic,Mother Earth Women Black Printed Kurta,24516.jpg
3423,Women,Apparel,Topwear,Tshirts,Black,Summer,2011.0,Casual,Myntra Women's I Only Give Negative Feedback Black T-shirt,3423.jpg
12074,Women,Apparel,Topwear,Kurtas,White,Fall,2011.0,Ethnic,W Women Printed White Kurtas,12074.jpg
43676,Women,Apparel,Dress,Dresses,Green,Summer,2012.0,Casual,French Connection Women Mint Green Dress,43676.jpg
9985,Women,Apparel,Topwear,Tshirts,Blue,Fall,2011.0,Sports,Nike Women As Jdi Pixels Blue T-Shirts,9985.jpg
5774,Women,Apparel,Topwear,Tops,White,Summer,2011.0,Casual,Jealous 21 Women's White Sleeveless Graphic Top,5774.jpg
20116,Women,Apparel,Topwear,Kurtis,Red,Fall,2011.0,Ethnic,Diva Women Printed Red Kurti,20116.jpg
52536,Women,Apparel,Bottomwear,Jeans,Grey,Summer,2012.0,Casual,Pepe Jeans Women Grey Jeans,52536.jpg
57044,Women,Apparel,Dress,Dresses,Black,Summer,2012.0,Party,Elle Women Black Dress,57044.jpg
20324,Women,Apparel,Topwear,Kurtas,White,Summer,2011.0,Ethnic,Mother Earth Women Printed White Kurta,20324.jpg
41313,Women,Apparel,Bottomwear,Leggings,White,Summer,2012.0,Ethnic,Aurelia Women White Leggings,41313.jpg
27101,Women,Apparel,Topwear,Kurtas,Yellow,Summer,2012.0,Ethnic,Aneri Women Madhuri Yellow Kurta,27101.jpg
28975,Women,Apparel,Apparel Set,Kurta Sets,Blue,Summer,2012.0,Ethnic,Biba Women Blue Churidar Kurta with Dupatta,28975.jpg
7211,Women,Apparel,Topwear,Tunics,Black,Fall,2011.0,Casual,Scullers For Her Women Layered Tunics Black Top,7211.jpg
5122,Women,Apparel,Topwear,Tshirts,Peach,Summer,2011.0,Casual,Wrangler Women's Striped Peach T-shirt,5122.jpg
41777,Women,Apparel,Topwear,Tops,Pink,Summer,2012.0,Casual,Remanika Women Pink Top,41777.jpg
2307,Women,Apparel,Topwear,Tshirts,Purple,Fall,2010.0,Sports,Nike Women Purple Polo T-shirt,2307.jpg
22017,Women,Apparel,Topwear,Kurtas,Pink,Fall,2011.0,Ethnic,Vishudh Women Printed Pink Kurta,22017.jpg
19058,Women,Apparel,Topwear,Kurtas,Rust,Fall,2011.0,Ethnic,Aurelia Women Solid Rust Kurta,19058.jpg
6595,Women,Apparel,Topwear,Tops,Black,Summer,2011.0,Casual,Spykar Women's Black Top,6595.jpg
22225,Women,Apparel,Topwear,Tshirts,Black,Fall,2011.0,Casual,Little Miss Women Giggles Black T-shirt,22225.jpg
33959,Women,Apparel,Bottomwear,Leggings,Grey,Summer,2012.0,Casual,Femella Women Grey Leggings,33959.jpg
11235,Women,Apparel,Bottomwear,Jeans,Blue,Fall,2011.0,Casual,Flying Machine Women Midrise Blue Jeans,11235.jpg
57420,Women,Apparel,Topwear,Tshirts,Black,Summer,2012.0,Casual,Angry Birds Women Black T-shirt,57420.jpg
33165,Women,Apparel,Topwear,Tops,Blue,Summer,2012.0,Casual,Sepia Women Blue Top,33165.jpg
41783,Women,Apparel,Topwear,Tunics,Purple,Summer,2012.0,Casual,Remanika Women Purple Tunic,41783.jpg
32271,Women,Apparel,Topwear,Kurtas,Green,Summer,2012.0,Ethnic,Vishudh Women Printed Green Kurta,32271.jpg
40651,Women,Apparel,Topwear,Kurtas,Olive,Summer,2012.0,Ethnic,Span Women Olive Green Kurta,40651.jpg
23303,Women,Apparel,Bottomwear,Leggings,Maroon,Fall,2011.0,Ethnic,W Women Solid Maroon Leggings,23303.jpg
35266,Women,Apparel,Topwear,Tops,Navy Blue,Summer,2012.0,Casual,Lee Women Kylie Navy Blue Top,35266.jpg
21454,Women,Apparel,Topwear,Tshirts,Black,Winter,2012.0,Casual,Roxy Women Black T-shirt,21454.jpg
24126,Women,Apparel,Topwear,Tshirts,Blue,Fall,2011.0,Casual,ADIDAS Women Printed Blue T-shirt,24126.jpg
33191,Women,Apparel,Topwear,Tunics,Pink,Summer,2012.0,Casual,Sepia Women Printed Pink Tunic,33191.jpg
6105,Women,Apparel,Topwear,Tshirts,White,Summer,2011.0,Casual,UCB Women's Basic V Neck White T-shirt,6105.jpg
5780,Women,Apparel,Topwear,Tops,Purple,Summer,2011.0,Casual,Jealous 21 Women. Graphic Purple Top,5780.jpg
53410,Women,Apparel,Topwear,Kurtas,Blue,Fall,2012.0,Ethnic,Alma Women Blue & Green Printed Kurta,53410.jpg
10777,Women,Apparel,Topwear,Jackets,Purple,Summer,2011.0,Sports,Nike Women Hooded Purple Jacket,10777.jpg
24542,Women,Apparel,Topwear,Tops,Black,Fall,2011.0,Ethnic,Mother Earth Women Black Printed Top,24542.jpg
59916,Women,Apparel,Topwear,Kurtas,Brown,Summer,2012.0,Ethnic,Diva Women Brown Kurta,59916.jpg
44695,Women,Apparel,Topwear,Tunics,Red,Fall,2012.0,Casual,Wills Lifestyle Women Pink & Blue Striped Lina Tunic,44695.jpg
42562,Women,Apparel,Topwear,Tops,Olive,Summer,2012.0,Casual,Mother Earth Women Olive Top,42562.jpg
28981,Women,Apparel,Apparel Set,Kurta Sets,Cream,Summer,2012.0,Ethnic,Biba Outlet Women Cream-Coloured Printed  Churidar Kurta with Dupatta,28981.jpg
30142,Women,Apparel,Topwear,Tshirts,Green,Summer,2012.0,Casual,Flying Machine Women Printed Green T-shirt,30142.jpg
47010,Women,Apparel,Topwear,Kurtas,Green,Summer,2012.0,Ethnic,Shree Women Green Kurta,47010.jpg
33966,Women,Apparel,Topwear,Tops,Black,Summer,2012.0,Casual,Femella Women Black Top,33966.jpg
39460,Women,Apparel,Topwear,Kurtas,White,Summer,2012.0,Ethnic,Diva Women White Printed Kurta,39460.jpg
19067,Women,Apparel,Topwear,Kurtas,Green,Fall,2011.0,Ethnic,W Women Block Print Green Kurta,19067.jpg
2936,Women,Apparel,Topwear,Tshirts,Maroon,Fall,2010.0,Casual,DUSG Women's Red Polo T-shirt,2936.jpg
28720,Women,Apparel,Topwear,Kurtas,White,Summer,2012.0,Ethnic,W Women White Printed Kurta,28720.jpg
11804,Women,Apparel,Topwear,Kurtas,Red,Fall,2011.0,Ethnic,Vishudh Women Pigment Print Red Kurtas,11804.jpg
11038,Women,Apparel,Topwear,Tops,Brown,Fall,2011.0,Casual,Jealous 21 Women Check Brown Tops,11038.jpg
48093,Women,Apparel,Topwear,Shirts,Blue,Summer,2012.0,Casual,French Connection Women Blue Shirt,48093.jpg
27902,Women,Apparel,Bottomwear,Trousers,Black,Summer,2012.0,Casual,Scullers For Her Women Black Trousers,27902.jpg
39236,Women,Apparel,Topwear,Tops,Pink,Summer,2012.0,Casual,Femella Women Pink Layered Frilly Chiffon Top,39236.jpg
20129,Women,Apparel,Topwear,Shirts,Purple,Fall,2011.0,Casual,Wrangler Women Belted Purple Shirt,20129.jpg
24589,Women,Apparel,Topwear,Kurtas,Brown,Fall,2011.0,Ethnic,Vishudh Women Brown Printed Kurta,24589.jpg
43649,Women,Apparel,Topwear,Tunics,Blue,Summer,2012.0,Casual,ONLY Women Blue Tunic,43649.jpg
29296,Women,Apparel,Topwear,Tshirts,Black,Summer,2012.0,Casual,Wrangler Women Printed Black T-shirt,29296.jpg
18717,Women,Apparel,Topwear,Tops,Black,Fall,2011.0,Casual,Arrow Woman Victoria Black Top,18717.jpg
9340,Women,Apparel,Topwear,Tops,Black,Fall,2011.0,Casual,Puma Women blink blink Black Tops,9340.jpg
30941,Women,Apparel,Topwear,Tunics,Rust,Summer,2012.0,Ethnic,Fabindia Women Rust Printed Tunic,30941.jpg
45778,Women,Apparel,Topwear,Tunics,Pink,Summer,2012.0,Casual,Remanika Women Pink Tunic,45778.jpg
15834,Women,Apparel,Topwear,Kurtas,Cream,Fall,2011.0,Ethnic,Visudh Cream Printed Ethnic Kurta,15834.jpg
59929,Women,Apparel,Topwear,Kurtas,Multi,Summer,2012.0,Ethnic,Diva Women Multi Coloured Kurta,59929.jpg
6906,Women,Apparel,Topwear,Tshirts,Red,Summer,2011.0,Casual,Tantra Women's Cool Red T-shirt,6906.jpg
24925,Women,Apparel,Topwear,Tops,Navy Blue,Summer,2012.0,Casual,United Colors of Benetton Women Navy Blue Top,24925.jpg
19093,Women,Apparel,Topwear,Kurtis,Sea Green,Fall,2011.0,Ethnic,W Women Solid Sea Green Kurti,19093.jpg
35259,Women,Apparel,Topwear,Shirts,Blue,Summer,2012.0,Casual,Lee Women Jane Blue Striped Shirt,35259.jpg
58691,Women,Apparel,Topwear,Kurtas,Green,Summer,2012.0,Ethnic,ALayna Women Green Kurta,58691.jpg
44692,Women,Apparel,Topwear,Tunics,White,Summer,2012.0,Casual,Wills Lifestyle Women White Tunic,44692.jpg
42565,Women,Apparel,Topwear,Tops,Green,Summer,2012.0,Casual,Mother Earth Women Green Top,42565.jpg
30145,Women,Apparel,Topwear,Tshirts,White,Summer,2012.0,Casual,Flying Machine Women Printed White T-shirt,30145.jpg
28986,Women,Apparel,Apparel Set,Kurta Sets,Orange,Summer,2012.0,Ethnic,Biba Outlet Women Orange & White Printed Churidar Kurta with Dupatta,28986.jpg
47017,Women,Apparel,Topwear,Kurtas,Red,Summer,2012.0,Ethnic,Shree Women Red Chevron Stripe Kurta,47017.jpg
53417,Women,Apparel,Topwear,Kurtas,Teal,Fall,2012.0,Ethnic,Alma Women Teal Kurta,53417.jpg
5787,Women,Apparel,Topwear,Tshirts,Orange,Summer,2011.0,Casual,Jealous 21 Women's Orange Rose T-shirt,5787.jpg
24545,Women,Apparel,Topwear,Tops,Red,Fall,2011.0,Ethnic,Mother Earth Women Red Printed Top,24545.jpg
59911,Women,Apparel,Topwear,Kurtas,Cream,Summer,2012.0,Ethnic,Diva Women Cream Kurta,59911.jpg
23304,Women,Apparel,Topwear,Kurtas,Blue,Fall,2011.0,Ethnic,W Women Blue Printed Kurta,23304.jpg
35261,Women,Apparel,Topwear,Tops,White,Summer,2012.0,Casual,Lee Women Jennifer White Top,35261.jpg
32878,Women,Apparel,Topwear,Tops,Orange,Summer,2012.0,Casual,Allen Solly Woman Striped Orange Top,32878.jpg
21453,Women,Apparel,Topwear,Tshirts,Black,Winter,2012.0,Casual,Roxy Women Black Printed T-Shirt,21453.jpg
33196,Women,Apparel,Topwear,Tunics,Purple,Summer,2012.0,Casual,Sepia WomenPurple Printed Tunic,33196.jpg
32276,Women,Apparel,Topwear,Kurtas,Olive,Summer,2012.0,Ethnic,Vishudh Women Printed Olive Kurta,32276.jpg
41784,Women,Apparel,Dress,Dresses,Purple,Summer,2012.0,Casual,Remanika Women Purple Dress,41784.jpg
40656,Women,Apparel,Topwear,Kurtas,Magenta,Summer,2012.0,Ethnic,Span Women Magenta Kurta,40656.jpg
23136,Women,Apparel,Topwear,Sweatshirts,Blue,Fall,2011.0,Casual,Quechua Women Fleece  Blue Sweatshirt,23136.jpg
6592,Women,Apparel,Topwear,Tshirts,Grey,Summer,2011.0,Casual,Spykar Women's World Sweet Things White T-shirt,6592.jpg
